# t,x,y,z,pose_age
1790846278.9539,0.8362,0.9563,0.0533,0.0111
1790846279.0042,0.8362,0.9563,0.0533,0.0211
1790846279.0544,0.8363,0.9563,0.0535,0.0113
1790846279.1046,0.8369,0.9561,0.0540,0.0018
1790846279.1548,0.8370,0.9562,0.0539,0.0121
1790846279.2051,0.8370,0.9562,0.0540,0.0024
1790846279.2553,0.8370,0.9562,0.0539,0.0122
1790846279.3055,0.8370,0.9562,0.0539,0.0029
1790846279.3557,0.8371,0.9563,0.0539,0.0128
1790846279.4060,0.8370,0.9563,0.0539,0.0032
1790846279.4561,0.8370,0.9563,0.0539,0.0133
1790846279.5064,0.8371,0.9563,0.0539,0.0039
1790846279.5566,0.8371,0.9563,0.0539,0.0139
1790846279.6068,0.8371,0.9563,0.0539,0.0042
1790846279.6570,0.8371,0.9563,0.0539,0.0143
1790846279.7072,0.8371,0.9563,0.0540,0.0042
1790846279.7574,0.8371,0.9563,0.0540,0.0148
1790846279.8077,0.8371,0.9563,0.0539,0.0050
1790846279.8578,0.8371,0.9563,0.0540,0.0149
1790846279.9081,0.8371,0.9563,0.0540,0.0038
1790846279.9582,0.8372,0.9563,0.0540,0.0153
1790846280.0084,0.8372,0.9563,0.0542,0.0046
1790846280.0586,0.8373,0.9563,0.0546,0.0156
1790846280.1089,0.8376,0.9564,0.0554,0.0061
1790846280.1591,0.8379,0.9566,0.0559,0.0164
1790846280.2093,0.8390,0.9569,0.0577,0.0059
1790846280.2595,0.8403,0.9572,0.0599,0.0169
1790846280.3098,0.8427,0.9578,0.0647,0.0067
1790846280.3600,0.8447,0.9582,0.0691,0.0176
1790846280.4101,0.8475,0.9586,0.0776,0.0064
1790846280.4604,0.8489,0.9588,0.0843,0.0175
1790846280.5106,0.8501,0.9590,0.0958,0.0076
1790846280.5608,0.8499,0.9591,0.1042,0.0183
1790846280.6109,0.8479,0.9592,0.1178,0.0067
1790846280.6611,0.8457,0.9594,0.1274,0.0186
1790846280.7114,0.8414,0.9598,0.1429,0.0087
1790846280.7616,0.8384,0.9602,0.1540,0.0189
1790846280.8118,0.8338,0.9608,0.1722,0.0092
1790846280.8620,0.8310,0.9612,0.1856,0.0195
1790846280.9121,0.8273,0.9619,0.2074,0.0070
1790846280.9624,0.8244,0.9627,0.2317,0.0000
1790846281.0125,0.8230,0.9633,0.2494,0.0094
1790846281.0627,0.8216,0.9644,0.2783,0.0002
1790846281.1129,0.8211,0.9652,0.2992,0.0104
1790846281.1631,0.8206,0.9668,0.3330,0.0000
1790846281.2132,0.8204,0.9680,0.3571,0.0102
1790846281.2635,0.8202,0.9701,0.3955,0.0009
1790846281.3137,0.8202,0.9715,0.4224,0.0111
1790846281.3639,0.8199,0.9736,0.4644,0.0014
1790846281.4141,0.8198,0.9752,0.4934,0.0115
1790846281.4643,0.8198,0.9770,0.5378,0.0014
1790846281.5146,0.8200,0.9782,0.5679,0.0116
1790846281.5648,0.8205,0.9792,0.6134,0.0023
1790846281.6150,0.8208,0.9793,0.6439,0.0120
1790846281.6652,0.8215,0.9783,0.6896,0.0024
1790846281.7154,0.8221,0.9772,0.7198,0.0129
1790846281.7657,0.8228,0.9747,0.7647,0.0032
1790846281.8159,0.8236,0.9727,0.7940,0.0131
1790846281.8661,0.8249,0.9694,0.8370,0.0037
1790846281.9163,0.8259,0.9671,0.8651,0.0127
1790846281.9664,0.8277,0.9638,0.9057,0.0025
1790846282.0167,0.8290,0.9617,0.9317,0.0143
1790846282.0669,0.8311,0.9590,0.9690,0.0043
1790846282.1171,0.8323,0.9574,0.9931,0.0145
1790846282.1674,0.8340,0.9562,1.0271,0.0036
1790846282.2176,0.8349,0.9560,1.0486,0.0149
1790846282.2678,0.8360,0.9566,1.0789,0.0052
1790846282.3180,0.8365,0.9574,1.0978,0.0150
1790846282.3682,0.8372,0.9593,1.1245,0.0048
1790846282.4184,0.8373,0.9610,1.1410,0.0156
1790846282.4686,0.8376,0.9637,1.1638,0.0063
1790846282.5188,0.8376,0.9657,1.1778,0.0158
1790846282.5690,0.8375,0.9684,1.1973,0.0067
1790846282.6192,0.8376,0.9700,1.2091,0.0167
1790846282.6694,0.8377,0.9722,1.2252,0.0072
1790846282.7197,0.8378,0.9733,1.2350,0.0165
1790846282.7699,0.8383,0.9744,1.2481,0.0065
1790846282.8201,0.8386,0.9747,1.2560,0.0175
1790846282.8703,0.8394,0.9748,1.2665,0.0075
1790846282.9204,0.8398,0.9743,1.2728,0.0180
1790846282.9707,0.8406,0.9736,1.2810,0.0074
1790846283.0209,0.8412,0.9728,1.2858,0.0177
1790846283.0710,0.8421,0.9714,1.2920,0.0086
1790846283.1212,0.8424,0.9702,1.2955,0.0177
1790846283.1714,0.8427,0.9684,1.3001,0.0089
1790846283.2215,0.8427,0.9670,1.3028,0.0190
1790846283.2718,0.8422,0.9649,1.3061,0.0093
1790846283.3220,0.8416,0.9635,1.3078,0.0150
1790846283.3723,0.8401,0.9617,1.3099,0.0097
1790846283.4224,0.8384,0.9604,1.3115,0.0000
1790846283.4726,0.8370,0.9598,1.3122,0.0100
1790846283.5229,0.8347,0.9593,1.3131,0.0000
1790846283.5730,0.8333,0.9592,1.3137,0.0100
1790846283.6231,0.8309,0.9601,1.3144,0.0000
1790846283.6733,0.8293,0.9611,1.3147,0.0108
1790846283.7234,0.8271,0.9627,1.3151,0.0010
1790846283.7736,0.8255,0.9643,1.3153,0.0112
1790846283.8238,0.8237,0.9669,1.3157,0.0015
1790846283.8740,0.8227,0.9686,1.3160,0.0115
1790846283.9242,0.8214,0.9710,1.3165,0.0017
1790846283.9745,0.8209,0.9726,1.3168,0.0123
1790846284.0248,0.8212,0.9743,1.3173,0.0024
1790846284.0750,0.8215,0.9750,1.3175,0.0082
1790846284.1253,0.8224,0.9759,1.3179,0.0025
1790846284.1755,0.8234,0.9761,1.3180,0.0131
1790846284.2257,0.8251,0.9759,1.3181,0.0033
1790846284.2758,0.8263,0.9754,1.3181,0.0133
1790846284.3260,0.8283,0.9742,1.3177,0.0035
1790846284.3762,0.8298,0.9732,1.3172,0.0139
1790846284.4264,0.8317,0.9715,1.3164,0.0040
1790846284.4767,0.8333,0.9701,1.3155,0.0141
1790846284.5269,0.8350,0.9686,1.3138,0.0047
1790846284.5771,0.8362,0.9674,1.3128,0.0144
1790846284.6273,0.8378,0.9658,1.3111,0.0047
1790846284.6775,0.8385,0.9646,1.3100,0.0142
1790846284.7278,0.8392,0.9627,1.3082,0.0051
1790846284.7779,0.8393,0.9611,1.3070,0.0138
1790846284.8281,0.8391,0.9584,1.3053,0.0058
1790846284.8783,0.8387,0.9565,1.3041,0.0155
1790846284.9286,0.8379,0.9531,1.3025,0.0059
1790846284.9789,0.8373,0.9507,1.3015,0.0165
1790846285.0291,0.8364,0.9469,1.2999,0.0068
1790846285.0793,0.8358,0.9443,1.2991,0.0169
1790846285.1296,0.8350,0.9405,1.2980,0.0072
1790846285.1799,0.8345,0.9379,1.2973,0.0175
1790846285.2300,0.8337,0.9343,1.2965,0.0077
1790846285.2803,0.8332,0.9319,1.2960,0.0177
1790846285.3304,0.8323,0.9283,1.2952,0.0080
1790846285.3807,0.8317,0.9260,1.2947,0.0185
1790846285.4310,0.8306,0.9225,1.2941,0.0085
1790846285.4812,0.8299,0.9205,1.2935,0.0174
1790846285.5314,0.8283,0.9168,1.2929,0.0090
1790846285.5816,0.8272,0.9140,1.2924,0.0191
1790846285.6318,0.8253,0.9095,1.2916,0.0094
1790846285.6820,0.8237,0.9061,1.2911,0.0196
1790846285.7323,0.8215,0.9003,1.2903,0.0098
1790846285.7825,0.8197,0.8960,1.2898,0.0201
1790846285.8328,0.8165,0.8888,1.2891,0.0104
1790846285.8831,0.8130,0.8806,1.2883,0.0006
1790846285.9333,0.8102,0.8748,1.2880,0.0109
1790846285.9835,0.8057,0.8651,1.2874,0.0013
1790846286.0336,0.8027,0.8582,1.2871,0.0113
1790846286.0838,0.7973,0.8473,1.2869,0.0015
1790846286.1341,0.7936,0.8396,1.2866,0.0116
1790846286.1842,0.7878,0.8277,1.2863,0.0018
1790846286.2344,0.7836,0.8196,1.2860,0.0115
1790846286.2846,0.7772,0.8072,1.2856,0.0023
1790846286.3348,0.7725,0.7988,1.2856,0.0091
1790846286.3851,0.7657,0.7865,1.2856,0.0026
1790846286.4353,0.7612,0.7783,1.2859,0.0121
1790846286.4855,0.7541,0.7661,1.2862,0.0029
1790846286.5358,0.7496,0.7582,1.2863,0.0132
1790846286.5860,0.7429,0.7463,1.2864,0.0036
1790846286.6363,0.7385,0.7382,1.2863,0.0140
1790846286.6865,0.7319,0.7258,1.2858,0.0032
1790846286.7368,0.7275,0.7170,1.2855,0.0146
1790846286.7870,0.7209,0.7032,1.2847,0.0041
1790846286.8372,0.7167,0.6934,1.2842,0.0147
1790846286.8875,0.7105,0.6780,1.2834,0.0043
1790846286.9377,0.7065,0.6672,1.2829,0.0152
1790846286.9880,0.7008,0.6503,1.2820,0.0056
1790846287.0382,0.6972,0.6388,1.2816,0.0156
1790846287.0884,0.6920,0.6213,1.2806,0.0061
1790846287.1387,0.6886,0.6096,1.2800,0.0152
1790846287.1889,0.6833,0.5923,1.2789,0.0065
1790846287.2391,0.6798,0.5808,1.2780,0.0167
1790846287.2893,0.6741,0.5639,1.2766,0.0066
1790846287.3396,0.6701,0.5530,1.2757,0.0173
1790846287.3898,0.6636,0.5367,1.2741,0.0077
1790846287.4400,0.6590,0.5261,1.2730,0.0177
1790846287.4902,0.6518,0.5104,1.2713,0.0078
1790846287.5404,0.6468,0.4998,1.2701,0.0180
1790846287.5907,0.6392,0.4839,1.2684,0.0082
1790846287.6410,0.6341,0.4731,1.2673,0.0179
1790846287.6912,0.6266,0.4570,1.2660,0.0088
1790846287.7414,0.6217,0.4461,1.2651,0.0189
1790846287.7917,0.6145,0.4300,1.2641,0.0095
1790846287.8420,0.6099,0.4194,1.2632,0.0195
1790846287.8921,0.6031,0.4038,1.2620,0.0099
1790846287.9423,0.5988,0.3936,1.2611,0.0193
1790846287.9926,0.5923,0.3787,1.2599,0.0100
1790846288.0428,0.5860,0.3645,1.2588,0.0005
1790846288.0930,0.5817,0.3555,1.2580,0.0108
1790846288.1433,0.5755,0.3426,1.2569,0.0008
1790846288.1935,0.5716,0.3346,1.2562,0.0112
1790846288.2437,0.5657,0.3233,1.2553,0.0010
1790846288.2940,0.5619,0.3163,1.2547,0.0102
1790846288.3442,0.5565,0.3067,1.2538,0.0016
1790846288.3944,0.5529,0.3008,1.2533,0.0121
1790846288.4446,0.5481,0.2926,1.2525,0.0021
1790846288.4948,0.5451,0.2876,1.2519,0.0123
1790846288.5451,0.5410,0.2807,1.2513,0.0028
1790846288.5953,0.5386,0.2765,1.2508,0.0122
1790846288.6456,0.5353,0.2705,1.2503,0.0033
1790846288.6959,0.5334,0.2670,1.2500,0.0136
1790846288.7461,0.5309,0.2624,1.2496,0.0040
1790846288.7964,0.5295,0.2595,1.2493,0.0142
1790846288.8466,0.5278,0.2560,1.2490,0.0039
1790846288.8969,0.5269,0.2538,1.2487,0.0147
1790846288.9471,0.5257,0.2509,1.2484,0.0049
1790846288.9974,0.5251,0.2492,1.2481,0.0152
1790846289.0476,0.5242,0.2468,1.2478,0.0049
1790846289.0979,0.5238,0.2453,1.2475,0.0156
1790846289.1481,0.5235,0.2432,1.2470,0.0055
1790846289.1984,0.5232,0.2418,1.2467,0.0160
1790846289.2487,0.5230,0.2400,1.2461,0.0063
1790846289.2990,0.5230,0.2390,1.2457,0.0166
1790846289.3492,0.5229,0.2378,1.2450,0.0066
1790846289.3995,0.5229,0.2372,1.2444,0.0173
1790846289.4497,0.5229,0.2368,1.2435,0.0075
1790846289.4999,0.5228,0.2368,1.2428,0.0175
1790846289.5501,0.5227,0.2371,1.2418,0.0079
1790846289.6004,0.5228,0.2376,1.2412,0.0182
1790846289.6506,0.5230,0.2386,1.2402,0.0073
1790846289.7009,0.5232,0.2395,1.2395,0.0184
1790846289.7512,0.5239,0.2412,1.2383,0.0091
1790846289.8012,0.5244,0.2423,1.2376,0.0187
1790846289.8514,0.5254,0.2442,1.2366,0.0083
1790846289.9016,0.5261,0.2455,1.2360,0.0192
1790846289.9518,0.5271,0.2475,1.2353,0.0095
1790846290.0021,0.5284,0.2495,1.2345,0.0000
1790846290.0523,0.5292,0.2508,1.2341,0.0101
1790846290.1025,0.5300,0.2519,1.2335,0.0205
1790846290.1529,0.5313,0.2535,1.2327,0.0105
1790846290.2031,0.5322,0.2549,1.2319,0.0010
1790846290.2534,0.5328,0.2558,1.2313,0.0107
1790846290.3036,0.5337,0.2572,1.2303,0.0000
1790846290.3538,0.5344,0.2581,1.2295,0.0115
1790846290.4039,0.5354,0.2593,1.2284,0.0017
1790846290.4541,0.5361,0.2600,1.2278,0.0121
1790846290.5043,0.5370,0.2607,1.2271,0.0007
1790846290.5545,0.5377,0.2612,1.2269,0.0115
1790846290.6048,0.5387,0.2620,1.2268,0.0008
1790846290.6550,0.5393,0.2629,1.2268,0.0125
1790846290.7052,0.5399,0.2648,1.2271,0.0025
1790846290.7554,0.5402,0.2669,1.2272,0.0131
1790846290.8057,0.5404,0.2710,1.2272,0.0030
1790846290.8559,0.5404,0.2746,1.2271,0.0127
1790846290.9061,0.5402,0.2811,1.2270,0.0034
1790846290.9564,0.5400,0.2861,1.2268,0.0141
1790846291.0067,0.5397,0.2945,1.2264,0.0040
1790846291.0569,0.5395,0.3006,1.2262,0.0135
1790846291.1071,0.5394,0.3105,1.2258,0.0051
1790846291.1575,0.5394,0.3174,1.2255,0.0154
1790846291.2078,0.5396,0.3280,1.2251,0.0048
1790846291.2581,0.5399,0.3352,1.2248,0.0151
1790846291.3083,0.5406,0.3460,1.2245,0.0061
1790846291.3585,0.5411,0.3529,1.2243,0.0162
1790846291.4087,0.5421,0.3629,1.2239,0.0065
1790846291.4589,0.5429,0.3690,1.2236,0.0147
1790846291.5091,0.5444,0.3771,1.2234,0.0069
1790846291.5594,0.5454,0.3818,1.2232,0.0168
1790846291.6096,0.5471,0.3880,1.2233,0.0073
1790846291.6598,0.5482,0.3917,1.2233,0.0170
1790846291.7101,0.5496,0.3970,1.2235,0.0074
1790846291.7604,0.5505,0.4006,1.2235,0.0182
1790846291.8106,0.5512,0.4065,1.2235,0.0085
1790846291.8608,0.5514,0.4108,1.2234,0.0183
1790846291.9110,0.5511,0.4184,1.2229,0.0066
1790846291.9612,0.5504,0.4242,1.2223,0.0191
1790846292.0115,0.5491,0.4340,1.2212,0.0096
1790846292.0617,0.5479,0.4413,1.2206,0.0192
1790846292.1120,0.5457,0.4532,1.2194,0.0097
1790846292.1622,0.5432,0.4662,1.2182,0.0002
1790846292.2127,0.5414,0.4752,1.2175,0.0106
1790846292.2629,0.5388,0.4889,1.2163,0.0005
1790846292.3132,0.5370,0.4979,1.2158,0.0112
1790846292.3634,0.5347,0.5107,1.2154,0.0014
1790846292.4136,0.5334,0.5185,1.2153,0.0112
1790846292.4639,0.5317,0.5291,1.2155,0.0006
1790846292.5142,0.5311,0.5353,1.2159,0.0119
1790846292.5644,0.5305,0.5433,1.2164,0.0025
1790846292.6146,0.5303,0.5480,1.2167,0.0125
1790846292.6648,0.5302,0.5540,1.2174,0.0017
1790846292.7151,0.5302,0.5574,1.2179,0.0131
1790846292.7653,0.5299,0.5625,1.2187,0.0035
1790846292.8156,0.5297,0.5659,1.2190,0.0136
1790846292.8659,0.5285,0.5713,1.2195,0.0031
1790846292.9160,0.5274,0.5755,1.2198,0.0140
1790846292.9662,0.5248,0.5827,1.2199,0.0041
1790846293.0165,0.5226,0.5882,1.2200,0.0144
1790846293.0667,0.5184,0.5976,1.2199,0.0046
1790846293.1169,0.5152,0.6044,1.2196,0.0149
1790846293.1671,0.5100,0.6154,1.2191,0.0043
1790846293.2173,0.5062,0.6231,1.2187,0.0152
1790846293.2675,0.5004,0.6347,1.2180,0.0044
1790846293.3179,0.4966,0.6423,1.2176,0.0159
1790846293.3681,0.4912,0.6535,1.2170,0.0058
1790846293.4184,0.4879,0.6605,1.2166,0.0163
1790846293.4686,0.4835,0.6702,1.2160,0.0065
1790846293.5189,0.4810,0.6761,1.2159,0.0167
1790846293.5692,0.4780,0.6843,1.2157,0.0071
1790846293.6194,0.4765,0.6891,1.2157,0.0168
1790846293.6696,0.4747,0.6958,1.2159,0.0076
1790846293.7198,0.4738,0.6997,1.2163,0.0176
1790846293.7701,0.4727,0.7051,1.2169,0.0079
1790846293.8203,0.4721,0.7085,1.2175,0.0170
1790846293.8705,0.4709,0.7138,1.2186,0.0068
1790846293.9206,0.4697,0.7177,1.2194,0.0188
1790846293.9709,0.4672,0.7242,1.2203,0.0067
1790846294.0212,0.4649,0.7291,1.2209,0.0189
1790846294.0714,0.4601,0.7373,1.2214,0.0094
1790846294.1216,0.4562,0.7434,1.2217,0.0194
1790846294.1718,0.4490,0.7534,1.2218,0.0097
1790846294.2221,0.4406,0.7641,1.2215,0.0000
1790846294.2722,0.4344,0.7715,1.2211,0.0099
1790846294.3224,0.4246,0.7826,1.2203,0.0000
1790846294.3725,0.4178,0.7899,1.2198,0.0089
1790846294.4227,0.4080,0.8007,1.2192,0.0003
1790846294.4729,0.4016,0.8076,1.2189,0.0110
1790846294.5233,0.3927,0.8174,1.2184,0.0011
1790846294.5735,0.3874,0.8237,1.2182,0.0116
1790846294.6238,0.3804,0.8322,1.2180,0.0017
1790846294.6740,0.3764,0.8373,1.2180,0.0118
1790846294.7242,0.3716,0.8436,1.2179,0.0020
1790846294.7744,0.3692,0.8469,1.2178,0.0117
1790846294.8246,0.3667,0.8502,1.2175,0.0015
1790846294.8748,0.3654,0.8513,1.2173,0.0126
1790846294.9250,0.3642,0.8515,1.2168,0.0029
1790846294.9753,0.3635,0.8506,1.2165,0.0115
1790846295.0256,0.3620,0.8481,1.2163,0.0034
1790846295.0758,0.3607,0.8460,1.2164,0.0109
1790846295.1259,0.3580,0.8425,1.2164,0.0036
1790846295.1762,0.3554,0.8404,1.2165,0.0143
1790846295.2265,0.3504,0.8380,1.2164,0.0041
1790846295.2768,0.3461,0.8372,1.2162,0.0148
1790846295.3271,0.3383,0.8376,1.2154,0.0042
1790846295.3773,0.3321,0.8391,1.2147,0.0152
1790846295.4276,0.3213,0.8429,1.2130,0.0038
1790846295.4777,0.3133,0.8467,1.2119,0.0139
1790846295.5279,0.3001,0.8541,1.2099,0.0054
1790846295.5781,0.2906,0.8601,1.2088,0.0161
1790846295.6284,0.2762,0.8704,1.2071,0.0059
1790846295.6786,0.2666,0.8781,1.2063,0.0119
1790846295.7289,0.2526,0.8903,1.2053,0.0066
1790846295.7793,0.2439,0.8986,1.2047,0.0172
1790846295.8294,0.2327,0.9108,1.2042,0.0075
1790846295.8796,0.2265,0.9186,1.2038,0.0175
1790846295.9299,0.2193,0.9294,1.2034,0.0076
1790846295.9801,0.2159,0.9360,1.2033,0.0182
1790846296.0303,0.2129,0.9448,1.2033,0.0075
1790846296.0806,0.2122,0.9499,1.2034,0.0184
1790846296.1308,0.2126,0.9563,1.2038,0.0074
1790846296.1809,0.2136,0.9599,1.2042,0.0189
1790846296.2311,0.2158,0.9641,1.2049,0.0082
1790846296.2814,0.2172,0.9663,1.2053,0.0195
1790846296.3316,0.2189,0.9685,1.2060,0.0095
1790846296.3820,0.2195,0.9698,1.2065,0.0000
1790846296.4321,0.2189,0.9702,1.2068,0.0103
1790846296.4823,0.2161,0.9705,1.2074,0.0005
1790846296.5325,0.2129,0.9705,1.2076,0.0105
1790846296.5827,0.2083,0.9707,1.2080,0.0198
1790846296.6329,0.1989,0.9714,1.2083,0.0097
1790846296.6831,0.1869,0.9728,1.2086,0.0009
1790846296.7333,0.1776,0.9743,1.2085,0.0111
1790846296.7835,0.1623,0.9771,1.2083,0.0015
1790846296.8337,0.1515,0.9792,1.2080,0.0099
1790846296.8839,0.1350,0.9827,1.2075,0.0018
1790846296.9341,0.1239,0.9851,1.2070,0.0119
1790846296.9843,0.1081,0.9884,1.2062,0.0025
1790846297.0345,0.0979,0.9906,1.2056,0.0121
1790846297.0849,0.0839,0.9938,1.2045,0.0025
1790846297.1351,0.0755,0.9956,1.2037,0.0130
1790846297.1853,0.0644,0.9983,1.2026,0.0030
1790846297.2356,0.0582,0.9999,1.2019,0.0135
1790846297.2858,0.0503,1.0020,1.2008,0.0041
1790846297.3361,0.0461,1.0030,1.2002,0.0141
1790846297.3863,0.0411,1.0044,1.1993,0.0039
1790846297.4365,0.0386,1.0051,1.1989,0.0124
1790846297.4867,0.0355,1.0059,1.1985,0.0047
1790846297.5370,0.0338,1.0063,1.1983,0.0144
1790846297.5873,0.0313,1.0067,1.1982,0.0044
1790846297.6374,0.0295,1.0068,1.1981,0.0155
1790846297.6877,0.0264,1.0066,1.1978,0.0057
1790846297.7380,0.0238,1.0065,1.1976,0.0160
1790846297.7881,0.0188,1.0060,1.1971,0.0063
1790846297.8384,0.0147,1.0057,1.1968,0.0164
1790846297.8887,0.0073,1.0046,1.1962,0.0067
1790846297.9390,0.0013,1.0038,1.1959,0.0170
1790846297.9891,-0.0091,1.0023,1.1954,0.0073
1790846298.0393,-0.0169,1.0012,1.1951,0.0166
1790846298.0895,-0.0299,0.9994,1.1947,0.0076
1790846298.1396,-0.0391,0.9980,1.1943,0.0175
1790846298.1899,-0.0539,0.9961,1.1939,0.0082
1790846298.2401,-0.0642,0.9949,1.1938,0.0182
1790846298.2904,-0.0798,0.9934,1.1941,0.0084
1790846298.3407,-0.0903,0.9926,1.1947,0.0186
1790846298.3909,-0.1057,0.9922,1.1959,0.0089
1790846298.4411,-0.1156,0.9924,1.1969,0.0172
1790846298.4915,-0.1296,0.9939,1.1982,0.0095
1790846298.5418,-0.1382,0.9957,1.1990,0.0190
1790846298.5921,-0.1497,0.9995,1.1998,0.0100
1790846298.6423,-0.1595,1.0042,1.2004,0.0002
1790846298.6926,-0.1649,1.0078,1.2006,0.0106
1790846298.7428,-0.1715,1.0134,1.2010,0.0008
1790846298.7931,-0.1749,1.0172,1.2010,0.0111
1790846298.8432,-0.1785,1.0225,1.2009,0.0011
1790846298.8935,-0.1802,1.0255,1.2008,0.0115
1790846298.9437,-0.1817,1.0288,1.2009,0.0018
1790846298.9939,-0.1823,1.0301,1.2013,0.0106
1790846299.0442,-0.1830,1.0305,1.2019,0.0019
1790846299.0943,-0.1836,1.0297,1.2024,0.0126
1790846299.1446,-0.1851,1.0267,1.2030,0.0028
1790846299.1947,-0.1866,1.0239,1.2033,0.0130
1790846299.2449,-0.1900,1.0185,1.2035,0.0029
1790846299.2951,-0.1933,1.0144,1.2034,0.0135
1790846299.3453,-0.1998,1.0079,1.2032,0.0036
1790846299.3954,-0.2053,1.0037,1.2030,0.0138
1790846299.4457,-0.2152,0.9975,1.2025,0.0032
1790846299.4960,-0.2230,0.9937,1.2023,0.0141
1790846299.5462,-0.2360,0.9885,1.2020,0.0011
1790846299.5964,-0.2455,0.9854,1.2020,0.0139
1790846299.6465,-0.2607,0.9813,1.2021,0.0045
1790846299.6967,-0.2712,0.9789,1.2022,0.0150
1790846299.7470,-0.2873,0.9758,1.2023,0.0051
1790846299.7972,-0.2980,0.9741,1.2026,0.0143
1790846299.8474,-0.3136,0.9717,1.2032,0.0052
1790846299.8975,-0.3232,0.9704,1.2035,0.0157
1790846299.9478,-0.3366,0.9690,1.2042,0.0058
1790846299.9981,-0.3446,0.9684,1.2047,0.0161
1790846300.0483,-0.3548,0.9680,1.2052,0.0053
1790846300.0985,-0.3607,0.9681,1.2056,0.0167
1790846300.1488,-0.3680,0.9688,1.2062,0.0070
1790846300.1991,-0.3720,0.9694,1.2067,0.0163
1790846300.2493,-0.3770,0.9707,1.2077,0.0073
1790846300.2996,-0.3797,0.9716,1.2083,0.0174
1790846300.3498,-0.3828,0.9731,1.2096,0.0080
1790846300.4001,-0.3845,0.9740,1.2106,0.0183
1790846300.4502,-0.3866,0.9754,1.2121,0.0080
1790846300.5005,-0.3877,0.9762,1.2130,0.0185
1790846300.5507,-0.3895,0.9770,1.2141,0.0088
1790846300.6009,-0.3906,0.9772,1.2147,0.0190
1790846300.6511,-0.3928,0.9766,1.2151,0.0091
1790846300.7015,-0.3956,0.9749,1.2151,0.0000
1790846300.7516,-0.3979,0.9728,1.2150,0.0098
1790846300.8019,-0.4023,0.9683,1.2145,0.0000
1790846300.8519,-0.4058,0.9643,1.2141,0.0101
1790846300.9022,-0.4121,0.9570,1.2136,0.0003
1790846300.9523,-0.4170,0.9515,1.2133,0.0103
1790846301.0027,-0.4255,0.9422,1.2128,0.0000
1790846301.0527,-0.4319,0.9355,1.2125,0.0109
1790846301.1030,-0.4388,0.9287,1.2122,0.0209
1790846301.1532,-0.4501,0.9186,1.2119,0.0110
1790846301.2034,-0.4625,0.9092,1.2115,0.0014
1790846301.2536,-0.4713,0.9035,1.2112,0.0116
1790846301.3038,-0.4851,0.8960,1.2106,0.0017
1790846301.3540,-0.4945,0.8918,1.2101,0.0116
1790846301.4042,-0.5090,0.8864,1.2093,0.0024
1790846301.4545,-0.5185,0.8834,1.2086,0.0124
1790846301.5049,-0.5324,0.8798,1.2076,0.0029
1790846301.5551,-0.5413,0.8779,1.2069,0.0131
1790846301.6052,-0.5537,0.8755,1.2060,0.0035
1790846301.6555,-0.5613,0.8742,1.2056,0.0135
1790846301.7057,-0.5711,0.8728,1.2052,0.0037
1790846301.7559,-0.5767,0.8720,1.2051,0.0129
1790846301.8061,-0.5834,0.8714,1.2050,0.0042
1790846301.8564,-0.5869,0.8711,1.2049,0.0146
1790846301.9066,-0.5908,0.8714,1.2047,0.0039
1790846301.9568,-0.5926,0.8717,1.2046,0.0150
1790846302.0071,-0.5946,0.8724,1.2044,0.0048
1790846302.0574,-0.5956,0.8728,1.2042,0.0152
1790846302.1074,-0.5967,0.8732,1.2040,0.0051
1790846302.1576,-0.5976,0.8731,1.2038,0.0158
1790846302.2078,-0.5993,0.8722,1.2036,0.0060
1790846302.2580,-0.6008,0.8709,1.2036,0.0160
1790846302.3082,-0.6040,0.8678,1.2035,0.0063
1790846302.3585,-0.6068,0.8649,1.2035,0.0165
1790846302.4087,-0.6122,0.8594,1.2035,0.0059
1790846302.4589,-0.6167,0.8550,1.2034,0.0171
1790846302.5091,-0.6247,0.8473,1.2029,0.0072
1790846302.5594,-0.6309,0.8417,1.2024,0.0174
1790846302.6096,-0.6414,0.8325,1.2016,0.0076
1790846302.6598,-0.6491,0.8260,1.2010,0.0177
1790846302.7098,-0.6614,0.8159,1.2001,0.0080
1790846302.7600,-0.6700,0.8091,1.1994,0.0179
1790846302.8102,-0.6832,0.7990,1.1983,0.0081
1790846302.8605,-0.6920,0.7926,1.1975,0.0187
1790846302.9107,-0.7051,0.7835,1.1964,0.0064
1790846302.9610,-0.7135,0.7779,1.1957,0.0190
1790846303.0112,-0.7255,0.7704,1.1948,0.0081
1790846303.0614,-0.7329,0.7660,1.1943,0.0194
1790846303.1116,-0.7429,0.7604,1.1939,0.0097
1790846303.1619,-0.7514,0.7558,1.1937,0.0000
1790846303.2120,-0.7562,0.7534,1.1937,0.0101
1790846303.2623,-0.7619,0.7507,1.1938,0.0005
1790846303.3125,-0.7648,0.7493,1.1941,0.0106
1790846303.3628,-0.7680,0.7476,1.1945,0.0009
1790846303.4130,-0.7694,0.7467,1.1947,0.0109
1790846303.4631,-0.7706,0.7454,1.1951,0.0010
1790846303.5133,-0.7709,0.7445,1.1955,0.0113
1790846303.5636,-0.7709,0.7428,1.1960,0.0015
1790846303.6138,-0.7707,0.7413,1.1964,0.0120
1790846303.6640,-0.7703,0.7384,1.1968,0.0010
1790846303.7142,-0.7701,0.7359,1.1972,0.0122
1790846303.7644,-0.7700,0.7313,1.1975,0.0024
1790846303.8146,-0.7704,0.7274,1.1977,0.0127
1790846303.8649,-0.7713,0.7206,1.1980,0.0031
1790846303.9152,-0.7725,0.7153,1.1982,0.0135
1790846303.9654,-0.7750,0.7063,1.1984,0.0034
1790846304.0156,-0.7773,0.6996,1.1984,0.0136
1790846304.0658,-0.7815,0.6886,1.1985,0.0037
1790846304.1160,-0.7849,0.6807,1.1984,0.0143
1790846304.1663,-0.7907,0.6682,1.1983,0.0044
1790846304.2164,-0.7951,0.6594,1.1983,0.0147
1790846304.2667,-0.8022,0.6457,1.1982,0.0046
1790846304.3169,-0.8073,0.6363,1.1981,0.0144
1790846304.3671,-0.8151,0.6222,1.1979,0.0053
1790846304.4172,-0.8205,0.6128,1.1977,0.0154
1790846304.4674,-0.8287,0.5989,1.1971,0.0056
1790846304.5177,-0.8342,0.5900,1.1968,0.0158
1790846304.5678,-0.8426,0.5771,1.1961,0.0060
1790846304.6181,-0.8480,0.5688,1.1956,0.0163
1790846304.6684,-0.8560,0.5574,1.1949,0.0062
1790846304.7186,-0.8612,0.5502,1.1944,0.0166
1790846304.7690,-0.8685,0.5402,1.1937,0.0066
1790846304.8192,-0.8730,0.5341,1.1933,0.0173
1790846304.8694,-0.8792,0.5256,1.1928,0.0076
1790846304.9195,-0.8829,0.5205,1.1926,0.0167
1790846304.9698,-0.8878,0.5134,1.1928,0.0070
1790846305.0199,-0.8906,0.5091,1.1931,0.0182
1790846305.0701,-0.8942,0.5032,1.1937,0.0079
1790846305.1203,-0.8963,0.4996,1.1943,0.0185
1790846305.1706,-0.8989,0.4945,1.1952,0.0070
1790846305.2207,-0.9003,0.4915,1.1960,0.0190
1790846305.2709,-0.9020,0.4870,1.1972,0.0089
1790846305.3211,-0.9030,0.4841,1.1980,0.0192
1790846305.3712,-0.9040,0.4798,1.1994,0.0090
1790846305.4215,-0.9048,0.4752,1.2008,0.0000
1790846305.4715,-0.9051,0.4719,1.2016,0.0096
1790846305.5217,-0.9053,0.4665,1.2026,0.0000
1790846305.5718,-0.9054,0.4624,1.2033,0.0100
1790846305.6221,-0.9057,0.4554,1.2041,0.0000
1790846305.6723,-0.9060,0.4501,1.2046,0.0103
1790846305.7225,-0.9066,0.4409,1.2053,0.0007
1790846305.7727,-0.9072,0.4341,1.2057,0.0105
1790846305.8229,-0.9084,0.4228,1.2063,0.0010
1790846305.8731,-0.9093,0.4147,1.2066,0.0112
1790846305.9233,-0.9111,0.4017,1.2071,0.0013
1790846305.9735,-0.9125,0.3927,1.2073,0.0116
1790846306.0238,-0.9149,0.3787,1.2075,0.0011
1790846306.0740,-0.9167,0.3694,1.2075,0.0119
1790846306.1241,-0.9199,0.3554,1.2072,0.0025
1790846306.1744,-0.9222,0.3463,1.2070,0.0127
1790846306.2247,-0.9259,0.3332,1.2063,0.0027
1790846306.2749,-0.9285,0.3251,1.2057,0.0128
1790846306.3251,-0.9326,0.3136,1.2050,0.0034
1790846306.3753,-0.9354,0.3067,1.2045,0.0124
1790846306.4255,-0.9399,0.2976,1.2038,0.0038
1790846306.4757,-0.9430,0.2924,1.2034,0.0140
1790846306.5261,-0.9474,0.2860,1.2028,0.0043
1790846306.5763,-0.9503,0.2826,1.2025,0.0126
1790846306.6264,-0.9543,0.2787,1.2021,0.0048
1790846306.6767,-0.9568,0.2768,1.2019,0.0147
1790846306.7269,-0.9601,0.2748,1.2019,0.0053
1790846306.7770,-0.9617,0.2740,1.2019,0.0156
1790846306.8272,-0.9638,0.2733,1.2022,0.0056
1790846306.8774,-0.9646,0.2731,1.2023,0.0160
1790846306.9276,-0.9653,0.2729,1.2024,0.0060
1790846306.9779,-0.9654,0.2729,1.2024,0.0159
1790846307.0281,-0.9650,0.2726,1.2024,0.0063
1790846307.0784,-0.9646,0.2723,1.2022,0.0168
1790846307.1285,-0.9637,0.2713,1.2020,0.0069
1790846307.1788,-0.9629,0.2701,1.2018,0.0170
1790846307.2290,-0.9616,0.2673,1.2014,0.0073
1790846307.2792,-0.9609,0.2646,1.2012,0.0177
1790846307.3294,-0.9598,0.2593,1.2008,0.0077
1790846307.3796,-0.9593,0.2548,1.2004,0.0181
1790846307.4298,-0.9587,0.2466,1.1999,0.0079
1790846307.4800,-0.9584,0.2401,1.1995,0.0179
1790846307.5302,-0.9582,0.2291,1.1990,0.0086
1790846307.5804,-0.9583,0.2208,1.1988,0.0185
1790846307.6305,-0.9586,0.2072,1.1985,0.0089
1790846307.6807,-0.9588,0.1974,1.1986,0.0191
1790846307.7309,-0.9591,0.1822,1.1986,0.0086
1790846307.7811,-0.9594,0.1715,1.1987,0.0189
1790846307.8313,-0.9600,0.1550,1.1989,0.0082
1790846307.8817,-0.9610,0.1384,1.1994,0.0000
1790846307.9317,-0.9617,0.1275,1.1996,0.0102
1790846307.9819,-0.9627,0.1113,1.1999,0.0003
1790846308.0322,-0.9636,0.1008,1.2001,0.0105
1790846308.0824,-0.9650,0.0854,1.2002,0.0010
1790846308.1326,-0.9660,0.0758,1.2002,0.0111
1790846308.1828,-0.9677,0.0620,1.2003,0.0014
1790846308.2330,-0.9687,0.0532,1.2003,0.0115
1790846308.2832,-0.9706,0.0410,1.2002,0.0003
1790846308.3336,-0.9718,0.0335,1.2002,0.0120
1790846308.3839,-0.9737,0.0230,1.1999,0.0021
1790846308.4342,-0.9748,0.0167,1.1997,0.0125
1790846308.4844,-0.9767,0.0082,1.1994,0.0029
1790846308.5347,-0.9778,0.0031,1.1991,0.0129
1790846308.5849,-0.9794,-0.0035,1.1988,0.0036
1790846308.6352,-0.9804,-0.0073,1.1985,0.0135
1790846308.6854,-0.9815,-0.0122,1.1982,0.0036
1790846308.7356,-0.9822,-0.0151,1.1980,0.0138
1790846308.7858,-0.9829,-0.0188,1.1978,0.0042
1790846308.8360,-0.9831,-0.0210,1.1976,0.0141
1790846308.8863,-0.9833,-0.0242,1.1975,0.0044
1790846308.9365,-0.9833,-0.0264,1.1975,0.0148
1790846308.9867,-0.9830,-0.0299,1.1976,0.0050
1790846309.0370,-0.9826,-0.0326,1.1978,0.0152
1790846309.0872,-0.9815,-0.0370,1.1980,0.0057
1790846309.1375,-0.9805,-0.0405,1.1981,0.0031
1790846309.1877,-0.9785,-0.0464,1.1984,0.0060
1790846309.2378,-0.9769,-0.0511,1.1986,0.0164
1790846309.2880,-0.9742,-0.0590,1.1988,0.0044
1790846309.3382,-0.9721,-0.0649,1.1992,0.0165
1790846309.3884,-0.9684,-0.0750,1.1996,0.0068
1790846309.4386,-0.9657,-0.0823,1.1999,0.0168
1790846309.4888,-0.9613,-0.0941,1.2003,0.0071
1790846309.5389,-0.9582,-0.1025,1.2004,0.0173
1790846309.5892,-0.9534,-0.1158,1.2005,0.0076
1790846309.6394,-0.9502,-0.1251,1.2005,0.0177
1790846309.6896,-0.9453,-0.1395,1.2008,0.0082
1790846309.7399,-0.9422,-0.1494,1.2010,0.0184
1790846309.7902,-0.9378,-0.1642,1.2012,0.0087
1790846309.8404,-0.9350,-0.1741,1.2016,0.0185
1790846309.8906,-0.9312,-0.1885,1.2018,0.0088
1790846309.9407,-0.9287,-0.1978,1.2016,0.0190
1790846309.9910,-0.9255,-0.2107,1.2013,0.0093
1790846310.0412,-0.9237,-0.2187,1.2009,0.0197
1790846310.0915,-0.9214,-0.2296,1.2003,0.0098
1790846310.1418,-0.9196,-0.2391,1.1996,0.0000
1790846310.1920,-0.9186,-0.2447,1.1990,0.0103
1790846310.2423,-0.9177,-0.2519,1.1980,0.0000
1790846310.2924,-0.9173,-0.2561,1.1974,0.0111
1790846310.3426,-0.9169,-0.2613,1.1965,0.0014
1790846310.3929,-0.9168,-0.2643,1.1961,0.0113
1790846310.4431,-0.9168,-0.2681,1.1955,0.0015
1790846310.4933,-0.9169,-0.2703,1.1952,0.0117
1790846310.5435,-0.9171,-0.2730,1.1948,0.0006
1790846310.5938,-0.9172,-0.2746,1.1947,0.0125
1790846310.6441,-0.9171,-0.2768,1.1947,0.0018
1790846310.6943,-0.9169,-0.2782,1.1950,0.0131
1790846310.7445,-0.9165,-0.2804,1.1955,0.0031
1790846310.7946,-0.9160,-0.2818,1.1962,0.0133
1790846310.8449,-0.9149,-0.2841,1.1972,0.0034
1790846310.8952,-0.9137,-0.2857,1.1979,0.0137
1790846310.9454,-0.9117,-0.2883,1.1990,0.0030
1790846310.9956,-0.9100,-0.2902,1.1999,0.0123
1790846311.0458,-0.9070,-0.2937,1.2011,0.0042
1790846311.0961,-0.9046,-0.2962,1.2019,0.0146
1790846311.1463,-0.9003,-0.3009,1.2031,0.0047
1790846311.1966,-0.8971,-0.3044,1.2037,0.0151
1790846311.2468,-0.8915,-0.3108,1.2047,0.0041
1790846311.2970,-0.8871,-0.3156,1.2050,0.0156
1790846311.3472,-0.8801,-0.3239,1.2057,0.0058
1790846311.3974,-0.8749,-0.3304,1.2063,0.0155
1790846311.4477,-0.8664,-0.3409,1.2067,0.0062
1790846311.4979,-0.8604,-0.3488,1.2071,0.0162
1790846311.5482,-0.8510,-0.3615,1.2075,0.0066
1790846311.5984,-0.8447,-0.3705,1.2077,0.0157
1790846311.6486,-0.8351,-0.3846,1.2079,0.0067
1790846311.6989,-0.8288,-0.3942,1.2078,0.0157
1790846311.7492,-0.8199,-0.4086,1.2074,0.0071
1790846311.7995,-0.8143,-0.4181,1.2068,0.0179
1790846311.8498,-0.8064,-0.4321,1.2059,0.0080
1790846311.9001,-0.8017,-0.4412,1.2052,0.0168
1790846311.9504,-0.7952,-0.4543,1.2041,0.0088
1790846312.0006,-0.7913,-0.4627,1.2032,0.0189
1790846312.0508,-0.7863,-0.4746,1.2019,0.0088
1790846312.1011,-0.7833,-0.4820,1.2011,0.0193
1790846312.1513,-0.7795,-0.4926,1.1999,0.0097
1790846312.2017,-0.7763,-0.5025,1.1989,0.0002
1790846312.2520,-0.7744,-0.5086,1.1983,0.0101
1790846312.3022,-0.7719,-0.5173,1.1977,0.0011
1790846312.3524,-0.7708,-0.5227,1.1974,0.0107
1790846312.4027,-0.7690,-0.5302,1.1972,0.0002
1790846312.4529,-0.7681,-0.5350,1.1969,0.0112
1790846312.5029,-0.7669,-0.5413,1.1967,0.0012
1790846312.5531,-0.7665,-0.5451,1.1966,0.0116
1790846312.6033,-0.7657,-0.5502,1.1963,0.0017
1790846312.6535,-0.7654,-0.5531,1.1963,0.0120
1790846312.7038,-0.7649,-0.5571,1.1961,0.0019
1790846312.7540,-0.7645,-0.5594,1.1961,0.0126
1790846312.8042,-0.7637,-0.5627,1.1962,0.0028
1790846312.8544,-0.7630,-0.5647,1.1965,0.0130
1790846312.9046,-0.7615,-0.5677,1.1969,0.0033
1790846312.9549,-0.7602,-0.5696,1.1973,0.0135
1790846313.0050,-0.7576,-0.5727,1.1978,0.0026
1790846313.0553,-0.7554,-0.5749,1.1981,0.0138
1790846313.1056,-0.7514,-0.5785,1.1987,0.0041
1790846313.1558,-0.7480,-0.5812,1.1990,0.0141
1790846313.2060,-0.7421,-0.5854,1.1995,0.0046
1790846313.2563,-0.7375,-0.5887,1.1996,0.0147
1790846313.3065,-0.7298,-0.5939,1.1997,0.0053
1790846313.3567,-0.7241,-0.5979,1.1997,0.0155
1790846313.4070,-0.7149,-0.6042,1.1997,0.0044
1790846313.4572,-0.7081,-0.6089,1.1994,0.0155
1790846313.5074,-0.6975,-0.6166,1.1991,0.0055
1790846313.5577,-0.6899,-0.6222,1.1989,0.0162
1790846313.6079,-0.6781,-0.6314,1.1985,0.0061
1790846313.6582,-0.6699,-0.6381,1.1984,0.0166
1790846313.7084,-0.6577,-0.6487,1.1984,0.0069
1790846313.7586,-0.6495,-0.6563,1.1988,0.0167
1790846313.8089,-0.6374,-0.6681,1.1989,0.0059
1790846313.8590,-0.6296,-0.6759,1.1991,0.0176
1790846313.9092,-0.6184,-0.6875,1.1993,0.0076
1790846313.9594,-0.6115,-0.6953,1.1993,0.0180
1790846314.0096,-0.6019,-0.7062,1.1992,0.0071
1790846314.0598,-0.5963,-0.7132,1.1992,0.0184
1790846314.1100,-0.5893,-0.7231,1.1992,0.0082
1790846314.1603,-0.5855,-0.7293,1.1991,0.0189
1790846314.2105,-0.5813,-0.7377,1.1991,0.0091
1790846314.2608,-0.5793,-0.7427,1.1990,0.0193
1790846314.3111,-0.5775,-0.7493,1.1991,0.0090
1790846314.3613,-0.5769,-0.7531,1.1992,0.0197
1790846314.4116,-0.5768,-0.7578,1.1994,0.0082
1790846314.4618,-0.5771,-0.7616,1.1998,0.0003
1790846314.5120,-0.5774,-0.7635,1.2000,0.0106
1790846314.5623,-0.5777,-0.7658,1.2004,0.0008
1790846314.6125,-0.5778,-0.7669,1.2008,0.0110
1790846314.6628,-0.5775,-0.7677,1.2011,0.0213
1790846314.7130,-0.5766,-0.7686,1.2017,0.0114
1790846314.7633,-0.5748,-0.7691,1.2021,0.0014
1790846314.8135,-0.5732,-0.7694,1.2024,0.0117
1790846314.8637,-0.5699,-0.7699,1.2026,0.0021
1790846314.9139,-0.5673,-0.7703,1.2026,0.0123
1790846314.9642,-0.5624,-0.7712,1.2025,0.0028
1790846315.0144,-0.5587,-0.7718,1.2024,0.0116
1790846315.0646,-0.5523,-0.7730,1.2021,0.0032
1790846315.1148,-0.5475,-0.7739,1.2020,0.0133
1790846315.1650,-0.5396,-0.7754,1.2017,0.0035
1790846315.2152,-0.5338,-0.7766,1.2016,0.0121
1790846315.2654,-0.5243,-0.7786,1.2016,0.0036
1790846315.3156,-0.5176,-0.7801,1.2018,0.0144
1790846315.3658,-0.5068,-0.7826,1.2022,0.0046
1790846315.4160,-0.4992,-0.7843,1.2027,0.0143
1790846315.4662,-0.4873,-0.7871,1.2036,0.0047
1790846315.5165,-0.4791,-0.7890,1.2042,0.0152
1790846315.5667,-0.4661,-0.7921,1.2053,0.0043
1790846315.6170,-0.4573,-0.7945,1.2059,0.0154
1790846315.6673,-0.4435,-0.7984,1.2068,0.0026
1790846315.7175,-0.4343,-0.8013,1.2073,0.0159
1790846315.7676,-0.4203,-0.8063,1.2078,0.0054
1790846315.8179,-0.4110,-0.8100,1.2082,0.0163
1790846315.8680,-0.3970,-0.8164,1.2085,0.0065
1790846315.9183,-0.3878,-0.8211,1.2086,0.0167
1790846315.9685,-0.3741,-0.8289,1.2086,0.0072
1790846316.0187,-0.3652,-0.8346,1.2086,0.0145
1790846316.0689,-0.3524,-0.8437,1.2085,0.0074
1790846316.1191,-0.3442,-0.8500,1.2084,0.0177
1790846316.1694,-0.3327,-0.8597,1.2081,0.0074
1790846316.2196,-0.3257,-0.8662,1.2079,0.0183
1790846316.2699,-0.3160,-0.8760,1.2075,0.0085
1790846316.3201,-0.3101,-0.8824,1.2072,0.0188
1790846316.3705,-0.3025,-0.8918,1.2068,0.0092
1790846316.4206,-0.2980,-0.8978,1.2065,0.0192
1790846316.4708,-0.2923,-0.9063,1.2056,0.0096
1790846316.5210,-0.2892,-0.9115,1.2051,0.0197
1790846316.5712,-0.2855,-0.9186,1.2042,0.0100
1790846316.6215,-0.2830,-0.9246,1.2034,0.0000
1790846316.6716,-0.2819,-0.9280,1.2029,0.0104
1790846316.7219,-0.2809,-0.9321,1.2022,0.0006
1790846316.7720,-0.2806,-0.9342,1.2017,0.0109
1790846316.8223,-0.2804,-0.9362,1.2010,0.0012
1790846316.8726,-0.2802,-0.9370,1.2003,0.0115
1790846316.9227,-0.2797,-0.9373,1.1995,0.0015
1790846316.9730,-0.2791,-0.9371,1.1990,0.0117
1790846317.0232,-0.2776,-0.9364,1.1983,0.0014
1790846317.0734,-0.2760,-0.9355,1.1979,0.0121
1790846317.1236,-0.2727,-0.9339,1.1977,0.0022
1790846317.1738,-0.2698,-0.9327,1.1977,0.0123
1790846317.2240,-0.2645,-0.9309,1.1980,0.0027
1790846317.2741,-0.2602,-0.9297,1.1983,0.0127
1790846317.3244,-0.2528,-0.9282,1.1990,0.0020
1790846317.3746,-0.2471,-0.9273,1.1995,0.0132
1790846317.4248,-0.2376,-0.9265,1.2003,0.0034
1790846317.4751,-0.2308,-0.9263,1.2009,0.0140
1790846317.5254,-0.2195,-0.9266,1.2019,0.0041
1790846317.5757,-0.2114,-0.9273,1.2027,0.0142
1790846317.6259,-0.1986,-0.9290,1.2038,0.0047
1790846317.6761,-0.1897,-0.9304,1.2046,0.0148
1790846317.7264,-0.1756,-0.9334,1.2058,0.0042
1790846317.7766,-0.1658,-0.9356,1.2065,0.0154
1790846317.8268,-0.1509,-0.9396,1.2077,0.0056
1790846317.8770,-0.1407,-0.9426,1.2084,0.0145
1790846317.9273,-0.1253,-0.9475,1.2094,0.0056
1790846317.9775,-0.1151,-0.9509,1.2098,0.0160
1790846318.0276,-0.1001,-0.9564,1.2105,0.0056
1790846318.0778,-0.0902,-0.9601,1.2109,0.0164
1790846318.1279,-0.0760,-0.9652,1.2117,0.0067
1790846318.1782,-0.0671,-0.9683,1.2121,0.0168
1790846318.2283,-0.0544,-0.9721,1.2129,0.0070
1790846318.2786,-0.0466,-0.9741,1.2132,0.0157
1790846318.3288,-0.0357,-0.9761,1.2135,0.0073
1790846318.3790,-0.0291,-0.9768,1.2134,0.0175
1790846318.4292,-0.0200,-0.9772,1.2131,0.0074
1790846318.4794,-0.0144,-0.9769,1.2127,0.0180
1790846318.5298,-0.0067,-0.9762,1.2119,0.0086
1790846318.5800,-0.0020,-0.9754,1.2114,0.0181
1790846318.6303,0.0045,-0.9744,1.2104,0.0090
1790846318.6805,0.0086,-0.9738,1.2098,0.0194
1790846318.7307,0.0144,-0.9730,1.2088,0.0093
1790846318.7809,0.0199,-0.9726,1.2078,0.0000
1790846318.8309,0.0235,-0.9725,1.2072,0.0097
1790846318.8811,0.0289,-0.9728,1.2064,0.0000
1790846318.9311,0.0323,-0.9733,1.2060,0.0097
1790846318.9813,0.0374,-0.9746,1.2053,0.0002
1790846319.0315,0.0407,-0.9758,1.2050,0.0092
1790846319.0817,0.0455,-0.9781,1.2045,0.0004
1790846319.1319,0.0487,-0.9799,1.2041,0.0101
1790846319.1821,0.0535,-0.9828,1.2037,0.0009
1790846319.2323,0.0566,-0.9849,1.2033,0.0110
1790846319.2826,0.0616,-0.9881,1.2028,0.0014
1790846319.3328,0.0649,-0.9901,1.2026,0.0115
1790846319.3830,0.0703,-0.9931,1.2022,0.0020
1790846319.4332,0.0743,-0.9949,1.2019,0.0119
1790846319.4835,0.0807,-0.9973,1.2016,0.0013
1790846319.5336,0.0853,-0.9986,1.2013,0.0122
1790846319.5839,0.0928,-1.0002,1.2010,0.0005
1790846319.6340,0.0980,-1.0010,1.2009,0.0130
1790846319.6842,0.1066,-1.0019,1.2006,0.0029
1790846319.7344,0.1127,-1.0023,1.2004,0.0131
1790846319.7847,0.1228,-1.0028,1.1999,0.0035
1790846319.8348,0.1301,-1.0028,1.1995,0.0138
1790846319.8851,0.1421,-1.0026,1.1985,0.0039
1790846319.9353,0.1508,-1.0022,1.1978,0.0139
1790846319.9855,0.1647,-1.0012,1.1966,0.0041
1790846320.0357,0.1745,-1.0003,1.1956,0.0141
1790846320.0859,0.1897,-0.9985,1.1941,0.0049
1790846320.1362,0.1999,-0.9972,1.1932,0.0149
1790846320.1864,0.2156,-0.9951,1.1919,0.0053
1790846320.2366,0.2260,-0.9937,1.1912,0.0152
1790846320.2868,0.2411,-0.9919,1.1904,0.0058
1790846320.3371,0.2510,-0.9909,1.1899,0.0155
1790846320.3872,0.2651,-0.9900,1.1896,0.0027
1790846320.4374,0.2743,-0.9898,1.1897,0.0162
1790846320.4876,0.2875,-0.9899,1.1903,0.0061
1790846320.5378,0.2959,-0.9902,1.1909,0.0154
1790846320.5880,0.3080,-0.9908,1.1920,0.0068
1790846320.6383,0.3155,-0.9913,1.1927,0.0171
1790846320.6885,0.3259,-0.9920,1.1937,0.0073
1790846320.7387,0.3322,-0.9926,1.1942,0.0176
1790846320.7890,0.3406,-0.9935,1.1950,0.0078
1790846320.8392,0.3457,-0.9943,1.1954,0.0180
1790846320.8895,0.3521,-0.9958,1.1956,0.0077
1790846320.9397,0.3558,-0.9969,1.1956,0.0188
1790846320.9899,0.3606,-0.9988,1.1952,0.0087
1790846321.0402,0.3632,-1.0002,1.1948,0.0192
1790846321.0904,0.3664,-1.0023,1.1941,0.0093
1790846321.1406,0.3681,-1.0037,1.1936,0.0194
1790846321.1908,0.3703,-1.0054,1.1927,0.0094
1790846321.2411,0.3715,-1.0062,1.1922,0.0192
1790846321.2911,0.3732,-1.0067,1.1914,0.0054
1790846321.3415,0.3747,-1.0062,1.1906,0.0000
1790846321.3916,0.3755,-1.0053,1.1901,0.0104
1790846321.4418,0.3769,-1.0030,1.1892,0.0005
1790846321.4921,0.3777,-1.0009,1.1885,0.0108
1790846321.5424,0.3789,-0.9969,1.1876,0.0009
1790846321.5926,0.3799,-0.9937,1.1870,0.0113
1790846321.6428,0.3818,-0.9883,1.1863,0.0016
1790846321.6930,0.3837,-0.9841,1.1861,0.0120
1790846321.7432,0.3871,-0.9776,1.1857,0.0015
1790846321.7934,0.3903,-0.9729,1.1857,0.0119
1790846321.8436,0.3961,-0.9655,1.1861,0.0022
1790846321.8938,0.4009,-0.9604,1.1864,0.0124
1790846321.9440,0.4092,-0.9528,1.1871,0.0025
1790846321.9942,0.4156,-0.9479,1.1875,0.0131
1790846322.0443,0.4265,-0.9408,1.1885,0.0030
1790846322.0946,0.4346,-0.9364,1.1891,0.0135
1790846322.1448,0.4478,-0.9305,1.1901,0.0033
1790846322.1950,0.4574,-0.9270,1.1908,0.0139
1790846322.2452,0.4727,-0.9224,1.1916,0.0040
1790846322.2954,0.4833,-0.9197,1.1923,0.0141
1790846322.3456,0.4999,-0.9158,1.1934,0.0040
1790846322.3958,0.5111,-0.9134,1.1942,0.0147
1790846322.4459,0.5280,-0.9097,1.1953,0.0046
1790846322.4961,0.5391,-0.9072,1.1960,0.0151
1790846322.5464,0.5554,-0.9032,1.1970,0.0054
1790846322.5967,0.5659,-0.9006,1.1978,0.0153
1790846322.6469,0.5809,-0.8966,1.1990,0.0057
1790846322.6971,0.5904,-0.8940,1.1997,0.0163
1790846322.7473,0.6037,-0.8904,1.2006,0.0057
1790846322.7975,0.6121,-0.8882,1.2011,0.0163
1790846322.8477,0.6235,-0.8854,1.2019,0.0067
1790846322.8980,0.6305,-0.8839,1.2025,0.0167
1790846322.9481,0.6398,-0.8821,1.2036,0.0066
1790846322.9984,0.6454,-0.8812,1.2044,0.0174
1790846323.0486,0.6528,-0.8803,1.2058,0.0075
1790846323.0989,0.6573,-0.8799,1.2067,0.0177
1790846323.1491,0.6634,-0.8798,1.2081,0.0080
1790846323.1994,0.6673,-0.8801,1.2089,0.0183
1790846323.2497,0.6726,-0.8810,1.2099,0.0085
1790846323.3000,0.6759,-0.8818,1.2103,0.0189
1790846323.3502,0.6804,-0.8837,1.2107,0.0089
1790846323.4005,0.6831,-0.8854,1.2109,0.0194
1790846323.4507,0.6870,-0.8882,1.2109,0.0067
1790846323.5008,0.6904,-0.8914,1.2108,0.0000
1790846323.5510,0.6924,-0.8937,1.2106,0.0098
1790846323.6011,0.6953,-0.8970,1.2102,0.0002
1790846323.6514,0.6972,-0.8991,1.2099,0.0095
1790846323.7016,0.6999,-0.9020,1.2093,0.0005
1790846323.7518,0.7016,-0.9035,1.2089,0.0105
1790846323.8021,0.7043,-0.9051,1.2082,0.0011
1790846323.8523,0.7059,-0.9058,1.2078,0.0111
1790846323.9026,0.7088,-0.9057,1.2071,0.0006
1790846323.9529,0.7108,-0.9051,1.2066,0.0119
1790846324.0030,0.7142,-0.9034,1.2058,0.0020
1790846324.0532,0.7167,-0.9018,1.2053,0.0119
1790846324.1034,0.7212,-0.8984,1.2045,0.0011
1790846324.1536,0.7246,-0.8957,1.2040,0.0124
1790846324.2039,0.7304,-0.8912,1.2031,0.0029
1790846324.2541,0.7348,-0.8878,1.2024,0.0130
1790846324.3043,0.7423,-0.8822,1.2014,0.0034
1790846324.3546,0.7480,-0.8779,1.2008,0.0134
1790846324.4048,0.7569,-0.8714,1.2000,0.0038
1790846324.4550,0.7636,-0.8665,1.1996,0.0136
1790846324.5051,0.7744,-0.8588,1.1993,0.0039
1790846324.5554,0.7820,-0.8535,1.1993,0.0142
1790846324.6056,0.7944,-0.8450,1.1995,0.0045
1790846324.6559,0.8032,-0.8391,1.1996,0.0147
1790846324.7061,0.8172,-0.8301,1.1999,0.0044
1790846324.7563,0.8269,-0.8239,1.2002,0.0151
1790846324.8065,0.8419,-0.8145,1.2005,0.0055
1790846324.8567,0.8520,-0.8082,1.2008,0.0155
1790846324.9069,0.8673,-0.7988,1.2011,0.0054
1790846324.9570,0.8773,-0.7927,1.2014,0.0163
1790846325.0073,0.8923,-0.7837,1.2017,0.0064
1790846325.0575,0.9019,-0.7778,1.2019,0.0165
1790846325.1076,0.9161,-0.7691,1.2019,0.0066
1790846325.1579,0.9250,-0.7636,1.2019,0.0164
1790846325.2081,0.9380,-0.7555,1.2018,0.0072
1790846325.2583,0.9462,-0.7504,1.2018,0.0173
1790846325.3085,0.9577,-0.7433,1.2017,0.0075
1790846325.3587,0.9650,-0.7388,1.2015,0.0177
1790846325.4089,0.9752,-0.7330,1.2011,0.0080
1790846325.4591,0.9814,-0.7298,1.2006,0.0180
1790846325.5094,0.9901,-0.7259,1.1999,0.0084
1790846325.5596,0.9950,-0.7240,1.1992,0.0184
1790846325.6098,1.0018,-0.7218,1.1983,0.0091
1790846325.6600,1.0054,-0.7209,1.1977,0.0185
1790846325.7102,1.0098,-0.7203,1.1968,0.0094
1790846325.7605,1.0134,-0.7202,1.1959,0.0000
1790846325.8105,1.0151,-0.7205,1.1954,0.0094
1790846325.8608,1.0166,-0.7208,1.1949,0.0198
1790846325.9109,1.0183,-0.7218,1.1944,0.0101
1790846325.9612,1.0195,-0.7227,1.1939,0.0002
1790846326.0114,1.0201,-0.7234,1.1936,0.0105
1790846326.0616,1.0207,-0.7241,1.1932,0.0007
1790846326.1118,1.0211,-0.7242,1.1929,0.0108
1790846326.1620,1.0218,-0.7241,1.1922,0.0007
1790846326.2122,1.0224,-0.7234,1.1919,0.0101
1790846326.2625,1.0237,-0.7216,1.1914,0.0006
1790846326.3126,1.0248,-0.7197,1.1912,0.0117
1790846326.3629,1.0271,-0.7159,1.1912,0.0014
1790846326.4131,1.0290,-0.7127,1.1913,0.0121
1790846326.4633,1.0325,-0.7070,1.1915,0.0006
1790846326.5135,1.0355,-0.7027,1.1917,0.0126
1790846326.5637,1.0407,-0.6958,1.1921,0.0024
1790846326.6140,1.0447,-0.6909,1.1925,0.0130
1790846326.6641,1.0514,-0.6833,1.1928,0.0028
1790846326.7143,1.0563,-0.6781,1.1931,0.0135
1790846326.7646,1.0642,-0.6701,1.1935,0.0036
1790846326.8147,1.0699,-0.6646,1.1937,0.0139
1790846326.8649,1.0784,-0.6560,1.1941,0.0036
1790846326.9151,1.0843,-0.6500,1.1944,0.0138
1790846326.9653,1.0931,-0.6405,1.1948,0.0040
1790846327.0156,1.0993,-0.6337,1.1952,0.0147
1790846327.0658,1.1085,-0.6227,1.1958,0.0045
1790846327.1160,1.1147,-0.6150,1.1963,0.0151
1790846327.1663,1.1242,-0.6024,1.1968,0.0054
1790846327.2165,1.1305,-0.5935,1.1971,0.0157
1790846327.2666,1.1402,-0.5796,1.1976,0.0048
1790846327.3169,1.1468,-0.5699,1.1977,0.0160
1790846327.3670,1.1565,-0.5553,1.1979,0.0062
1790846327.4173,1.1630,-0.5454,1.1982,0.0158
1790846327.4675,1.1727,-0.5307,1.1988,0.0064
1790846327.5177,1.1792,-0.5213,1.1990,0.0158
1790846327.5679,1.1885,-0.5077,1.1995,0.0070
1790846327.6181,1.1945,-0.4995,1.1998,0.0162
1790846327.6683,1.2033,-0.4884,1.2002,0.0072
1790846327.7185,1.2090,-0.4820,1.2005,0.0177
1790846327.7688,1.2173,-0.4742,1.2009,0.0078
1790846327.8189,1.2225,-0.4700,1.2011,0.0169
1790846327.8691,1.2303,-0.4653,1.2016,0.0079
1790846327.9194,1.2352,-0.4630,1.2018,0.0178
1790846327.9698,1.2421,-0.4607,1.2021,0.0088
1790846328.0200,1.2464,-0.4598,1.2021,0.0179
1790846328.0703,1.2525,-0.4592,1.2018,0.0092
1790846328.1205,1.2561,-0.4593,1.2016,0.0194
1790846328.1708,1.2612,-0.4599,1.2013,0.0098
1790846328.2209,1.2655,-0.4611,1.2010,0.0000
1790846328.2710,1.2679,-0.4619,1.2008,0.0099
1790846328.3212,1.2710,-0.4632,1.2006,0.0000
1790846328.3713,1.2726,-0.4640,1.2004,0.0101
1790846328.4215,1.2746,-0.4647,1.2002,0.0004
1790846328.4718,1.2756,-0.4649,1.2000,0.0108
1790846328.5220,1.2765,-0.4645,1.1996,0.0010
1790846328.5722,1.2769,-0.4638,1.1993,0.0112
1790846328.6224,1.2769,-0.4618,1.1988,0.0014
1790846328.6727,1.2766,-0.4599,1.1984,0.0117
1790846328.7228,1.2760,-0.4563,1.1978,0.0017
1790846328.7731,1.2753,-0.4533,1.1975,0.0119
1790846328.8233,1.2744,-0.4480,1.1971,0.0022
1790846328.8735,1.2739,-0.4439,1.1969,0.0121
1790846328.9237,1.2733,-0.4371,1.1968,0.0025
1790846328.9739,1.2732,-0.4320,1.1967,0.0125
1790846329.0241,1.2738,-0.4235,1.1971,0.0032
1790846329.0742,1.2746,-0.4174,1.1975,0.0128
1790846329.1245,1.2766,-0.4074,1.1982,0.0030
1790846329.1746,1.2785,-0.4003,1.1986,0.0136
1790846329.2248,1.2821,-0.3889,1.1993,0.0038
1790846329.2750,1.2850,-0.3810,1.1998,0.0139
1790846329.3251,1.2900,-0.3686,1.2006,0.0041
1790846329.3754,1.2936,-0.3601,1.2009,0.0143
1790846329.4255,1.2996,-0.3470,1.2017,0.0045
1790846329.4757,1.3040,-0.3382,1.2021,0.0144
1790846329.5259,1.3109,-0.3247,1.2026,0.0049
1790846329.5762,1.3159,-0.3158,1.2030,0.0150
1790846329.6264,1.3236,-0.3023,1.2034,0.0056
1790846329.6765,1.3289,-0.2934,1.2037,0.0155
1790846329.7267,1.3372,-0.2802,1.2042,0.0058
1790846329.7769,1.3427,-0.2714,1.2045,0.0159
1790846329.8272,1.3512,-0.2585,1.2049,0.0063
1790846329.8773,1.3569,-0.2500,1.2052,0.0163
1790846329.9276,1.3654,-0.2376,1.2053,0.0065
1790846329.9777,1.3709,-0.2298,1.2053,0.0170
1790846330.0279,1.3794,-0.2186,1.2053,0.0068
1790846330.0781,1.3849,-0.2116,1.2052,0.0172
1790846330.1282,1.3929,-0.2015,1.2048,0.0075
1790846330.1784,1.3981,-0.1952,1.2045,0.0177
1790846330.2286,1.4055,-0.1862,1.2042,0.0077
1790846330.2788,1.4101,-0.1808,1.2039,0.0181
1790846330.3290,1.4167,-0.1732,1.2036,0.0080
1790846330.3791,1.4207,-0.1688,1.2035,0.0184
1790846330.4293,1.4262,-0.1628,1.2034,0.0086
1790846330.4795,1.4295,-0.1593,1.2034,0.0184
1790846330.5300,1.4339,-0.1545,1.2032,0.0092
1790846330.5802,1.4365,-0.1517,1.2033,0.0195
1790846330.6306,1.4398,-0.1477,1.2033,0.0097
1790846330.6808,1.4424,-0.1441,1.2032,0.0002
1790846330.7311,1.4439,-0.1417,1.2031,0.0106
1790846330.7813,1.4457,-0.1383,1.2029,0.0004
1790846330.8315,1.4468,-0.1361,1.2026,0.0107
1790846330.8819,1.4479,-0.1328,1.2021,0.0000
1790846330.9319,1.4485,-0.1306,1.2017,0.0111
1790846330.9821,1.4492,-0.1273,1.2013,0.0014
1790846331.0323,1.4495,-0.1251,1.2012,0.0110
1790846331.0824,1.4498,-0.1217,1.2009,0.0018
1790846331.1326,1.4500,-0.1195,1.2009,0.0115
1790846331.1829,1.4502,-0.1161,1.2007,0.0021
1790846331.2332,1.4504,-0.1138,1.2007,0.0117
1790846331.2834,1.4506,-0.1104,1.2005,0.0027
1790846331.3336,1.4508,-0.1079,1.2005,0.0127
1790846331.3838,1.4512,-0.1042,1.2004,0.0032
1790846331.4341,1.4513,-0.1015,1.2004,0.0133
1790846331.4843,1.4519,-0.0970,1.2005,0.0036
1790846331.5345,1.4523,-0.0936,1.2006,0.0137
1790846331.5848,1.4530,-0.0879,1.2006,0.0040
1790846331.6350,1.4535,-0.0836,1.2007,0.0141
1790846331.6852,1.4544,-0.0763,1.2008,0.0047
1790846331.7354,1.4550,-0.0708,1.2008,0.0146
1790846331.7856,1.4560,-0.0616,1.2010,0.0048
1790846331.8357,1.4568,-0.0549,1.2010,0.0139
1790846331.8859,1.4580,-0.0439,1.2010,0.0053
1790846331.9362,1.4589,-0.0359,1.2010,0.0149
1790846331.9863,1.4607,-0.0231,1.2009,0.0058
1790846332.0366,1.4621,-0.0139,1.2008,0.0158
1790846332.0868,1.4645,0.0008,1.2007,0.0061
1790846332.1370,1.4663,0.0110,1.2006,0.0162
1790846332.1872,1.4693,0.0272,1.2005,0.0029
1790846332.2374,1.4715,0.0385,1.2004,0.0155
1790846332.2877,1.4751,0.0558,1.2003,0.0070
1790846332.3379,1.4778,0.0678,1.2003,0.0171
1790846332.3882,1.4818,0.0860,1.2002,0.0075
1790846332.4383,1.4846,0.0983,1.2002,0.0175
1790846332.4886,1.4890,0.1169,1.2002,0.0079
1790846332.5388,1.4922,0.1292,1.2003,0.0181
1790846332.5891,1.4969,0.1473,1.2005,0.0083
1790846332.6393,1.5003,0.1591,1.2007,0.0176
1790846332.6895,1.5053,0.1760,1.2011,0.0087
1790846332.7397,1.5086,0.1866,1.2012,0.0192
1790846332.7899,1.5136,0.2012,1.2015,0.0092
1790846332.8401,1.5170,0.2100,1.2017,0.0192
1790846332.8903,1.5219,0.2217,1.2019,0.0092
1790846332.9406,1.5266,0.2315,1.2019,0.0000
1790846332.9906,1.5297,0.2369,1.2018,0.0097
1790846333.0409,1.5341,0.2435,1.2017,0.0002
1790846333.0912,1.5369,0.2470,1.2016,0.0104
1790846333.1416,1.5405,0.2512,1.2011,0.0009
1790846333.1917,1.5425,0.2534,1.2008,0.0112
1790846333.2420,1.5450,0.2560,1.2002,0.0013
1790846333.2922,1.5462,0.2575,1.1998,0.0116
1790846333.3423,1.5475,0.2595,1.1991,0.0017
1790846333.3926,1.5479,0.2608,1.1987,0.0117
1790846333.4428,1.5479,0.2628,1.1982,0.0022
1790846333.4930,1.5475,0.2642,1.1980,0.0125
1790846333.5433,1.5466,0.2665,1.1977,0.0025
1790846333.5935,1.5458,0.2682,1.1976,0.0127
1790846333.6436,1.5445,0.2708,1.1978,0.0023
1790846333.6938,1.5436,0.2726,1.1981,0.0132
1790846333.7441,1.5422,0.2755,1.1988,0.0033
1790846333.7943,1.5414,0.2776,1.1992,0.0137
1790846333.8445,1.5402,0.2809,1.1998,0.0040
1790846333.8947,1.5395,0.2833,1.2001,0.0141
1790846333.9449,1.5385,0.2872,1.2004,0.0041
1790846333.9950,1.5379,0.2901,1.2006,0.0145
1790846334.0452,1.5370,0.2950,1.2007,0.0035
1790846334.0954,1.5363,0.2987,1.2009,0.0149
1790846334.1456,1.5353,0.3049,1.2010,0.0050
1790846334.1959,1.5346,0.3096,1.2010,0.0153
1790846334.2461,1.5334,0.3174,1.2012,0.0053
1790846334.2963,1.5325,0.3232,1.2012,0.0155
1790846334.3466,1.5311,0.3326,1.2012,0.0061
1790846334.3968,1.5300,0.3394,1.2012,0.0161
1790846334.4470,1.5284,0.3505,1.2015,0.0063
1790846334.4973,1.5273,0.3585,1.2017,0.0166
1790846334.5476,1.5255,0.3712,1.2021,0.0070
1790846334.5978,1.5244,0.3802,1.2025,0.0172
1790846334.6480,1.5226,0.3946,1.2031,0.0073
1790846334.6982,1.5214,0.4046,1.2036,0.0175
1790846334.7483,1.5197,0.4203,1.2043,0.0077
1790846334.7985,1.5186,0.4311,1.2048,0.0179
1790846334.8488,1.5171,0.4477,1.2055,0.0075
1790846334.8990,1.5162,0.4590,1.2059,0.0183
1790846334.9491,1.5150,0.4758,1.2065,0.0086
1790846334.9993,1.5142,0.4870,1.2069,0.0186
1790846335.0496,1.5132,0.5036,1.2075,0.0090
1790846335.0998,1.5126,0.5144,1.2079,0.0194
1790846335.1500,1.5118,0.5301,1.2084,0.0093
1790846335.2002,1.5114,0.5400,1.2088,0.0196
1790846335.2505,1.5110,0.5542,1.2091,0.0098
1790846335.3008,1.5109,0.5631,1.2091,0.0202
1790846335.3510,1.5109,0.5751,1.2088,0.0106
1790846335.4012,1.5113,0.5860,1.2082,0.0006
1790846335.4515,1.5115,0.5925,1.2076,0.0107
1790846335.5016,1.5123,0.6012,1.2066,0.0006
1790846335.5518,1.5129,0.6062,1.2059,0.0111
1790846335.6021,1.5139,0.6127,1.2049,0.0009
1790846335.6522,1.5148,0.6165,1.2042,0.0116
1790846335.7025,1.5162,0.6216,1.2032,0.0010
1790846335.7527,1.5171,0.6248,1.2026,0.0120
1790846335.8031,1.5186,0.6291,1.2019,0.0024
1790846335.8533,1.5195,0.6318,1.2015,0.0115
1790846335.9036,1.5207,0.6360,1.2008,0.0030
1790846335.9539,1.5215,0.6386,1.2002,0.0131
1790846336.0040,1.5224,0.6424,1.1991,0.0033
1790846336.0542,1.5228,0.6451,1.1985,0.0135
1790846336.1044,1.5233,0.6492,1.1974,0.0036
1790846336.1546,1.5232,0.6517,1.1968,0.0140
1790846336.2048,1.5232,0.6557,1.1960,0.0041
1790846336.2551,1.5228,0.6583,1.1955,0.0145
1790846336.3053,1.5221,0.6624,1.1948,0.0048
1790846336.3555,1.5216,0.6651,1.1944,0.0151
1790846336.4058,1.5208,0.6694,1.1941,0.0052
1790846336.4560,1.5204,0.6722,1.1939,0.0149
1790846336.5062,1.5199,0.6767,1.1939,0.0051
1790846336.5564,1.5197,0.6796,1.1940,0.0160
1790846336.6067,1.5196,0.6841,1.1944,0.0061
1790846336.6569,1.5198,0.6871,1.1947,0.0164
1790846336.7071,1.5201,0.6919,1.1952,0.0065
1790846336.7573,1.5204,0.6952,1.1955,0.0163
1790846336.8076,1.5208,0.7004,1.1959,0.0069
1790846336.8577,1.5210,0.7042,1.1963,0.0173
1790846336.9080,1.5211,0.7101,1.1966,0.0072
1790846336.9581,1.5209,0.7143,1.1969,0.0176
1790846337.0084,1.5201,0.7212,1.1972,0.0076
1790846337.0586,1.5192,0.7263,1.1974,0.0172
1790846337.1087,1.5172,0.7345,1.1978,0.0081
1790846337.1590,1.5154,0.7405,1.1980,0.0186
1790846337.2092,1.5120,0.7505,1.1984,0.0086
1790846337.2594,1.5090,0.7577,1.1987,0.0187
1790846337.3095,1.5038,0.7693,1.1993,0.0089
1790846337.3597,1.4997,0.7776,1.1997,0.0192
1790846337.4099,1.4931,0.7909,1.2000,0.0093
1790846337.4602,1.4859,0.8053,1.2001,0.0000
1790846337.5103,1.4809,0.8152,1.2002,0.0098
1790846337.5604,1.4736,0.8306,1.2007,0.0000
1790846337.6106,1.4687,0.8413,1.2011,0.0100
1790846337.6608,1.4614,0.8574,1.2016,0.0002
1790846337.7111,1.4567,0.8684,1.2020,0.0105
1790846337.7613,1.4499,0.8848,1.2026,0.0007
1790846337.8116,1.4455,0.8958,1.2027,0.0109
1790846337.8618,1.4392,0.9120,1.2030,0.0013
1790846337.9120,1.4353,0.9224,1.2031,0.0111
1790846337.9622,1.4300,0.9380,1.2030,0.0016
1790846338.0124,1.4267,0.9478,1.2030,0.0119
1790846338.0626,1.4222,0.9620,1.2028,0.0020
1790846338.1128,1.4196,0.9711,1.2025,0.0123
1790846338.1630,1.4161,0.9834,1.2019,0.0023
1790846338.2132,1.4141,0.9911,1.2014,0.0128
1790846338.2635,1.4114,1.0016,1.2005,0.0029
1790846338.3137,1.4099,1.0081,1.2001,0.0129
1790846338.3640,1.4078,1.0165,1.1993,0.0031
1790846338.4141,1.4065,1.0216,1.1990,0.0136
1790846338.4643,1.4047,1.0284,1.1987,0.0029
1790846338.5145,1.4036,1.0324,1.1986,0.0139
1790846338.5649,1.4022,1.0377,1.1987,0.0042
1790846338.6151,1.4013,1.0408,1.1987,0.0145
1790846338.6654,1.4001,1.0451,1.1989,0.0048
1790846338.7156,1.3992,1.0475,1.1990,0.0152
1790846338.7658,1.3984,1.0508,1.1991,0.0054
1790846338.8160,1.3978,1.0527,1.1993,0.0156
1790846338.8662,1.3972,1.0552,1.1995,0.0058
1790846338.9164,1.3971,1.0568,1.1996,0.0158
1790846338.9666,1.3969,1.0586,1.1998,0.0059
1790846339.0168,1.3969,1.0600,1.2001,0.0164
1790846339.0671,1.3969,1.0615,1.2007,0.0062
1790846339.1173,1.3970,1.0624,1.2011,0.0166
1790846339.1675,1.3972,1.0633,1.2015,0.0068
1790846339.2177,1.3972,1.0638,1.2018,0.0173
1790846339.2679,1.3972,1.0645,1.2022,0.0075
1790846339.3180,1.3971,1.0650,1.2024,0.0177
1790846339.3682,1.3968,1.0658,1.2025,0.0078
1790846339.4184,1.3965,1.0664,1.2026,0.0180
1790846339.4687,1.3956,1.0677,1.2027,0.0080
1790846339.5189,1.3947,1.0687,1.2027,0.0186
1790846339.5691,1.3929,1.0708,1.2027,0.0085
1790846339.6193,1.3912,1.0726,1.2027,0.0178
1790846339.6695,1.3879,1.0760,1.2026,0.0087
1790846339.7196,1.3853,1.0788,1.2025,0.0190
1790846339.7698,1.3805,1.0839,1.2022,0.0090
1790846339.8199,1.3770,1.0878,1.2020,0.0180
1790846339.8702,1.3709,1.0948,1.2016,0.0097
1790846339.9205,1.3641,1.1030,1.2012,0.0000
1790846339.9706,1.3592,1.1093,1.2011,0.0101
1790846340.0208,1.3511,1.1195,1.2009,0.0003
1790846340.0711,1.3455,1.1269,1.2008,0.0106
1790846340.1212,1.3368,1.1387,1.2006,0.0007
1790846340.1714,1.3309,1.1473,1.2006,0.0110
1790846340.2216,1.3217,1.1606,1.2005,0.0012
1790846340.2718,1.3155,1.1700,1.2005,0.0115
1790846340.3219,1.3061,1.1847,1.2004,0.0014
1790846340.3721,1.2998,1.1948,1.2003,0.0116
1790846340.4222,1.2903,1.2103,1.2001,0.0015
1790846340.4724,1.2840,1.2207,1.1999,0.0120
1790846340.5226,1.2748,1.2363,1.1995,0.0021
1790846340.5729,1.2686,1.2466,1.1992,0.0123
1790846340.6231,1.2597,1.2612,1.1990,0.0027
1790846340.6734,1.2539,1.2705,1.1988,0.0130
1790846340.7236,1.2454,1.2833,1.1988,0.0031
1790846340.7737,1.2402,1.2913,1.1987,0.0132
1790846340.8239,1.2327,1.3022,1.1987,0.0034
1790846340.8741,1.2279,1.3088,1.1987,0.0137
1790846340.9243,1.2214,1.3180,1.1987,0.0035
1790846340.9744,1.2173,1.3237,1.1986,0.0138
1790846341.0246,1.2119,1.3316,1.1986,0.0042
1790846341.0748,1.2087,1.3367,1.1986,0.0143
1790846341.1250,1.2047,1.3440,1.1986,0.0046
1790846341.1753,1.2023,1.3487,1.1986,0.0149
1790846341.2255,1.1994,1.3559,1.1985,0.0050
1790846341.2757,1.1978,1.3605,1.1985,0.0146
1790846341.3259,1.1957,1.3676,1.1984,0.0056
1790846341.3762,1.1943,1.3722,1.1983,0.0159
1790846341.4264,1.1927,1.3795,1.1981,0.0053
1790846341.4766,1.1916,1.3844,1.1980,0.0161
1790846341.5268,1.1900,1.3915,1.1976,0.0059
1790846341.5770,1.1890,1.3961,1.1973,0.0168
1790846341.6272,1.1870,1.4031,1.1970,0.0054
1790846341.6775,1.1860,1.4076,1.1967,0.0169
1790846341.7278,1.1838,1.4142,1.1966,0.0075
1790846341.7779,1.1824,1.4181,1.1966,0.0176
1790846341.8281,1.1800,1.4240,1.1969,0.0067
1790846341.8784,1.1782,1.4276,1.1971,0.0177
1790846341.9285,1.1757,1.4325,1.1976,0.0080
1790846341.9787,1.1741,1.4353,1.1977,0.0183
1790846342.0289,1.1716,1.4392,1.1982,0.0078
1790846342.0791,1.1700,1.4417,1.1983,0.0186
1790846342.1293,1.1677,1.4450,1.1984,0.0089
1790846342.1795,1.1660,1.4469,1.1985,0.0190
1790846342.2297,1.1635,1.4500,1.1984,0.0092
1790846342.2799,1.1617,1.4519,1.1982,0.0193
1790846342.3302,1.1588,1.4550,1.1980,0.0094
1790846342.3805,1.1556,1.4587,1.1979,0.0000
1790846342.4305,1.1536,1.4613,1.1979,0.0099
1790846342.4807,1.1512,1.4643,1.1982,0.0196
1790846342.5309,1.1475,1.4687,1.1987,0.0105
1790846342.5812,1.1432,1.4734,1.1997,0.0007
1790846342.6313,1.1398,1.4765,1.2004,0.0107
1790846342.6815,1.1343,1.4812,1.2015,0.0008
1790846342.7317,1.1300,1.4843,1.2022,0.0112
1790846342.7819,1.1228,1.4894,1.2032,0.0017
1790846342.8322,1.1176,1.4928,1.2037,0.0105
1790846342.8823,1.1088,1.4987,1.2046,0.0016
1790846342.9325,1.1024,1.5030,1.2052,0.0121
1790846342.9827,1.0921,1.5102,1.2060,0.0022
1790846343.0329,1.0847,1.5156,1.2066,0.0126
1790846343.0831,1.0730,1.5245,1.2071,0.0026
1790846343.1333,1.0649,1.5311,1.2073,0.0130
1790846343.1835,1.0524,1.5413,1.2076,0.0030
1790846343.2337,1.0438,1.5485,1.2077,0.0133
1790846343.2840,1.0308,1.5597,1.2077,0.0035
1790846343.3342,1.0219,1.5671,1.2077,0.0139
1790846343.3844,1.0086,1.5786,1.2073,0.0040
1790846343.4347,0.9999,1.5861,1.2068,0.0140
1790846343.4848,0.9868,1.5972,1.2055,0.0044
1790846343.5351,0.9782,1.6046,1.2045,0.0147
1790846343.5853,0.9656,1.6153,1.2030,0.0048
1790846343.6355,0.9575,1.6222,1.2020,0.0152
1790846343.6856,0.9456,1.6322,1.2005,0.0052
1790846343.7359,0.9377,1.6388,1.1997,0.0154
1790846343.7862,0.9268,1.6480,1.1985,0.0056
1790846343.8364,0.9198,1.6540,1.1979,0.0150
1790846343.8866,0.9100,1.6626,1.1971,0.0061
1790846343.9368,0.9038,1.6682,1.1967,0.0164
1790846343.9871,0.8955,1.6761,1.1965,0.0065
1790846344.0373,0.8905,1.6811,1.1966,0.0167
1790846344.0874,0.8839,1.6881,1.1972,0.0070
1790846344.1376,0.8801,1.6925,1.1978,0.0168
1790846344.1878,0.8753,1.6983,1.1988,0.0072
1790846344.2380,0.8730,1.7019,1.1995,0.0176
1790846344.2884,0.8702,1.7065,1.2006,0.0080
1790846344.3386,0.8692,1.7093,1.2012,0.0181
1790846344.3888,0.8684,1.7129,1.2023,0.0086
1790846344.4390,0.8682,1.7148,1.2028,0.0188
1790846344.4893,0.8682,1.7170,1.2036,0.0090
1790846344.5394,0.8683,1.7178,1.2040,0.0177
1790846344.5897,0.8686,1.7182,1.2046,0.0095
1790846344.6399,0.8688,1.7176,1.2050,0.0196
1790846344.6902,0.8690,1.7158,1.2055,0.0098
1790846344.7405,0.8691,1.7134,1.2057,0.0000
1790846344.7906,0.8691,1.7114,1.2056,0.0105
1790846344.8408,0.8689,1.7084,1.2056,0.0004
1790846344.8911,0.8687,1.7063,1.2054,0.0106
1790846344.9413,0.8677,1.7039,1.2053,0.0006
1790846344.9915,0.8667,1.7025,1.2051,0.0113
1790846345.0416,0.8647,1.7011,1.2047,0.0012
1790846345.0919,0.8630,1.7005,1.2043,0.0115
1790846345.1421,0.8597,1.7002,1.2035,0.0018
1790846345.1923,0.8572,1.7004,1.2030,0.0120
1790846345.2425,0.8526,1.7014,1.2022,0.0022
1790846345.2927,0.8494,1.7025,1.2016,0.0122
1790846345.3429,0.8438,1.7048,1.2008,0.0026
1790846345.3931,0.8397,1.7066,1.2005,0.0127
1790846345.4433,0.8329,1.7099,1.1999,0.0032
1790846345.4935,0.8279,1.7122,1.1997,0.0133
1790846345.5438,0.8199,1.7165,1.1993,0.0032
1790846345.5940,0.8140,1.7195,1.1992,0.0136
1790846345.6442,0.8047,1.7246,1.1990,0.0037
1790846345.6944,0.7982,1.7283,1.1989,0.0139
1790846345.7446,0.7879,1.7340,1.1989,0.0045
1790846345.7948,0.7806,1.7380,1.1990,0.0147
1790846345.8451,0.7690,1.7444,1.1993,0.0044
1790846345.8953,0.7608,1.7491,1.1995,0.0148
1790846345.9455,0.7477,1.7563,1.2000,0.0052
1790846345.9957,0.7386,1.7613,1.2001,0.0152
1790846346.0459,0.7243,1.7688,1.2005,0.0055
1790846346.0962,0.7142,1.7740,1.2010,0.0154
1790846346.1464,0.6987,1.7820,1.2014,0.0062
1790846346.1966,0.6881,1.7876,1.2013,0.0166
1790846346.2468,0.6718,1.7960,1.2014,0.0057
1790846346.2969,0.6607,1.8018,1.2012,0.0164
1790846346.3471,0.6440,1.8106,1.2010,0.0071
1790846346.3974,0.6328,1.8164,1.2006,0.0165
1790846346.4476,0.6163,1.8250,1.2000,0.0071
1790846346.4977,0.6056,1.8304,1.1994,0.0175
1790846346.5480,0.5902,1.8384,1.1986,0.0077
1790846346.5982,0.5805,1.8437,1.1978,0.0179
1790846346.6484,0.5667,1.8517,1.1969,0.0081
1790846346.6986,0.5582,1.8570,1.1963,0.0184
1790846346.7487,0.5464,1.8649,1.1956,0.0085
1790846346.7988,0.5391,1.8699,1.1951,0.0186
1790846346.8490,0.5289,1.8775,1.1944,0.0086
1790846346.8992,0.5229,1.8818,1.1943,0.0188
1790846346.9494,0.5141,1.8888,1.1943,0.0090
1790846346.9996,0.5089,1.8929,1.1944,0.0191
1790846347.0498,0.5017,1.8988,1.1949,0.0095
1790846347.1000,0.4975,1.9023,1.1955,0.0197
1790846347.1503,0.4916,1.9072,1.1963,0.0099
1790846347.2005,0.4866,1.9117,1.1968,0.0000
1790846347.2509,0.4839,1.9133,1.1974,0.0105
1790846347.3011,0.4804,1.9161,1.1980,0.0006
1790846347.3513,0.4782,1.9176,1.1983,0.0109
1790846347.4015,0.4757,1.9183,1.1991,0.0009
1790846347.4517,0.4741,1.9190,1.1997,0.0114
1790846347.5020,0.4721,1.9188,1.2010,0.0017
1790846347.5521,0.4709,1.9183,1.2016,0.0119
1790846347.6024,0.4695,1.9168,1.2025,0.0022
1790846347.6527,0.4685,1.9158,1.2029,0.0125
1790846347.7029,0.4670,1.9145,1.2033,0.0023
1790846347.7530,0.4663,1.9136,1.2033,0.0128
1790846347.8032,0.4652,1.9119,1.2033,0.0029
1790846347.8535,0.4643,1.9111,1.2033,0.0131
1790846347.9038,0.4628,1.9100,1.2033,0.0036
1790846347.9539,0.4615,1.9088,1.2033,0.0137
1790846348.0041,0.4593,1.9083,1.2030,0.0026
1790846348.0543,0.4575,1.9082,1.2029,0.0141
1790846348.1045,0.4545,1.9085,1.2028,0.0040
1790846348.1547,0.4521,1.9088,1.2027,0.0145
1790846348.2049,0.4483,1.9099,1.2022,0.0042
1790846348.2550,0.4452,1.9108,1.2020,0.0145
1790846348.3052,0.4404,1.9123,1.2017,0.0047
1790846348.3553,0.4366,1.9136,1.2016,0.0150
1790846348.4055,0.4307,1.9154,1.2013,0.0053
1790846348.4557,0.4263,1.9168,1.2013,0.0153
1790846348.5059,0.4191,1.9188,1.2013,0.0057
1790846348.5562,0.4140,1.9201,1.2014,0.0149
1790846348.6064,0.4055,1.9224,1.2017,0.0060
1790846348.6566,0.3995,1.9238,1.2017,0.0163
1790846348.7068,0.3899,1.9259,1.2013,0.0067
1790846348.7570,0.3829,1.9273,1.2009,0.0169
1790846348.8072,0.3720,1.9293,1.1996,0.0062
1790846348.8574,0.3641,1.9307,1.1990,0.0171
1790846348.9077,0.3515,1.9325,1.1975,0.0074
1790846348.9579,0.3428,1.9338,1.1966,0.0176
1790846349.0082,0.3290,1.9354,1.1953,0.0079
1790846349.0584,0.3193,1.9370,1.1938,0.0182
1790846349.1085,0.3041,1.9394,1.1929,0.0084
1790846349.1587,0.2937,1.9409,1.1919,0.0186
1790846349.2089,0.2773,1.9437,1.1906,0.0087
1790846349.2591,0.2662,1.9459,1.1899,0.0188
1790846349.3092,0.2489,1.9494,1.1886,0.0081
1790846349.3595,0.2374,1.9519,1.1878,0.0192
1790846349.4097,0.2200,1.9551,1.1863,0.0094
1790846349.4599,0.2082,1.9575,1.1855,0.0198
1790846349.5102,0.1908,1.9614,1.1844,0.0101
1790846349.5605,0.1737,1.9652,1.1834,0.0003
1790846349.6107,0.1625,1.9682,1.1833,0.0102
1790846349.6608,0.1466,1.9721,1.1827,0.0006
1790846349.7111,0.1364,1.9746,1.1824,0.0106
1790846349.7613,0.1218,1.9787,1.1824,0.0010
1790846349.8115,0.1125,1.9814,1.1828,0.0112
1790846349.8616,0.0993,1.9858,1.1832,0.0014
1790846349.9119,0.0910,1.9888,1.1834,0.0119
1790846349.9622,0.0795,1.9934,1.1843,0.0019
1790846350.0124,0.0722,1.9967,1.1851,0.0119
1790846350.0626,0.0618,2.0017,1.1869,0.0023
1790846350.1128,0.0553,2.0047,1.1880,0.0125
1790846350.1630,0.0459,2.0094,1.1903,0.0029
1790846350.2131,0.0400,2.0121,1.1916,0.0128
1790846350.2633,0.0319,2.0157,1.1930,0.0031
1790846350.3137,0.0270,2.0176,1.1937,0.0136
1790846350.3639,0.0204,2.0206,1.1954,0.0038
1790846350.4141,0.0170,2.0215,1.1961,0.0137
1790846350.4644,0.0126,2.0228,1.1979,0.0039
1790846350.5146,0.0107,2.0234,1.1991,0.0139
1790846350.5649,0.0085,2.0240,1.2010,0.0042
1790846350.6150,0.0078,2.0241,1.2021,0.0143
1790846350.6653,0.0074,2.0250,1.2039,0.0046
1790846350.7154,0.0077,2.0254,1.2047,0.0154
1790846350.7656,0.0080,2.0268,1.2062,0.0053
1790846350.8158,0.0081,2.0280,1.2071,0.0154
1790846350.8660,0.0089,2.0298,1.2080,0.0055
1790846350.9162,0.0092,2.0310,1.2085,0.0157
1790846350.9664,0.0092,2.0327,1.2094,0.0061
1790846351.0167,0.0090,2.0339,1.2104,0.0165
1790846351.0669,0.0084,2.0351,1.2116,0.0066
1790846351.1170,0.0077,2.0359,1.2124,0.0165
1790846351.1672,0.0061,2.0359,1.2137,0.0069
1790846351.2175,0.0051,2.0362,1.2141,0.0175
1790846351.2677,0.0029,2.0356,1.2149,0.0074
1790846351.3178,0.0012,2.0348,1.2154,0.0176
1790846351.3679,-0.0014,2.0335,1.2160,0.0077
1790846351.4182,-0.0038,2.0322,1.2161,0.0181
1790846351.4684,-0.0071,2.0300,1.2160,0.0080
1790846351.5186,-0.0095,2.0281,1.2159,0.0180
1790846351.5688,-0.0137,2.0256,1.2150,0.0081
1790846351.6191,-0.0170,2.0234,1.2143,0.0181
1790846351.6692,-0.0227,2.0195,1.2136,0.0090
1790846351.7194,-0.0271,2.0168,1.2131,0.0189
1790846351.7696,-0.0346,2.0125,1.2121,0.0093
1790846351.8198,-0.0404,2.0093,1.2118,0.0195
1790846351.8700,-0.0499,2.0046,1.2106,0.0098
1790846351.9202,-0.0609,2.0000,1.2095,0.0003
1790846351.9704,-0.0688,1.9967,1.2088,0.0103
1790846352.0206,-0.0818,1.9920,1.2075,0.0006
1790846352.0708,-0.0912,1.9887,1.2067,0.0107
1790846352.1210,-0.1062,1.9846,1.2052,0.0009
1790846352.1713,-0.1168,1.9818,1.2040,0.0111
1790846352.2215,-0.1339,1.9779,1.2023,0.0015
1790846352.2717,-0.1457,1.9751,1.2009,0.0115
1790846352.3219,-0.1641,1.9719,1.1992,0.0017
1790846352.3721,-0.1768,1.9702,1.1982,0.0120
1790846352.4223,-0.1963,1.9682,1.1978,0.0022
1790846352.4724,-0.2091,1.9670,1.1976,0.0123
1790846352.5226,-0.2282,1.9663,1.1977,0.0022
1790846352.5728,-0.2407,1.9663,1.1981,0.0125
1790846352.6230,-0.2585,1.9667,1.1987,0.0030
1790846352.6732,-0.2702,1.9675,1.1989,0.0127
1790846352.7234,-0.2865,1.9687,1.1997,0.0031
1790846352.7735,-0.2967,1.9697,1.2003,0.0131
1790846352.8237,-0.3110,1.9713,1.2012,0.0032
1790846352.8740,-0.3200,1.9727,1.2015,0.0137
1790846352.9243,-0.3322,1.9745,1.2019,0.0041
1790846352.9745,-0.3400,1.9755,1.2020,0.0144
1790846353.0247,-0.3507,1.9767,1.2020,0.0047
1790846353.0749,-0.3575,1.9774,1.2018,0.0144
1790846353.1251,-0.3671,1.9783,1.2018,0.0053
1790846353.1754,-0.3731,1.9787,1.2012,0.0152
1790846353.2256,-0.3817,1.9791,1.2005,0.0054
1790846353.2758,-0.3873,1.9794,1.1998,0.0158
1790846353.3260,-0.3954,1.9801,1.1982,0.0060
1790846353.3763,-0.4007,1.9804,1.1971,0.0160
1790846353.4267,-0.4084,1.9811,1.1954,0.0068
1790846353.4769,-0.4135,1.9819,1.1942,0.0166
1790846353.5270,-0.4208,1.9832,1.1920,0.0069
1790846353.5773,-0.4256,1.9844,1.1906,0.0167
1790846353.6274,-0.4325,1.9864,1.1886,0.0075
1790846353.6776,-0.4368,1.9879,1.1874,0.0173
1790846353.7279,-0.4428,1.9907,1.1860,0.0072
1790846353.7780,-0.4465,1.9925,1.1853,0.0178
1790846353.8283,-0.4513,1.9958,1.1845,0.0080
1790846353.8784,-0.4540,1.9979,1.1842,0.0185
1790846353.9287,-0.4575,2.0010,1.1843,0.0073
1790846353.9789,-0.4593,2.0031,1.1843,0.0178
1790846354.0291,-0.4614,2.0056,1.1848,0.0090
1790846354.0794,-0.4624,2.0078,1.1853,0.0194
1790846354.1295,-0.4629,2.0092,1.1866,0.0087
1790846354.1798,-0.4630,2.0104,1.1877,0.0191
1790846354.2300,-0.4626,2.0120,1.1895,0.0100
1790846354.2803,-0.4617,2.0125,1.1915,0.0004
1790846354.3305,-0.4608,2.0130,1.1930,0.0106
1790846354.3806,-0.4593,2.0130,1.1950,0.0007
1790846354.4309,-0.4584,2.0125,1.1964,0.0108
1790846354.4811,-0.4572,2.0117,1.1982,0.0011
1790846354.5313,-0.4565,2.0110,1.1990,0.0104
1790846354.5815,-0.4559,2.0095,1.1998,0.0014
1790846354.6317,-0.4559,2.0085,1.1999,0.0116
1790846354.6820,-0.4567,2.0063,1.1999,0.0018
1790846354.7321,-0.4578,2.0043,1.1996,0.0102
1790846354.7823,-0.4605,2.0005,1.1993,0.0020
1790846354.8325,-0.4631,1.9974,1.1991,0.0122
1790846354.8827,-0.4681,1.9917,1.1982,0.0027
1790846354.9328,-0.4722,1.9872,1.1974,0.0125
1790846354.9830,-0.4800,1.9797,1.1963,0.0031
1790846355.0332,-0.4861,1.9741,1.1955,0.0130
1790846355.0834,-0.4969,1.9650,1.1941,0.0034
1790846355.1336,-0.5053,1.9584,1.1933,0.0133
1790846355.1838,-0.5195,1.9482,1.1924,0.0036
1790846355.2341,-0.5300,1.9413,1.1919,0.0139
1790846355.2843,-0.5472,1.9309,1.1914,0.0042
1790846355.3346,-0.5594,1.9242,1.1912,0.0142
1790846355.3847,-0.5789,1.9144,1.1914,0.0046
1790846355.4349,-0.5924,1.9081,1.1916,0.0147
1790846355.4850,-0.6134,1.8995,1.1924,0.0049
1790846355.5352,-0.6277,1.8943,1.1933,0.0150
1790846355.5855,-0.6495,1.8873,1.1948,0.0053
1790846355.6357,-0.6642,1.8832,1.1959,0.0156
1790846355.6859,-0.6861,1.8784,1.1978,0.0060
1790846355.7361,-0.7002,1.8759,1.1989,0.0159
1790846355.7862,-0.7211,1.8731,1.2007,0.0061
1790846355.8365,-0.7345,1.8719,1.2020,0.0165
1790846355.8867,-0.7538,1.8707,1.2038,0.0067
1790846355.9370,-0.7659,1.8702,1.2050,0.0170
1790846355.9872,-0.7832,1.8702,1.2066,0.0070
1790846356.0374,-0.7938,1.8704,1.2077,0.0171
1790846356.0877,-0.8085,1.8712,1.2093,0.0078
1790846356.1378,-0.8172,1.8716,1.2098,0.0179
1790846356.1881,-0.8298,1.8724,1.2111,0.0081
1790846356.2382,-0.8372,1.8727,1.2120,0.0183
1790846356.2884,-0.8477,1.8731,1.2127,0.0084
1790846356.3387,-0.8541,1.8730,1.2131,0.0186
1790846356.3889,-0.8630,1.8723,1.2136,0.0089
1790846356.4391,-0.8684,1.8717,1.2141,0.0189
1790846356.4893,-0.8753,1.8699,1.2141,0.0095
1790846356.5394,-0.8795,1.8685,1.2142,0.0164
1790846356.5896,-0.8852,1.8657,1.2142,0.0097
1790846356.6399,-0.8898,1.8625,1.2138,0.0000
1790846356.6901,-0.8925,1.8603,1.2137,0.0097
1790846356.7404,-0.8960,1.8565,1.2138,0.0003
1790846356.7906,-0.8980,1.8540,1.2139,0.0106
1790846356.8408,-0.9006,1.8501,1.2138,0.0009
1790846356.8910,-0.9019,1.8476,1.2134,0.0110
1790846356.9412,-0.9036,1.8441,1.2128,0.0010
1790846356.9914,-0.9044,1.8416,1.2122,0.0099
1790846357.0416,-0.9054,1.8386,1.2114,0.0016
1790846357.0917,-0.9060,1.8365,1.2102,0.0113
1790846357.1420,-0.9071,1.8339,1.2090,0.0006
1790846357.1921,-0.9075,1.8319,1.2076,0.0122
1790846357.2423,-0.9084,1.8293,1.2061,0.0024
1790846357.2925,-0.9092,1.8275,1.2050,0.0126
1790846357.3428,-0.9109,1.8250,1.2041,0.0029
1790846357.3930,-0.9120,1.8231,1.2033,0.0130
1790846357.4433,-0.9140,1.8205,1.2025,0.0034
1790846357.4935,-0.9157,1.8188,1.2024,0.0134
1790846357.5437,-0.9182,1.8158,1.2023,0.0036
1790846357.5938,-0.9203,1.8138,1.2023,0.0138
1790846357.6441,-0.9235,1.8108,1.2028,0.0039
1790846357.6943,-0.9256,1.8088,1.2032,0.0134
1790846357.7446,-0.9290,1.8059,1.2043,0.0045
1790846357.7948,-0.9313,1.8042,1.2049,0.0147
1790846357.8451,-0.9347,1.8016,1.2057,0.0048
1790846357.8952,-0.9372,1.7997,1.2062,0.0152
1790846357.9454,-0.9411,1.7971,1.2069,0.0050
1790846357.9956,-0.9438,1.7953,1.2073,0.0154
1790846358.0458,-0.9484,1.7927,1.2075,0.0056
1790846358.0959,-0.9517,1.7907,1.2074,0.0159
1790846358.1462,-0.9573,1.7874,1.2071,0.0059
1790846358.1964,-0.9614,1.7846,1.2069,0.0165
1790846358.2466,-0.9683,1.7805,1.2061,0.0065
1790846358.2968,-0.9735,1.7773,1.2055,0.0168
1790846358.3470,-0.9823,1.7718,1.2044,0.0068
1790846358.3971,-0.9889,1.7676,1.2036,0.0172
1790846358.4473,-1.0001,1.7606,1.2025,0.0072
1790846358.4976,-1.0084,1.7553,1.2019,0.0175
1790846358.5478,-1.0221,1.7467,1.2011,0.0074
1790846358.5980,-1.0319,1.7406,1.2006,0.0175
1790846358.6482,-1.0475,1.7307,1.1998,0.0081
1790846358.6983,-1.0585,1.7239,1.1993,0.0180
1790846358.7486,-1.0750,1.7134,1.1985,0.0085
1790846358.7987,-1.0862,1.7064,1.1980,0.0189
1790846358.8490,-1.1030,1.6961,1.1975,0.0091
1790846358.8992,-1.1140,1.6894,1.1973,0.0191
1790846358.9493,-1.1306,1.6799,1.1974,0.0090
1790846358.9996,-1.1414,1.6736,1.1973,0.0197
1790846359.0499,-1.1574,1.6645,1.1977,0.0091
1790846359.1002,-1.1731,1.6557,1.1978,0.0002
1790846359.1503,-1.1833,1.6500,1.1982,0.0106
1790846359.2005,-1.1981,1.6416,1.1985,0.0006
1790846359.2508,-1.2074,1.6363,1.1989,0.0109
1790846359.3010,-1.2205,1.6291,1.1994,0.0008
1790846359.3513,-1.2292,1.6246,1.1998,0.0113
1790846359.4015,-1.2407,1.6184,1.1998,0.0017
1790846359.4517,-1.2483,1.6146,1.1997,0.0121
1790846359.5019,-1.2589,1.6097,1.1996,0.0019
1790846359.5522,-1.2654,1.6067,1.1993,0.0122
1790846359.6024,-1.2750,1.6026,1.1989,0.0013
1790846359.6526,-1.2810,1.5999,1.1988,0.0123
1790846359.7028,-1.2890,1.5964,1.1981,0.0028
1790846359.7530,-1.2944,1.5945,1.1980,0.0127
1790846359.8032,-1.3010,1.5917,1.1973,0.0033
1790846359.8534,-1.3047,1.5898,1.1965,0.0130
1790846359.9037,-1.3097,1.5882,1.1961,0.0036
1790846359.9539,-1.3122,1.5867,1.1960,0.0139
1790846360.0042,-1.3150,1.5852,1.1959,0.0043
1790846360.0544,-1.3165,1.5843,1.1962,0.0146
1790846360.1046,-1.3179,1.5831,1.1969,0.0036
1790846360.1548,-1.3186,1.5825,1.1975,0.0149
1790846360.2050,-1.3191,1.5814,1.1984,0.0052
1790846360.2552,-1.3195,1.5808,1.1990,0.0152
1790846360.3054,-1.3200,1.5800,1.2000,0.0055
1790846360.3556,-1.3204,1.5795,1.2007,0.0157
1790846360.4058,-1.3212,1.5790,1.2018,0.0060
1790846360.4560,-1.3220,1.5789,1.2027,0.0160
1790846360.5062,-1.3231,1.5783,1.2041,0.0064
1790846360.5564,-1.3238,1.5781,1.2048,0.0165
1790846360.6066,-1.3250,1.5774,1.2057,0.0067
1790846360.6568,-1.3257,1.5770,1.2062,0.0168
1790846360.7070,-1.3271,1.5762,1.2072,0.0063
1790846360.7573,-1.3284,1.5761,1.2080,0.0173
1790846360.8074,-1.3310,1.5762,1.2093,0.0075
1790846360.8577,-1.3329,1.5757,1.2098,0.0174
1790846360.9079,-1.3358,1.5748,1.2102,0.0081
1790846360.9582,-1.3381,1.5741,1.2102,0.0181
1790846361.0083,-1.3418,1.5724,1.2102,0.0082
1790846361.0586,-1.3443,1.5708,1.2097,0.0183
1790846361.1088,-1.3486,1.5673,1.2094,0.0088
1790846361.1590,-1.3517,1.5647,1.2093,0.0191
1790846361.2093,-1.3565,1.5596,1.2092,0.0095
1790846361.2594,-1.3599,1.5557,1.2091,0.0192
1790846361.3097,-1.3652,1.5494,1.2090,0.0097
1790846361.3599,-1.3691,1.5445,1.2088,0.0198
1790846361.4101,-1.3748,1.5360,1.2084,0.0102
1790846361.4603,-1.3790,1.5304,1.2083,0.0204
1790846361.5106,-1.3858,1.5216,1.2079,0.0108
1790846361.5608,-1.3935,1.5123,1.2075,0.0009
1790846361.6110,-1.3990,1.5060,1.2072,0.0113
1790846361.6611,-1.4079,1.4968,1.2067,0.0003
1790846361.7113,-1.4143,1.4900,1.2063,0.0113
1790846361.7614,-1.4241,1.4801,1.2054,0.0018
1790846361.8116,-1.4310,1.4731,1.2048,0.0117
1790846361.8617,-1.4414,1.4623,1.2040,0.0007
1790846361.9119,-1.4485,1.4545,1.2034,0.0121
1790846361.9621,-1.4592,1.4429,1.2026,0.0022
1790846362.0123,-1.4663,1.4348,1.2022,0.0125
1790846362.0625,-1.4768,1.4222,1.2016,0.0023
1790846362.1126,-1.4835,1.4137,1.2012,0.0128
1790846362.1628,-1.4935,1.4007,1.2008,0.0030
1790846362.2130,-1.4998,1.3918,1.2006,0.0129
1790846362.2632,-1.5092,1.3784,1.2006,0.0035
1790846362.3134,-1.5152,1.3694,1.2007,0.0136
1790846362.3637,-1.5242,1.3559,1.2007,0.0038
1790846362.4140,-1.5301,1.3469,1.2008,0.0135
1790846362.4642,-1.5390,1.3337,1.2011,0.0041
1790846362.5144,-1.5449,1.3252,1.2013,0.0143
1790846362.5646,-1.5537,1.3132,1.2016,0.0044
1790846362.6148,-1.5597,1.3057,1.2019,0.0145
1790846362.6650,-1.5686,1.2953,1.2022,0.0050
1790846362.7152,-1.5745,1.2889,1.2025,0.0153
1790846362.7655,-1.5834,1.2800,1.2028,0.0056
1790846362.8157,-1.5891,1.2746,1.2029,0.0148
1790846362.8660,-1.5974,1.2672,1.2029,0.0042
1790846362.9163,-1.6027,1.2627,1.2029,0.0163
1790846362.9665,-1.6101,1.2568,1.2029,0.0067
1790846363.0166,-1.6145,1.2533,1.2030,0.0168
1790846363.0668,-1.6202,1.2491,1.2032,0.0063
1790846363.1170,-1.6234,1.2468,1.2035,0.0172
1790846363.1672,-1.6271,1.2440,1.2038,0.0073
1790846363.2176,-1.6288,1.2425,1.2039,0.0177
1790846363.2678,-1.6302,1.2406,1.2039,0.0078
1790846363.3180,-1.6305,1.2395,1.2039,0.0175
1790846363.3682,-1.6302,1.2385,1.2037,0.0084
1790846363.4184,-1.6296,1.2380,1.2036,0.0187
1790846363.4686,-1.6281,1.2372,1.2034,0.0086
1790846363.5188,-1.6272,1.2367,1.2031,0.0191
1790846363.5690,-1.6258,1.2358,1.2024,0.0090
1790846363.6192,-1.6251,1.2349,1.2017,0.0185
1790846363.6694,-1.6244,1.2333,1.2006,0.0091
1790846363.7198,-1.6240,1.2310,1.1994,0.0000
1790846363.7698,-1.6240,1.2292,1.1989,0.0101
1790846363.8199,-1.6243,1.2258,1.1981,0.0000
1790846363.8702,-1.6244,1.2232,1.1977,0.0101
1790846363.9204,-1.6247,1.2188,1.1972,0.0004
1790846363.9706,-1.6246,1.2157,1.1968,0.0106
1790846364.0209,-1.6245,1.2105,1.1963,0.0011
1790846364.0711,-1.6243,1.2070,1.1961,0.0110
1790846364.1213,-1.6241,1.2015,1.1958,0.0012
1790846364.1714,-1.6241,1.1980,1.1956,0.0117
1790846364.2216,-1.6245,1.1928,1.1953,0.0018
1790846364.2718,-1.6252,1.1894,1.1950,0.0119
1790846364.3220,-1.6267,1.1846,1.1945,0.0022
1790846364.3722,-1.6280,1.1813,1.1940,0.0127
1790846364.4224,-1.6305,1.1756,1.1932,0.0026
1790846364.4726,-1.6325,1.1715,1.1928,0.0129
1790846364.5228,-1.6360,1.1646,1.1926,0.0030
1790846364.5730,-1.6385,1.1598,1.1926,0.0133
1790846364.6232,-1.6428,1.1520,1.1927,0.0034
1790846364.6734,-1.6460,1.1465,1.1929,0.0135
1790846364.7235,-1.6510,1.1382,1.1929,0.0037
1790846364.7737,-1.6545,1.1326,1.1929,0.0140
1790846364.8239,-1.6601,1.1239,1.1927,0.0043
1790846364.8741,-1.6641,1.1181,1.1925,0.0146
1790846364.9244,-1.6703,1.1092,1.1926,0.0046
1790846364.9746,-1.6745,1.1031,1.1927,0.0151
1790846365.0248,-1.6811,1.0934,1.1930,0.0042
1790846365.0749,-1.6854,1.0865,1.1931,0.0151
1790846365.1251,-1.6919,1.0750,1.1931,0.0049
1790846365.1753,-1.6962,1.0664,1.1931,0.0156
1790846365.2255,-1.7027,1.0519,1.1930,0.0055
1790846365.2757,-1.7071,1.0416,1.1934,0.0158
1790846365.3259,-1.7139,1.0252,1.1943,0.0056
1790846365.3761,-1.7187,1.0136,1.1952,0.0157
1790846365.4263,-1.7259,0.9957,1.1967,0.0066
1790846365.4765,-1.7310,0.9834,1.1978,0.0166
1790846365.5267,-1.7389,0.9647,1.1992,0.0071
1790846365.5770,-1.7444,0.9523,1.1998,0.0174
1790846365.6272,-1.7531,0.9335,1.2003,0.0068
1790846365.6774,-1.7592,0.9211,1.2006,0.0171
1790846365.7276,-1.7687,0.9024,1.2008,0.0076
1790846365.7778,-1.7753,0.8902,1.2008,0.0181
1790846365.8280,-1.7855,0.8723,1.2008,0.0072
1790846365.8782,-1.7925,0.8608,1.2010,0.0182
1790846365.9284,-1.8032,0.8443,1.2013,0.0086
1790846365.9787,-1.8102,0.8339,1.2015,0.0188
1790846366.0289,-1.8204,0.8193,1.2019,0.0085
1790846366.0792,-1.8269,0.8104,1.2021,0.0195
1790846366.1294,-1.8360,0.7979,1.2024,0.0097
1790846366.1797,-1.8441,0.7871,1.2027,0.0000
1790846366.2298,-1.8491,0.7807,1.2027,0.0099
1790846366.2800,-1.8535,0.7750,1.2028,0.0203
1790846366.3303,-1.8593,0.7678,1.2029,0.0108
1790846366.3806,-1.8644,0.7621,1.2032,0.0011
1790846366.4308,-1.8674,0.7592,1.2033,0.0112
1790846366.4810,-1.8711,0.7562,1.2034,0.0007
1790846366.5312,-1.8734,0.7551,1.2035,0.0114
1790846366.5814,-1.8762,0.7547,1.2035,0.0015
1790846366.6318,-1.8778,0.7551,1.2035,0.0120
1790846366.6819,-1.8799,0.7567,1.2033,0.0013
1790846366.7322,-1.8811,0.7584,1.2031,0.0124
1790846366.7823,-1.8828,0.7615,1.2028,0.0027
1790846366.8326,-1.8839,0.7639,1.2026,0.0132
1790846366.8828,-1.8852,0.7675,1.2023,0.0024
1790846366.9329,-1.8860,0.7699,1.2021,0.0133
1790846366.9831,-1.8868,0.7730,1.2013,0.0034
1790846367.0333,-1.8871,0.7747,1.2010,0.0135
1790846367.0836,-1.8870,0.7765,1.2005,0.0039
1790846367.1338,-1.8865,0.7770,1.2003,0.0140
1790846367.1840,-1.8851,0.7769,1.2001,0.0040
1790846367.2341,-1.8837,0.7761,1.2000,0.0142
1790846367.2843,-1.8811,0.7740,1.1999,0.0044
1790846367.3346,-1.8791,0.7718,1.1999,0.0149
1790846367.3847,-1.8757,0.7677,1.2001,0.0051
1790846367.4349,-1.8733,0.7645,1.2001,0.0143
1790846367.4852,-1.8697,0.7589,1.2001,0.0057
1790846367.5353,-1.8676,0.7547,1.2001,0.0156
1790846367.5855,-1.8647,0.7480,1.1996,0.0059
1790846367.6356,-1.8633,0.7432,1.1994,0.0129
1790846367.6858,-1.8617,0.7359,1.1989,0.0054
1790846367.7360,-1.8612,0.7308,1.1987,0.0162
1790846367.7862,-1.8608,0.7232,1.1980,0.0064
1790846367.8364,-1.8610,0.7179,1.1977,0.0158
1790846367.8866,-1.8617,0.7100,1.1971,0.0069
1790846367.9368,-1.8625,0.7047,1.1970,0.0172
1790846367.9869,-1.8641,0.6963,1.1968,0.0073
1790846368.0371,-1.8653,0.6905,1.1968,0.0175
1790846368.0873,-1.8675,0.6814,1.1970,0.0077
1790846368.1375,-1.8690,0.6751,1.1972,0.0177
1790846368.1877,-1.8714,0.6651,1.1976,0.0082
1790846368.2379,-1.8730,0.6580,1.1978,0.0184
1790846368.2881,-1.8754,0.6469,1.1980,0.0084
1790846368.3384,-1.8771,0.6391,1.1983,0.0189
1790846368.3885,-1.8798,0.6266,1.1986,0.0086
1790846368.4387,-1.8818,0.6178,1.1990,0.0189
1790846368.4889,-1.8848,0.6042,1.1993,0.0094
1790846368.5393,-1.8880,0.5901,1.1994,0.0000
1790846368.5894,-1.8902,0.5803,1.1992,0.0096
1790846368.6395,-1.8937,0.5652,1.1988,0.0000
1790846368.6896,-1.8963,0.5549,1.1987,0.0098
1790846368.7398,-1.8999,0.5390,1.1985,0.0000
1790846368.7899,-1.9022,0.5281,1.1985,0.0100
1790846368.8401,-1.9058,0.5115,1.1986,0.0006
1790846368.8903,-1.9080,0.5004,1.1987,0.0107
1790846368.9405,-1.9112,0.4837,1.1987,0.0008
1790846368.9907,-1.9132,0.4726,1.1986,0.0110
1790846369.0409,-1.9160,0.4565,1.1984,0.0006
1790846369.0911,-1.9177,0.4462,1.1983,0.0115
1790846369.1413,-1.9201,0.4314,1.1980,0.0018
1790846369.1915,-1.9218,0.4222,1.1977,0.0120
1790846369.2417,-1.9244,0.4092,1.1973,0.0021
1790846369.2919,-1.9264,0.4011,1.1969,0.0124
1790846369.3421,-1.9297,0.3900,1.1964,0.0027
1790846369.3923,-1.9320,0.3827,1.1960,0.0129
1790846369.4425,-1.9358,0.3723,1.1954,0.0030
1790846369.4927,-1.9386,0.3660,1.1952,0.0132
1790846369.5430,-1.9429,0.3561,1.1950,0.0035
1790846369.5931,-1.9458,0.3498,1.1949,0.0131
1790846369.6432,-1.9500,0.3405,1.1951,0.0038
1790846369.6934,-1.9526,0.3343,1.1952,0.0134
1790846369.7436,-1.9563,0.3252,1.1955,0.0041
1790846369.7938,-1.9584,0.3194,1.1956,0.0142
1790846369.8439,-1.9615,0.3108,1.1961,0.0044
1790846369.8941,-1.9633,0.3053,1.1962,0.0144
1790846369.9443,-1.9656,0.2975,1.1964,0.0047
1790846369.9945,-1.9669,0.2925,1.1965,0.0150
1790846370.0448,-1.9683,0.2857,1.1965,0.0046
1790846370.0952,-1.9690,0.2816,1.1964,0.0151
1790846370.1454,-1.9697,0.2762,1.1962,0.0058
1790846370.1957,-1.9700,0.2731,1.1962,0.0162
1790846370.2459,-1.9703,0.2691,1.1959,0.0062
1790846370.2960,-1.9703,0.2671,1.1959,0.0163
1790846370.3463,-1.9703,0.2643,1.1961,0.0067
1790846370.3965,-1.9701,0.2629,1.1963,0.0170
1790846370.4466,-1.9699,0.2608,1.1969,0.0072
1790846370.4968,-1.9699,0.2595,1.1975,0.0174
1790846370.5471,-1.9695,0.2579,1.1983,0.0076
1790846370.5973,-1.9694,0.2567,1.1992,0.0176
1790846370.6476,-1.9691,0.2550,1.2008,0.0081
1790846370.6978,-1.9691,0.2536,1.2023,0.0182
1790846370.7481,-1.9691,0.2517,1.2048,0.0084
1790846370.7982,-1.9693,0.2501,1.2069,0.0185
1790846370.8485,-1.9698,0.2477,1.2104,0.0087
1790846370.8987,-1.9701,0.2460,1.2131,0.0189
1790846370.9490,-1.9709,0.2433,1.2181,0.0095
1790846370.9992,-1.9715,0.2414,1.2220,0.0193
1790846371.0494,-1.9725,0.2387,1.2291,0.0100
1790846371.0996,-1.9733,0.2370,1.2348,0.0201
1790846371.1498,-1.9746,0.2348,1.2447,0.0103
1790846371.1999,-1.9759,0.2332,1.2566,0.0002
1790846371.2502,-1.9766,0.2325,1.2655,0.0106
1790846371.3004,-1.9775,0.2321,1.2805,0.0008
1790846371.3507,-1.9782,0.2323,1.2919,0.0111
1790846371.4009,-1.9791,0.2333,1.3106,0.0012
1790846371.4511,-1.9796,0.2343,1.3240,0.0108
1790846371.5013,-1.9804,0.2364,1.3459,0.0002
1790846371.5515,-1.9809,0.2380,1.3614,0.0119
1790846371.6017,-1.9812,0.2403,1.3859,0.0021
1790846371.6519,-1.9814,0.2419,1.4032,0.0124
1790846371.7021,-1.9811,0.2439,1.4302,0.0017
1790846371.7523,-1.9806,0.2449,1.4492,0.0125
1790846371.8024,-1.9795,0.2461,1.4788,0.0029
1790846371.8526,-1.9785,0.2465,1.4991,0.0132
1790846371.9028,-1.9767,0.2469,1.5307,0.0022
1790846371.9530,-1.9751,0.2470,1.5519,0.0135
1790846372.0032,-1.9726,0.2471,1.5844,0.0034
1790846372.0534,-1.9710,0.2470,1.6064,0.0139
1790846372.1036,-1.9683,0.2466,1.6393,0.0038
1790846372.1537,-1.9668,0.2463,1.6611,0.0142
1790846372.2039,-1.9645,0.2459,1.6934,0.0043
1790846372.2541,-1.9633,0.2456,1.7144,0.0146
1790846372.3043,-1.9618,0.2453,1.7451,0.0032
1790846372.3545,-1.9610,0.2452,1.7649,0.0145
1790846372.4048,-1.9601,0.2452,1.7935,0.0054
1790846372.4549,-1.9597,0.2452,1.8117,0.0148
1790846372.5051,-1.9593,0.2452,1.8376,0.0046
1790846372.5553,-1.9593,0.2453,1.8541,0.0157
1790846372.6055,-1.9596,0.2454,1.8779,0.0061
1790846372.6557,-1.9598,0.2454,1.8925,0.0154
1790846372.7059,-1.9603,0.2455,1.9131,0.0065
1790846372.7562,-1.9607,0.2455,1.9256,0.0169
1790846372.8064,-1.9611,0.2455,1.9427,0.0068
1790846372.8566,-1.9615,0.2456,1.9532,0.0168
1790846372.9068,-1.9622,0.2457,1.9672,0.0075
1790846372.9570,-1.9625,0.2459,1.9753,0.0175
1790846373.0072,-1.9631,0.2462,1.9861,0.0078
1790846373.0574,-1.9636,0.2465,1.9924,0.0169
1790846373.1077,-1.9638,0.2470,2.0002,0.0080
1790846373.1578,-1.9639,0.2473,2.0046,0.0183
1790846373.2080,-1.9638,0.2477,2.0099,0.0084
1790846373.2582,-1.9637,0.2481,2.0128,0.0178
1790846373.3085,-1.9637,0.2486,2.0165,0.0089
1790846373.3587,-1.9638,0.2488,2.0186,0.0193
1790846373.4088,-1.9638,0.2494,2.0212,0.0093
1790846373.4590,-1.9639,0.2497,2.0223,0.0181
1790846373.5093,-1.9640,0.2502,2.0234,0.0096
1790846373.5594,-1.9639,0.2509,2.0237,0.0000
1790846373.6097,-1.9638,0.2515,2.0236,0.0104
1790846373.6599,-1.9640,0.2526,2.0231,0.0000
1790846373.7100,-1.9643,0.2535,2.0225,0.0101
1790846373.7602,-1.9648,0.2549,2.0215,0.0008
1790846373.8104,-1.9653,0.2560,2.0209,0.0109
1790846373.8606,-1.9658,0.2578,2.0196,0.0006
1790846373.9108,-1.9661,0.2591,2.0186,0.0112
1790846373.9610,-1.9667,0.2611,2.0173,0.0014
1790846374.0112,-1.9670,0.2623,2.0165,0.0115
1790846374.0614,-1.9676,0.2642,2.0155,0.0018
1790846374.1116,-1.9679,0.2652,2.0150,0.0122
1790846374.1618,-1.9683,0.2665,2.0141,0.0022
1790846374.2120,-1.9685,0.2671,2.0134,0.0122
1790846374.2622,-1.9685,0.2677,2.0124,0.0027
1790846374.3124,-1.9684,0.2679,2.0116,0.0129
1790846374.3627,-1.9680,0.2682,2.0100,0.0032
1790846374.4128,-1.9680,0.2681,2.0092,0.0132
1790846374.4630,-1.9680,0.2681,2.0080,0.0031
1790846374.5133,-1.9678,0.2681,2.0070,0.0136
1790846374.5634,-1.9679,0.2680,2.0056,0.0040
1790846374.6136,-1.9681,0.2683,2.0044,0.0138
1790846374.6638,-1.9682,0.2691,2.0023,0.0035
1790846374.7140,-1.9684,0.2700,2.0009,0.0145
1790846374.7642,-1.9689,0.2722,1.9988,0.0048
1790846374.8145,-1.9695,0.2742,1.9979,0.0151
1790846374.8647,-1.9702,0.2783,1.9965,0.0046
1790846374.9149,-1.9708,0.2820,1.9957,0.0153
1790846374.9651,-1.9715,0.2887,1.9951,0.0056
1790846375.0153,-1.9720,0.2941,1.9948,0.0159
1790846375.0655,-1.9725,0.3036,1.9945,0.0061
1790846375.1157,-1.9728,0.3110,1.9944,0.0159
1790846375.1660,-1.9731,0.3236,1.9941,0.0065
1790846375.2161,-1.9729,0.3328,1.9938,0.0168
1790846375.2664,-1.9728,0.3478,1.9935,0.0066
1790846375.3166,-1.9722,0.3584,1.9930,0.0170
1790846375.3668,-1.9711,0.3750,1.9924,0.0074
1790846375.4170,-1.9703,0.3864,1.9921,0.0174
1790846375.4672,-1.9687,0.4041,1.9920,0.0077
1790846375.5174,-1.9674,0.4161,1.9922,0.0178
1790846375.5677,-1.9650,0.4344,1.9926,0.0080
1790846375.6179,-1.9628,0.4467,1.9928,0.0183
1790846375.6681,-1.9593,0.4654,1.9933,0.0084
1790846375.7183,-1.9569,0.4779,1.9937,0.0187
1790846375.7685,-1.9530,0.4968,1.9941,0.0089
1790846375.8187,-1.9499,0.5095,1.9945,0.0191
1790846375.8689,-1.9460,0.5287,1.9950,0.0092
1790846375.9192,-1.9432,0.5417,1.9954,0.0197
1790846375.9694,-1.9394,0.5614,1.9957,0.0097
1790846376.0196,-1.9356,0.5813,1.9960,0.0000
1790846376.0696,-1.9330,0.5945,1.9960,0.0100
1790846376.1198,-1.9304,0.6078,1.9959,0.0203
1790846376.1700,-1.9264,0.6274,1.9959,0.0103
1790846376.2202,-1.9220,0.6466,1.9957,0.0008
1790846376.2704,-1.9190,0.6590,1.9953,0.0109
1790846376.3207,-1.9139,0.6767,1.9946,0.0000
1790846376.3708,-1.9104,0.6878,1.9940,0.0114
1790846376.4210,-1.9044,0.7035,1.9930,0.0016
1790846376.4712,-1.9004,0.7132,1.9924,0.0116
1790846376.5215,-1.8941,0.7262,1.9915,0.0018
1790846376.5717,-1.8897,0.7342,1.9906,0.0119
1790846376.6220,-1.8832,0.7443,1.9895,0.0024
1790846376.6722,-1.8791,0.7499,1.9886,0.0128
1790846376.7224,-1.8728,0.7568,1.9872,0.0016
1790846376.7725,-1.8687,0.7603,1.9861,0.0131
1790846376.8228,-1.8627,0.7639,1.9848,0.0033
1790846376.8730,-1.8590,0.7654,1.9837,0.0135
1790846376.9232,-1.8533,0.7663,1.9822,0.0033
1790846376.9734,-1.8498,0.7662,1.9813,0.0138
1790846377.0236,-1.8449,0.7653,1.9798,0.0041
1790846377.0740,-1.8421,0.7645,1.9790,0.0146
1790846377.1242,-1.8386,0.7630,1.9775,0.0041
1790846377.1744,-1.8368,0.7621,1.9768,0.0146
1790846377.2245,-1.8347,0.7611,1.9755,0.0053
1790846377.2747,-1.8337,0.7603,1.9745,0.0155
1790846377.3249,-1.8332,0.7597,1.9730,0.0053
1790846377.3751,-1.8332,0.7596,1.9720,0.0157
1790846377.4252,-1.8335,0.7599,1.9705,0.0055
1790846377.4754,-1.8342,0.7604,1.9697,0.0153
1790846377.5257,-1.8359,0.7617,1.9691,0.0057
1790846377.5758,-1.8372,0.7630,1.9687,0.0164
1790846377.6261,-1.8392,0.7654,1.9685,0.0065
1790846377.6763,-1.8405,0.7674,1.9684,0.0156
1790846377.7265,-1.8422,0.7707,1.9685,0.0068
1790846377.7767,-1.8434,0.7733,1.9688,0.0167
1790846377.8270,-1.8446,0.7773,1.9693,0.0075
1790846377.8772,-1.8451,0.7802,1.9695,0.0178
1790846377.9274,-1.8453,0.7848,1.9704,0.0076
1790846377.9777,-1.8452,0.7877,1.9709,0.0180
1790846378.0279,-1.8441,0.7920,1.9713,0.0082
1790846378.0781,-1.8431,0.7949,1.9717,0.0187
1790846378.1283,-1.8409,0.7991,1.9722,0.0085
1790846378.1784,-1.8391,0.8016,1.9725,0.0188
1790846378.2287,-1.8361,0.8057,1.9730,0.0094
1790846378.2791,-1.8326,0.8096,1.9734,0.0000
1790846378.3292,-1.8302,0.8122,1.9737,0.0100
1790846378.3795,-1.8264,0.8163,1.9740,0.0000
1790846378.4296,-1.8238,0.8193,1.9740,0.0099
1790846378.4797,-1.8198,0.8242,1.9738,0.0000
1790846378.5298,-1.8172,0.8280,1.9734,0.0103
1790846378.5800,-1.8130,0.8344,1.9725,0.0006
1790846378.6301,-1.8103,0.8392,1.9717,0.0106
1790846378.6803,-1.8062,0.8472,1.9704,0.0008
1790846378.7305,-1.8034,0.8532,1.9694,0.0106
1790846378.7808,-1.7989,0.8631,1.9681,0.0015
1790846378.8310,-1.7958,0.8702,1.9673,0.0114
1790846378.8813,-1.7908,0.8817,1.9660,0.0017
1790846378.9315,-1.7870,0.8898,1.9650,0.0119
1790846378.9817,-1.7811,0.9028,1.9645,0.0022
1790846379.0320,-1.7769,0.9119,1.9640,0.0123
1790846379.0822,-1.7700,0.9261,1.9634,0.0028
1790846379.1323,-1.7653,0.9361,1.9630,0.0129
1790846379.1826,-1.7579,0.9520,1.9624,0.0033
1790846379.2327,-1.7523,0.9629,1.9621,0.0134
1790846379.2830,-1.7438,0.9796,1.9620,0.0029
1790846379.3331,-1.7381,0.9912,1.9620,0.0120
1790846379.3833,-1.7292,1.0088,1.9623,0.0041
1790846379.4334,-1.7237,1.0209,1.9626,0.0141
1790846379.4836,-1.7153,1.0391,1.9633,0.0043
1790846379.5339,-1.7097,1.0511,1.9636,0.0145
1790846379.5841,-1.7015,1.0684,1.9641,0.0047
1790846379.6343,-1.6965,1.0798,1.9645,0.0141
1790846379.6845,-1.6887,1.0954,1.9650,0.0052
1790846379.7346,-1.6837,1.1050,1.9653,0.0154
1790846379.7848,-1.6763,1.1179,1.9655,0.0055
1790846379.8351,-1.6714,1.1256,1.9655,0.0143
1790846379.8852,-1.6643,1.1357,1.9655,0.0058
1790846379.9355,-1.6597,1.1415,1.9655,0.0160
1790846379.9857,-1.6531,1.1490,1.9653,0.0062
1790846380.0359,-1.6489,1.1533,1.9651,0.0162
1790846380.0861,-1.6431,1.1590,1.9649,0.0067
1790846380.1364,-1.6397,1.1623,1.9647,0.0169
1790846380.1866,-1.6347,1.1666,1.9641,0.0074
1790846380.2368,-1.6320,1.1697,1.9643,0.0173
1790846380.2871,-1.6288,1.1740,1.9637,0.0077
1790846380.3373,-1.6267,1.1771,1.9635,0.0181
1790846380.3874,-1.6248,1.1821,1.9632,0.0080
1790846380.4376,-1.6237,1.1855,1.9631,0.0180
1790846380.4880,-1.6227,1.1911,1.9629,0.0085
1790846380.5382,-1.6225,1.1949,1.9629,0.0186
1790846380.5884,-1.6223,1.2009,1.9629,0.0079
1790846380.6386,-1.6228,1.2052,1.9630,0.0191
1790846380.6888,-1.6230,1.2111,1.9633,0.0086
1790846380.7390,-1.6233,1.2151,1.9634,0.0141
1790846380.7894,-1.6236,1.2210,1.9634,0.0101
1790846380.8396,-1.6234,1.2243,1.9634,0.0189
1790846380.8898,-1.6237,1.2294,1.9631,0.0105
1790846380.9400,-1.6235,1.2338,1.9628,0.0006
1790846380.9903,-1.6233,1.2362,1.9625,0.0102
1790846381.0405,-1.6229,1.2394,1.9623,0.0011
1790846381.0908,-1.6225,1.2410,1.9622,0.0113
1790846381.1410,-1.6220,1.2430,1.9621,0.0017
1790846381.1912,-1.6216,1.2438,1.9621,0.0108
1790846381.2414,-1.6206,1.2442,1.9619,0.0019
1790846381.2916,-1.6201,1.2443,1.9617,0.0123
1790846381.3418,-1.6194,1.2441,1.9614,0.0019
1790846381.3920,-1.6191,1.2440,1.9611,0.0121
1790846381.4422,-1.6184,1.2439,1.9605,0.0009
1790846381.4924,-1.6178,1.2440,1.9600,0.0133
1790846381.5426,-1.6165,1.2443,1.9588,0.0034
1790846381.5929,-1.6152,1.2447,1.9581,0.0128
1790846381.6431,-1.6145,1.2471,1.9572,0.0035
1790846381.6934,-1.6134,1.2489,1.9571,0.0140
1790846381.7436,-1.6117,1.2525,1.9570,0.0039
1790846381.7939,-1.6101,1.2554,1.9572,0.0134
1790846381.8441,-1.6068,1.2601,1.9575,0.0049
1790846381.8944,-1.6040,1.2636,1.9576,0.0150
1790846381.9446,-1.5990,1.2693,1.9582,0.0054
1790846381.9948,-1.5953,1.2736,1.9587,0.0155
1790846382.0451,-1.5888,1.2803,1.9596,0.0055
1790846382.0953,-1.5842,1.2852,1.9601,0.0159
1790846382.1456,-1.5762,1.2928,1.9605,0.0062
1790846382.1957,-1.5706,1.2983,1.9608,0.0164
1790846382.2460,-1.5616,1.3072,1.9608,0.0067
1790846382.2962,-1.5555,1.3134,1.9608,0.0169
1790846382.3465,-1.5457,1.3230,1.9606,0.0072
1790846382.3968,-1.5389,1.3298,1.9606,0.0174
1790846382.4469,-1.5285,1.3407,1.9605,0.0074
1790846382.4971,-1.5210,1.3481,1.9604,0.0177
1790846382.5473,-1.5099,1.3599,1.9602,0.0077
1790846382.5975,-1.5021,1.3679,1.9601,0.0179
1790846382.6478,-1.4906,1.3804,1.9598,0.0084
1790846382.6980,-1.4827,1.3887,1.9596,0.0187
1790846382.7482,-1.4708,1.4015,1.9595,0.0087
1790846382.7983,-1.4628,1.4099,1.9595,0.0192
1790846382.8486,-1.4507,1.4224,1.9596,0.0091
1790846382.8988,-1.4427,1.4308,1.9597,0.0192
1790846382.9490,-1.4307,1.4433,1.9599,0.0091
1790846382.9993,-1.4187,1.4555,1.9601,0.0002
1790846383.0496,-1.4111,1.4634,1.9601,0.0101
1790846383.0999,-1.4032,1.4710,1.9601,0.0207
1790846383.1501,-1.3925,1.4831,1.9599,0.0110
1790846383.2002,-1.3823,1.4952,1.9594,0.0006
1790846383.2505,-1.3761,1.5034,1.9588,0.0113
1790846383.3007,-1.3669,1.5152,1.9577,0.0015
1790846383.3510,-1.3609,1.5228,1.9568,0.0117
1790846383.4011,-1.3524,1.5342,1.9553,0.0020
1790846383.4514,-1.3467,1.5411,1.9543,0.0118
1790846383.5016,-1.3385,1.5511,1.9527,0.0022
1790846383.5519,-1.3332,1.5576,1.9517,0.0125
1790846383.6022,-1.3253,1.5661,1.9506,0.0029
1790846383.6524,-1.3202,1.5717,1.9498,0.0132
1790846383.7027,-1.3126,1.5790,1.9479,0.0034
1790846383.7529,-1.3080,1.5835,1.9470,0.0131
1790846383.8031,-1.3015,1.5892,1.9455,0.0038
1790846383.8534,-1.2972,1.5924,1.9446,0.0138
1790846383.9036,-1.2918,1.5965,1.9434,0.0036
1790846383.9538,-1.2883,1.5985,1.9427,0.0133
1790846384.0040,-1.2838,1.6012,1.9416,0.0044
1790846384.0543,-1.2810,1.6027,1.9410,0.0141
1790846384.1045,-1.2772,1.6042,1.9406,0.0052
1790846384.1547,-1.2751,1.6055,1.9402,0.0152
1790846384.2049,-1.2719,1.6068,1.9398,0.0049
1790846384.2551,-1.2700,1.6075,1.9397,0.0158
1790846384.3053,-1.2673,1.6088,1.9395,0.0062
1790846384.3556,-1.2655,1.6095,1.9397,0.0160
1790846384.4058,-1.2635,1.6105,1.9401,0.0063
1790846384.4561,-1.2623,1.6117,1.9405,0.0169
1790846384.5063,-1.2608,1.6130,1.9412,0.0072
1790846384.5566,-1.2600,1.6138,1.9415,0.0170
1790846384.6067,-1.2589,1.6155,1.9423,0.0076
1790846384.6569,-1.2584,1.6168,1.9428,0.0176
1790846384.7072,-1.2572,1.6183,1.9434,0.0078
1790846384.7574,-1.2564,1.6195,1.9438,0.0181
1790846384.8076,-1.2548,1.6214,1.9445,0.0084
1790846384.8579,-1.2532,1.6224,1.9447,0.0187
1790846384.9080,-1.2505,1.6241,1.9450,0.0087
1790846384.9582,-1.2484,1.6252,1.9452,0.0190
1790846385.0084,-1.2440,1.6262,1.9455,0.0093
1790846385.0587,-1.2407,1.6272,1.9458,0.0194
1790846385.1089,-1.2353,1.6287,1.9461,0.0098
1790846385.1593,-1.2288,1.6298,1.9467,0.0000
1790846385.2094,-1.2246,1.6313,1.9468,0.0100
1790846385.2595,-1.2173,1.6334,1.9474,0.0003
1790846385.3098,-1.2122,1.6350,1.9475,0.0105
1790846385.3600,-1.2042,1.6384,1.9477,0.0006
1790846385.4102,-1.1985,1.6409,1.9480,0.0109
1790846385.4604,-1.1899,1.6458,1.9483,0.0011
1790846385.5107,-1.1837,1.6495,1.9488,0.0115
1790846385.5609,-1.1742,1.6563,1.9490,0.0017
1790846385.6112,-1.1674,1.6611,1.9492,0.0119
1790846385.6614,-1.1566,1.6697,1.9496,0.0020
1790846385.7115,-1.1493,1.6760,1.9499,0.0122
1790846385.7617,-1.1372,1.6860,1.9506,0.0025
1790846385.8119,-1.1286,1.6929,1.9510,0.0128
1790846385.8621,-1.1151,1.7040,1.9520,0.0030
1790846385.9124,-1.1060,1.7117,1.9524,0.0130
1790846385.9625,-1.0916,1.7232,1.9531,0.0035
1790846386.0127,-1.0818,1.7305,1.9536,0.0094
1790846386.0629,-1.0668,1.7412,1.9540,0.0039
1790846386.1131,-1.0565,1.7476,1.9543,0.0140
1790846386.1633,-1.0414,1.7563,1.9544,0.0038
1790846386.2136,-1.0315,1.7616,1.9544,0.0143
1790846386.2638,-1.0166,1.7682,1.9542,0.0046
1790846386.3140,-1.0069,1.7722,1.9542,0.0149
1790846386.3642,-0.9933,1.7774,1.9538,0.0052
1790846386.4144,-0.9847,1.7805,1.9536,0.0153
1790846386.4646,-0.9725,1.7851,1.9535,0.0026
1790846386.5147,-0.9650,1.7883,1.9536,0.0156
1790846386.5650,-0.9547,1.7922,1.9541,0.0040
1790846386.6153,-0.9484,1.7953,1.9545,0.0162
1790846386.6656,-0.9400,1.7994,1.9552,0.0063
1790846386.7157,-0.9349,1.8020,1.9555,0.0164
1790846386.7660,-0.9284,1.8070,1.9559,0.0063
1790846386.8162,-0.9245,1.8103,1.9561,0.0168
1790846386.8664,-0.9193,1.8154,1.9560,0.0073
1790846386.9165,-0.9164,1.8195,1.9563,0.0174
1790846386.9667,-0.9126,1.8248,1.9561,0.0058
1790846387.0169,-0.9106,1.8287,1.9559,0.0178
1790846387.0673,-0.9078,1.8337,1.9557,0.0082
1790846387.1174,-0.9064,1.8371,1.9557,0.0182
1790846387.1677,-0.9044,1.8418,1.9558,0.0076
1790846387.2179,-0.9032,1.8443,1.9558,0.0189
1790846387.2681,-0.9018,1.8479,1.9562,0.0086
1790846387.3183,-0.9009,1.8499,1.9565,0.0195
1790846387.3685,-0.8993,1.8520,1.9572,0.0086
1790846387.4187,-0.8982,1.8531,1.9576,0.0197
1790846387.4690,-0.8967,1.8543,1.9581,0.0099
1790846387.5194,-0.8950,1.8550,1.9584,0.0000
1790846387.5694,-0.8940,1.8553,1.9586,0.0091
1790846387.6197,-0.8926,1.8561,1.9588,0.0004
1790846387.6699,-0.8917,1.8565,1.9590,0.0104
1790846387.7202,-0.8903,1.8574,1.9590,0.0007
1790846387.7702,-0.8897,1.8585,1.9592,0.0110
1790846387.8205,-0.8884,1.8599,1.9589,0.0014
1790846387.8708,-0.8878,1.8611,1.9585,0.0118
1790846387.9211,-0.8858,1.8636,1.9578,0.0019
1790846387.9712,-0.8845,1.8650,1.9574,0.0121
1790846388.0214,-0.8821,1.8671,1.9570,0.0018
1790846388.0716,-0.8799,1.8692,1.9567,0.0127
1790846388.1219,-0.8759,1.8719,1.9562,0.0027
1790846388.1721,-0.8727,1.8731,1.9559,0.0123
1790846388.2223,-0.8673,1.8759,1.9554,0.0031
1790846388.2725,-0.8628,1.8777,1.9551,0.0131
1790846388.3227,-0.8556,1.8805,1.9546,0.0037
1790846388.3729,-0.8500,1.8823,1.9543,0.0134
1790846388.4231,-0.8409,1.8852,1.9539,0.0040
1790846388.4733,-0.8343,1.8873,1.9537,0.0143
1790846388.5235,-0.8236,1.8895,1.9534,0.0044
1790846388.5738,-0.8160,1.8915,1.9533,0.0147
1790846388.6241,-0.8035,1.8942,1.9534,0.0051
1790846388.6743,-0.7950,1.8959,1.9533,0.0155
1790846388.7245,-0.7815,1.8984,1.9532,0.0045
1790846388.7747,-0.7725,1.9005,1.9534,0.0158
1790846388.8249,-0.7582,1.9041,1.9528,0.0058
1790846388.8751,-0.7486,1.9062,1.9525,0.0158
1790846388.9253,-0.7343,1.9095,1.9526,0.0063
1790846388.9754,-0.7239,1.9115,1.9524,0.0155
1790846389.0256,-0.7075,1.9166,1.9525,0.0065
1790846389.0758,-0.6969,1.9193,1.9527,0.0168
1790846389.1260,-0.6808,1.9225,1.9532,0.0062
1790846389.1763,-0.6695,1.9258,1.9536,0.0169
1790846389.2265,-0.6531,1.9295,1.9539,0.0076
1790846389.2768,-0.6416,1.9317,1.9538,0.0164
1790846389.3270,-0.6245,1.9366,1.9543,0.0080
1790846389.3772,-0.6135,1.9391,1.9546,0.0181
1790846389.4275,-0.5965,1.9423,1.9547,0.0086
1790846389.4777,-0.5850,1.9463,1.9555,0.0187
1790846389.5279,-0.5692,1.9496,1.9557,0.0087
1790846389.5782,-0.5590,1.9510,1.9552,0.0192
1790846389.6283,-0.5440,1.9548,1.9553,0.0090
1790846389.6786,-0.5294,1.9578,1.9545,0.0000
1790846389.7287,-0.5208,1.9599,1.9543,0.0084
1790846389.7790,-0.5090,1.9618,1.9536,0.0002
1790846389.8292,-0.5017,1.9630,1.9530,0.0082
1790846389.8794,-0.4907,1.9664,1.9528,0.0004
1790846389.9296,-0.4838,1.9684,1.9520,0.0103
1790846389.9797,-0.4754,1.9706,1.9516,0.0007
1790846390.0299,-0.4702,1.9721,1.9517,0.0110
1790846390.0801,-0.4629,1.9748,1.9512,0.0011
1790846390.1302,-0.4583,1.9763,1.9509,0.0098
1790846390.1804,-0.4524,1.9781,1.9504,0.0016
1790846390.2307,-0.4487,1.9792,1.9502,0.0117
1790846390.2811,-0.4439,1.9809,1.9495,0.0018
1790846390.3314,-0.4407,1.9823,1.9494,0.0124
1790846390.3816,-0.4364,1.9846,1.9494,0.0026
1790846390.4318,-0.4342,1.9856,1.9494,0.0129
1790846390.4821,-0.4313,1.9872,1.9491,0.0030
1790846390.5322,-0.4292,1.9882,1.9491,0.0131
1790846390.5824,-0.4266,1.9901,1.9488,0.0036
1790846390.6326,-0.4249,1.9912,1.9487,0.0126
1790846390.6828,-0.4222,1.9923,1.9482,0.0037
1790846390.7331,-0.4205,1.9930,1.9481,0.0139
1790846390.7833,-0.4185,1.9933,1.9472,0.0043
1790846390.8335,-0.4172,1.9934,1.9471,0.0138
1790846390.8837,-0.4152,1.9930,1.9469,0.0039
1790846390.9339,-0.4140,1.9921,1.9471,0.0149
1790846390.9842,-0.4124,1.9908,1.9476,0.0052
1790846391.0343,-0.4114,1.9894,1.9479,0.0151
1790846391.0845,-0.4099,1.9866,1.9484,0.0055
1790846391.1348,-0.4087,1.9848,1.9493,0.0155
1790846391.1850,-0.4071,1.9812,1.9503,0.0047
1790846391.2353,-0.4058,1.9788,1.9509,0.0156
1790846391.2855,-0.4036,1.9752,1.9518,0.0062
1790846391.3357,-0.4020,1.9725,1.9521,0.0167
1790846391.3859,-0.3992,1.9701,1.9533,0.0067
1790846391.4362,-0.3971,1.9681,1.9535,0.0171
1790846391.4863,-0.3930,1.9655,1.9539,0.0071
1790846391.5365,-0.3895,1.9647,1.9546,0.0175
1790846391.5868,-0.3839,1.9641,1.9554,0.0079
1790846391.6370,-0.3799,1.9637,1.9553,0.0171
1790846391.6871,-0.3721,1.9650,1.9558,0.0080
1790846391.7374,-0.3645,1.9665,1.9560,0.0183
1790846391.7876,-0.3545,1.9689,1.9558,0.0087
1790846391.8378,-0.3467,1.9717,1.9555,0.0186
1790846391.8880,-0.3332,1.9759,1.9554,0.0083
1790846391.9382,-0.3231,1.9809,1.9556,0.0193
1790846391.9884,-0.3077,1.9864,1.9556,0.0094
1790846392.0386,-0.2966,1.9912,1.9558,0.0192
1790846392.0889,-0.2792,1.9981,1.9557,0.0090
1790846392.1391,-0.2617,2.0038,1.9553,0.0000
1790846392.1894,-0.2499,2.0072,1.9554,0.0104
1790846392.2396,-0.2320,2.0115,1.9548,0.0006
1790846392.2899,-0.2203,2.0140,1.9546,0.0094
1790846392.3402,-0.2026,2.0162,1.9545,0.0010
1790846392.3904,-0.1910,2.0175,1.9544,0.0112
1790846392.4406,-0.1737,2.0182,1.9535,0.0016
1790846392.4908,-0.1620,2.0174,1.9537,0.0091
1790846392.5410,-0.1447,2.0164,1.9537,0.0020
1790846392.5912,-0.1333,2.0149,1.9527,0.0121
1790846392.6414,-0.1170,2.0123,1.9519,0.0023
1790846392.6916,-0.1061,2.0108,1.9518,0.0126
1790846392.7418,-0.0902,2.0076,1.9509,0.0025
1790846392.7919,-0.0803,2.0058,1.9507,0.0128
1790846392.8421,-0.0659,2.0035,1.9496,0.0008
1790846392.8924,-0.0569,2.0021,1.9487,0.0130
1790846392.9427,-0.0442,2.0013,1.9481,0.0035
1790846392.9929,-0.0363,2.0005,1.9478,0.0136
1790846393.0431,-0.0262,1.9999,1.9475,0.0040
1790846393.0933,-0.0190,2.0009,1.9474,0.0142
1790846393.1436,-0.0098,2.0016,1.9474,0.0044
1790846393.1937,-0.0042,2.0020,1.9473,0.0146
1790846393.2439,0.0031,2.0020,1.9472,0.0049
1790846393.2941,0.0076,2.0021,1.9475,0.0150
1790846393.3443,0.0136,2.0021,1.9476,0.0053
1790846393.3947,0.0171,2.0019,1.9478,0.0159
1790846393.4449,0.0216,2.0015,1.9473,0.0057
1790846393.4951,0.0243,2.0016,1.9470,0.0158
1790846393.5452,0.0274,2.0015,1.9465,0.0064
1790846393.5954,0.0293,2.0015,1.9461,0.0166
1790846393.6457,0.0315,2.0020,1.9457,0.0065
1790846393.6959,0.0326,2.0028,1.9456,0.0170
1790846393.7461,0.0340,2.0033,1.9453,0.0070
1790846393.7963,0.0348,2.0035,1.9451,0.0171
1790846393.8465,0.0360,2.0038,1.9442,0.0067
1790846393.8968,0.0368,2.0038,1.9437,0.0179
1790846393.9469,0.0382,2.0037,1.9433,0.0079
1790846393.9971,0.0390,2.0034,1.9432,0.0182
1790846394.0473,0.0410,2.0026,1.9430,0.0083
1790846394.0976,0.0424,2.0017,1.9436,0.0183
1790846394.1478,0.0450,2.0003,1.9439,0.0089
1790846394.1980,0.0469,1.9995,1.9443,0.0192
1790846394.2482,0.0505,1.9979,1.9451,0.0093
1790846394.2984,0.0531,1.9967,1.9457,0.0195
1790846394.3486,0.0575,1.9958,1.9467,0.0097
1790846394.3989,0.0623,1.9950,1.9475,0.0003
1790846394.4492,0.0655,1.9946,1.9482,0.0094
1790846394.4993,0.0712,1.9951,1.9491,0.0000
1790846394.5495,0.0749,1.9958,1.9495,0.0102
1790846394.5997,0.0812,1.9978,1.9500,0.0004
1790846394.6499,0.0855,1.9994,1.9500,0.0101
1790846394.7000,0.0924,2.0028,1.9498,0.0009
1790846394.7502,0.0974,2.0052,1.9501,0.0097
1790846394.8004,0.1057,2.0082,1.9498,0.0011
1790846394.8507,0.1115,2.0102,1.9499,0.0110
1790846394.9008,0.1212,2.0122,1.9501,0.0015
1790846394.9510,0.1285,2.0124,1.9501,0.0119
1790846395.0011,0.1406,2.0117,1.9504,0.0023
1790846395.0514,0.1495,2.0098,1.9505,0.0110
1790846395.1016,0.1638,2.0063,1.9511,0.0018
1790846395.1518,0.1744,2.0024,1.9515,0.0128
1790846395.2020,0.1911,1.9961,1.9524,0.0029
1790846395.2522,0.2030,1.9909,1.9529,0.0128
1790846395.3024,0.2210,1.9835,1.9543,0.0032
1790846395.3526,0.2333,1.9771,1.9548,0.0138
1790846395.4029,0.2521,1.9685,1.9556,0.0041
1790846395.4531,0.2645,1.9633,1.9561,0.0133
1790846395.5033,0.2826,1.9552,1.9564,0.0041
1790846395.5535,0.2942,1.9499,1.9563,0.0120
1790846395.6037,0.3112,1.9424,1.9561,0.0048
1790846395.6539,0.3217,1.9379,1.9563,0.0136
1790846395.7042,0.3365,1.9319,1.9564,0.0049
1790846395.7544,0.3458,1.9279,1.9564,0.0154
1790846395.8045,0.3584,1.9222,1.9566,0.0054
1790846395.8548,0.3664,1.9184,1.9566,0.0155
1790846395.9049,0.3771,1.9131,1.9569,0.0060
1790846395.9551,0.3837,1.9097,1.9572,0.0162
1790846396.0053,0.3929,1.9051,1.9575,0.0064
1790846396.0555,0.3985,1.9027,1.9577,0.0164
1790846396.1057,0.4066,1.8996,1.9578,0.0064
1790846396.1559,0.4117,1.8978,1.9576,0.0169
1790846396.2060,0.4193,1.8962,1.9570,0.0071
1790846396.2563,0.4238,1.8961,1.9567,0.0172
1790846396.3064,0.4306,1.8978,1.9554,0.0074
1790846396.3566,0.4346,1.8989,1.9546,0.0174
1790846396.4067,0.4402,1.9021,1.9534,0.0077
1790846396.4571,0.4434,1.9050,1.9531,0.0174
1790846396.5072,0.4486,1.9095,1.9524,0.0083
1790846396.5574,0.4521,1.9119,1.9515,0.0171
1790846396.6076,0.4572,1.9158,1.9499,0.0084
1790846396.6579,0.4604,1.9182,1.9490,0.0188
1790846396.7082,0.4656,1.9208,1.9472,0.0092
1790846396.7583,0.4689,1.9225,1.9459,0.0195
1790846396.8087,0.4734,1.9245,1.9448,0.0087
1790846396.8588,0.4763,1.9253,1.9440,0.0197
1790846396.9091,0.4802,1.9265,1.9430,0.0100
1790846396.9593,0.4841,1.9267,1.9422,0.0003
1790846397.0095,0.4865,1.9261,1.9420,0.0103
1790846397.0598,0.4900,1.9249,1.9414,0.0000
1790846397.1098,0.4921,1.9238,1.9414,0.0105
1790846397.1601,0.4953,1.9226,1.9413,0.0011
1790846397.2103,0.4974,1.9214,1.9414,0.0099
1790846397.2605,0.5008,1.9206,1.9408,0.0015
1790846397.3108,0.5030,1.9199,1.9406,0.0118
1790846397.3610,0.5063,1.9198,1.9402,0.0020
1790846397.4112,0.5090,1.9197,1.9399,0.0110
1790846397.4613,0.5129,1.9202,1.9394,0.0025
1790846397.5116,0.5156,1.9199,1.9394,0.0123
1790846397.5618,0.5204,1.9189,1.9396,0.0028
1790846397.6121,0.5241,1.9172,1.9400,0.0113
1790846397.6623,0.5301,1.9135,1.9409,0.0035
1790846397.7125,0.5342,1.9104,1.9415,0.0135
1790846397.7627,0.5414,1.9053,1.9423,0.0005
1790846397.8129,0.5469,1.9012,1.9427,0.0136
1790846397.8632,0.5542,1.8920,1.9437,0.0044
1790846397.9134,0.5594,1.8858,1.9443,0.0145
1790846397.9635,0.5676,1.8776,1.9449,0.0045
1790846398.0138,0.5739,1.8721,1.9450,0.0148
1790846398.0639,0.5835,1.8642,1.9453,0.0047
1790846398.1142,0.5901,1.8583,1.9456,0.0154
1790846398.1644,0.6008,1.8494,1.9456,0.0049
1790846398.2146,0.6082,1.8436,1.9461,0.0157
1790846398.2648,0.6204,1.8355,1.9466,0.0058
1790846398.3150,0.6290,1.8293,1.9471,0.0162
1790846398.3652,0.6429,1.8215,1.9480,0.0064
1790846398.4153,0.6525,1.8151,1.9484,0.0163
1790846398.4655,0.6681,1.8066,1.9491,0.0066
1790846398.5157,0.6789,1.8009,1.9493,0.0169
1790846398.5659,0.6955,1.7922,1.9496,0.0064
1790846398.6161,0.7063,1.7872,1.9499,0.0171
1790846398.6664,0.7229,1.7788,1.9505,0.0035
1790846398.7166,0.7340,1.7734,1.9505,0.0176
1790846398.7669,0.7504,1.7654,1.9499,0.0080
1790846398.8170,0.7612,1.7600,1.9494,0.0183
1790846398.8673,0.7769,1.7518,1.9486,0.0083
1790846398.9175,0.7869,1.7461,1.9481,0.0185
1790846398.9676,0.8007,1.7381,1.9476,0.0087
1790846399.0179,0.8092,1.7330,1.9469,0.0182
1790846399.0680,0.8215,1.7255,1.9453,0.0088
1790846399.1182,0.8286,1.7209,1.9441,0.0194
1790846399.1685,0.8376,1.7148,1.9428,0.0096
1790846399.2187,0.8433,1.7110,1.9418,0.0198
1790846399.2689,0.8502,1.7060,1.9407,0.0100
1790846399.3191,0.8560,1.7013,1.9405,0.0002
1790846399.3693,0.8593,1.6982,1.9402,0.0102
1790846399.4197,0.8624,1.6956,1.9403,0.0209
1790846399.4699,0.8666,1.6918,1.9410,0.0111
1790846399.5202,0.8702,1.6879,1.9416,0.0015
1790846399.5705,0.8723,1.6856,1.9420,0.0085
1790846399.6207,0.8753,1.6820,1.9428,0.0015
1790846399.6710,0.8770,1.6796,1.9432,0.0119
1790846399.7212,0.8794,1.6764,1.9441,0.0022
1790846399.7713,0.8808,1.6745,1.9447,0.0116
1790846399.8215,0.8826,1.6720,1.9458,0.0018
1790846399.8716,0.8835,1.6707,1.9464,0.0129
1790846399.9219,0.8847,1.6692,1.9473,0.0032
1790846399.9721,0.8850,1.6686,1.9477,0.0134
1790846400.0223,0.8855,1.6680,1.9482,0.0032
1790846400.0725,0.8855,1.6680,1.9490,0.0136
1790846400.1227,0.8858,1.6680,1.9498,0.0038
1790846400.1730,0.8862,1.6679,1.9500,0.0130
1790846400.2232,0.8867,1.6679,1.9507,0.0045
1790846400.2734,0.8872,1.6679,1.9513,0.0146
1790846400.3236,0.8887,1.6672,1.9519,0.0048
1790846400.3738,0.8907,1.6666,1.9522,0.0147
1790846400.4241,0.8942,1.6653,1.9530,0.0053
1790846400.4742,0.8971,1.6643,1.9534,0.0151
1790846400.5245,0.9022,1.6624,1.9539,0.0055
1790846400.5747,0.9061,1.6609,1.9542,0.0160
1790846400.6249,0.9130,1.6581,1.9541,0.0057
1790846400.6751,0.9177,1.6566,1.9543,0.0163
1790846400.7252,0.9256,1.6539,1.9541,0.0066
1790846400.7754,0.9312,1.6519,1.9541,0.0168
1790846400.8257,0.9405,1.6485,1.9533,0.0067
1790846400.8758,0.9469,1.6455,1.9525,0.0171
1790846400.9260,0.9571,1.6405,1.9514,0.0072
1790846400.9761,0.9641,1.6368,1.9510,0.0169
1790846401.0263,0.9754,1.6297,1.9498,0.0071
1790846401.0765,0.9823,1.6248,1.9497,0.0177
1790846401.1268,0.9930,1.6166,1.9496,0.0080
1790846401.1769,1.0006,1.6102,1.9492,0.0179
1790846401.2271,1.0119,1.6003,1.9492,0.0083
1790846401.2773,1.0189,1.5932,1.9494,0.0184
1790846401.3275,1.0301,1.5817,1.9497,0.0088
1790846401.3777,1.0380,1.5744,1.9503,0.0189
1790846401.4279,1.0493,1.5620,1.9513,0.0091
1790846401.4781,1.0568,1.5534,1.9522,0.0193
1790846401.5283,1.0691,1.5421,1.9539,0.0096
1790846401.5786,1.0810,1.5290,1.9556,0.0000
1790846401.6287,1.0894,1.5215,1.9566,0.0100
1790846401.6790,1.1019,1.5105,1.9573,0.0002
1790846401.7292,1.1098,1.5029,1.9580,0.0100
1790846401.7794,1.1202,1.4920,1.9582,0.0005
1790846401.8297,1.1269,1.4852,1.9580,0.0103
1790846401.8800,1.1352,1.4753,1.9571,0.0009
1790846401.9302,1.1405,1.4693,1.9566,0.0114
1790846401.9804,1.1470,1.4608,1.9550,0.0016
1790846402.0306,1.1504,1.4548,1.9545,0.0114
1790846402.0808,1.1541,1.4475,1.9545,0.0017
1790846402.1310,1.1562,1.4427,1.9538,0.0123
1790846402.1812,1.1586,1.4361,1.9539,0.0011
1790846402.2314,1.1601,1.4323,1.9538,0.0128
1790846402.2816,1.1627,1.4268,1.9535,0.0027
1790846402.3320,1.1645,1.4237,1.9535,0.0130
1790846402.3822,1.1672,1.4196,1.9538,0.0022
1790846402.4324,1.1691,1.4175,1.9542,0.0137
1790846402.4826,1.1717,1.4147,1.9542,0.0039
1790846402.5329,1.1735,1.4139,1.9543,0.0129
1790846402.5830,1.1754,1.4128,1.9541,0.0040
1790846402.6333,1.1769,1.4123,1.9539,0.0142
1790846402.6835,1.1784,1.4118,1.9536,0.0047
1790846402.7337,1.1792,1.4114,1.9537,0.0139
1790846402.7839,1.1799,1.4110,1.9533,0.0052
1790846402.8341,1.1800,1.4107,1.9532,0.0152
1790846402.8843,1.1800,1.4100,1.9530,0.0053
1790846402.9346,1.1797,1.4094,1.9529,0.0132
1790846402.9847,1.1796,1.4083,1.9527,0.0059
1790846403.0350,1.1794,1.4072,1.9527,0.0162
1790846403.0852,1.1789,1.4048,1.9534,0.0064
1790846403.1354,1.1788,1.4029,1.9541,0.0153
1790846403.1856,1.1790,1.4000,1.9549,0.0068
1790846403.2358,1.1794,1.3980,1.9553,0.0171
1790846403.2861,1.1802,1.3945,1.9559,0.0071
1790846403.3363,1.1813,1.3918,1.9560,0.0173
1790846403.3865,1.1837,1.3869,1.9558,0.0077
1790846403.4367,1.1857,1.3827,1.9557,0.0179
1790846403.4869,1.1890,1.3774,1.9556,0.0079
1790846403.5372,1.1921,1.3726,1.9555,0.0180
1790846403.5875,1.1978,1.3660,1.9550,0.0084
1790846403.6377,1.2014,1.3602,1.9551,0.0187
1790846403.6878,1.2081,1.3517,1.9550,0.0089
1790846403.7380,1.2130,1.3457,1.9549,0.0163
1790846403.7883,1.2210,1.3357,1.9548,0.0095
1790846403.8386,1.2296,1.3244,1.9548,0.0000
1790846403.8887,1.2354,1.3160,1.9553,0.0095
1790846403.9390,1.2444,1.3029,1.9558,0.0000
1790846403.9891,1.2504,1.2941,1.9560,0.0100
1790846404.0394,1.2594,1.2791,1.9560,0.0002
1790846404.0896,1.2652,1.2690,1.9560,0.0106
1790846404.1398,1.2740,1.2530,1.9554,0.0008
1790846404.1900,1.2797,1.2421,1.9550,0.0113
1790846404.2403,1.2878,1.2255,1.9546,0.0015
1790846404.2905,1.2934,1.2141,1.9541,0.0117
1790846404.3407,1.3014,1.1983,1.9536,0.0018
1790846404.3908,1.3064,1.1872,1.9535,0.0120
1790846404.4411,1.3139,1.1720,1.9528,0.0024
1790846404.4913,1.3188,1.1615,1.9525,0.0125
1790846404.5415,1.3264,1.1474,1.9523,0.0014
1790846404.5918,1.3316,1.1381,1.9519,0.0130
1790846404.6420,1.3390,1.1243,1.9514,0.0032
1790846404.6921,1.3436,1.1158,1.9510,0.0131
1790846404.7423,1.3504,1.1038,1.9507,0.0022
1790846404.7925,1.3550,1.0967,1.9506,0.0137
1790846404.8428,1.3612,1.0865,1.9501,0.0038
1790846404.8930,1.3649,1.0797,1.9495,0.0132
1790846404.9432,1.3702,1.0711,1.9489,0.0037
1790846404.9935,1.3731,1.0660,1.9489,0.0148
1790846405.0436,1.3772,1.0589,1.9490,0.0009
1790846405.0938,1.3794,1.0549,1.9492,0.0151
1790846405.1442,1.3825,1.0498,1.9495,0.0050
1790846405.1944,1.3838,1.0468,1.9497,0.0155
1790846405.2445,1.3860,1.0437,1.9490,0.0056
1790846405.2947,1.3874,1.0421,1.9486,0.0133
1790846405.3450,1.3888,1.0409,1.9477,0.0057
1790846405.3953,1.3901,1.0405,1.9468,0.0159
1790846405.4455,1.3912,1.0406,1.9457,0.0067
1790846405.4957,1.3919,1.0412,1.9449,0.0156
1790846405.5459,1.3931,1.0423,1.9436,0.0069
1790846405.5960,1.3933,1.0432,1.9433,0.0171
1790846405.6462,1.3941,1.0448,1.9426,0.0072
1790846405.6965,1.3948,1.0455,1.9421,0.0177
1790846405.7467,1.3966,1.0460,1.9414,0.0079
1790846405.7968,1.3979,1.0467,1.9412,0.0176
1790846405.8470,1.4000,1.0455,1.9413,0.0079
1790846405.8973,1.4018,1.0446,1.9411,0.0184
1790846405.9475,1.4051,1.0424,1.9411,0.0047
1790846405.9978,1.4074,1.0405,1.9412,0.0192
1790846406.0480,1.4115,1.0371,1.9413,0.0091
1790846406.0981,1.4142,1.0344,1.9416,0.0194
1790846406.1483,1.4190,1.0301,1.9423,0.0096
1790846406.1986,1.4235,1.0248,1.9435,0.0000
1790846406.2487,1.4267,1.0206,1.9443,0.0099
1790846406.2989,1.4312,1.0137,1.9455,0.0000
1790846406.3489,1.4340,1.0082,1.9463,0.0100
1790846406.3991,1.4380,0.9996,1.9472,0.0002
1790846406.4494,1.4407,0.9934,1.9478,0.0105
1790846406.4996,1.4446,0.9835,1.9485,0.0009
1790846406.5499,1.4470,0.9763,1.9491,0.0110
1790846406.6001,1.4506,0.9649,1.9499,0.0013
1790846406.6503,1.4529,0.9569,1.9503,0.0116
1790846406.7005,1.4568,0.9440,1.9508,0.0019
1790846406.7507,1.4592,0.9346,1.9512,0.0108
1790846406.8010,1.4628,0.9201,1.9513,0.0024
1790846406.8513,1.4653,0.9103,1.9514,0.0124
1790846406.9015,1.4688,0.8946,1.9513,0.0029
1790846406.9517,1.4710,0.8841,1.9512,0.0120
1790846407.0020,1.4742,0.8682,1.9510,0.0034
1790846407.0521,1.4761,0.8574,1.9508,0.0131
1790846407.1023,1.4789,0.8414,1.9505,0.0037
1790846407.1526,1.4806,0.8312,1.9507,0.0139
1790846407.2028,1.4833,0.8154,1.9506,0.0042
1790846407.2531,1.4849,0.8051,1.9508,0.0144
1790846407.3032,1.4871,0.7907,1.9516,0.0029
1790846407.3534,1.4886,0.7812,1.9521,0.0147
1790846407.4036,1.4907,0.7678,1.9531,0.0049
1790846407.4539,1.4921,0.7593,1.9536,0.0154
1790846407.5041,1.4942,0.7471,1.9541,0.0054
1790846407.5543,1.4954,0.7394,1.9543,0.0147
1790846407.6045,1.4971,0.7287,1.9541,0.0058
1790846407.6547,1.4980,0.7223,1.9541,0.0159
1790846407.7049,1.4990,0.7130,1.9538,0.0064
1790846407.7552,1.4996,0.7073,1.9538,0.0165
1790846407.8054,1.5002,0.6989,1.9537,0.0069
1790846407.8556,1.5001,0.6932,1.9538,0.0170
1790846407.9060,1.5001,0.6854,1.9540,0.0071
1790846407.9562,1.5000,0.6804,1.9541,0.0176
1790846408.0064,1.4999,0.6733,1.9542,0.0077
1790846408.0567,1.4996,0.6691,1.9544,0.0177
1790846408.1069,1.4995,0.6631,1.9542,0.0081
1790846408.1571,1.4997,0.6599,1.9542,0.0185
1790846408.2074,1.5003,0.6558,1.9542,0.0086
1790846408.2576,1.5010,0.6536,1.9540,0.0180
1790846408.3078,1.5025,0.6509,1.9535,0.0091
1790846408.3581,1.5037,0.6494,1.9532,0.0195
1790846408.4083,1.5062,0.6478,1.9526,0.0095
1790846408.4585,1.5081,0.6469,1.9525,0.0189
1790846408.5088,1.5114,0.6457,1.9522,0.0093
1790846408.5591,1.5151,0.6445,1.9522,0.0004
1790846408.6092,1.5173,0.6433,1.9522,0.0106
1790846408.6593,1.5211,0.6413,1.9522,0.0006
1790846408.7095,1.5238,0.6395,1.9522,0.0097
1790846408.7597,1.5272,0.6363,1.9524,0.0012
1790846408.8098,1.5294,0.6338,1.9525,0.0113
1790846408.8600,1.5321,0.6296,1.9528,0.0006
1790846408.9102,1.5338,0.6264,1.9532,0.0105
1790846408.9605,1.5356,0.6213,1.9538,0.0018
1790846409.0106,1.5367,0.6173,1.9538,0.0116
1790846409.0608,1.5381,0.6113,1.9540,0.0023
1790846409.1110,1.5384,0.6064,1.9540,0.0123
1790846409.1612,1.5386,0.5983,1.9542,0.0019
1790846409.2114,1.5386,0.5925,1.9544,0.0128
1790846409.2616,1.5382,0.5825,1.9548,0.0028
1790846409.3119,1.5376,0.5746,1.9549,0.0129
1790846409.3621,1.5367,0.5625,1.9557,0.0030
1790846409.4123,1.5362,0.5536,1.9561,0.0137
1790846409.4626,1.5355,0.5404,1.9564,0.0041
1790846409.5127,1.5349,0.5303,1.9569,0.0136
1790846409.5629,1.5340,0.5149,1.9572,0.0043
1790846409.6131,1.5335,0.5043,1.9573,0.0146
1790846409.6634,1.5329,0.4884,1.9576,0.0047
1790846409.7136,1.5325,0.4773,1.9577,0.0149
1790846409.7639,1.5320,0.4610,1.9577,0.0039
1790846409.8142,1.5315,0.4501,1.9578,0.0157
1790846409.8644,1.5314,0.4339,1.9576,0.0054
1790846409.9146,1.5308,0.4234,1.9575,0.0159
1790846409.9648,1.5305,0.4081,1.9575,0.0058
1790846410.0151,1.5302,0.3980,1.9576,0.0164
1790846410.0652,1.5297,0.3834,1.9578,0.0064
1790846410.1155,1.5293,0.3739,1.9580,0.0165
1790846410.1657,1.5284,0.3600,1.9584,0.0069
1790846410.2159,1.5279,0.3512,1.9587,0.0175
1790846410.2661,1.5267,0.3379,1.9590,0.0074
1790846410.3164,1.5257,0.3295,1.9592,0.0169
1790846410.3666,1.5239,0.3174,1.9595,0.0079
1790846410.4168,1.5228,0.3096,1.9595,0.0185
1790846410.4670,1.5207,0.2987,1.9597,0.0079
1790846410.5172,1.5194,0.2918,1.9596,0.0185
1790846410.5675,1.5172,0.2825,1.9594,0.0091
1790846410.6177,1.5156,0.2768,1.9592,0.0189
1790846410.6680,1.5133,0.2697,1.9588,0.0066
1790846410.7182,1.5120,0.2653,1.9585,0.0193
1790846410.7685,1.5101,0.2603,1.9580,0.0095
1790846410.8186,1.5087,0.2567,1.9574,0.0000
1790846410.8687,1.5083,0.2545,1.9570,0.0100
1790846410.9190,1.5082,0.2524,1.9563,0.0004
1790846410.9691,1.5087,0.2515,1.9557,0.0104
1790846411.0194,1.5098,0.2502,1.9549,0.0006
1790846411.0696,1.5109,0.2493,1.9544,0.0104
1790846411.1198,1.5128,0.2484,1.9540,0.0012
1790846411.1701,1.5143,0.2475,1.9540,0.0113
1790846411.2203,1.5167,0.2450,1.9541,0.0017
1790846411.2706,1.5182,0.2433,1.9541,0.0118
1790846411.3208,1.5201,0.2402,1.9542,0.0014
1790846411.3709,1.5213,0.2379,1.9540,0.0122
1790846411.4211,1.5226,0.2341,1.9537,0.0024
1790846411.4713,1.5232,0.2309,1.9532,0.0128
1790846411.5215,1.5239,0.2260,1.9524,0.0031
1790846411.5718,1.5238,0.2221,1.9517,0.0131
1790846411.6220,1.5236,0.2158,1.9505,0.0035
1790846411.6722,1.5233,0.2109,1.9499,0.0137
1790846411.7225,1.5228,0.2031,1.9493,0.0040
1790846411.7727,1.5224,0.1974,1.9489,0.0131
1790846411.8229,1.5218,0.1883,1.9485,0.0044
1790846411.8731,1.5214,0.1819,1.9481,0.0135
1790846411.9233,1.5206,0.1717,1.9475,0.0044
1790846411.9736,1.5198,0.1643,1.9470,0.0149
1790846412.0238,1.5186,0.1531,1.9463,0.0053
1790846412.0740,1.5175,0.1451,1.9459,0.0154
1790846412.1242,1.5158,0.1325,1.9453,0.0053
1790846412.1745,1.5144,0.1238,1.9447,0.0161
1790846412.2246,1.5123,0.1102,1.9440,0.0060
1790846412.2748,1.5107,0.1006,1.9435,0.0161
1790846412.3250,1.5084,0.0858,1.9430,0.0047
1790846412.3752,1.5069,0.0756,1.9426,0.0160
1790846412.4253,1.5046,0.0599,1.9424,0.0053
1790846412.4755,1.5030,0.0491,1.9423,0.0169
1790846412.5256,1.5005,0.0331,1.9426,0.0071
1790846412.5758,1.4987,0.0225,1.9428,0.0171
1790846412.6261,1.4961,0.0071,1.9432,0.0077
1790846412.6764,1.4943,-0.0028,1.9433,0.0178
1790846412.7265,1.4912,-0.0175,1.9432,0.0081
1790846412.7767,1.4891,-0.0267,1.9430,0.0181
1790846412.8268,1.4859,-0.0399,1.9426,0.0083
1790846412.8770,1.4835,-0.0484,1.9422,0.0183
1790846412.9272,1.4803,-0.0601,1.9420,0.0087
1790846412.9774,1.4779,-0.0675,1.9418,0.0190
1790846413.0277,1.4746,-0.0777,1.9416,0.0092
1790846413.0778,1.4724,-0.0839,1.9415,0.0192
1790846413.1281,1.4689,-0.0923,1.9413,0.0089
1790846413.1786,1.4661,-0.0992,1.9411,0.0000
1790846413.2287,1.4643,-0.1032,1.9408,0.0083
1790846413.2790,1.4617,-0.1083,1.9404,0.0002
1790846413.3292,1.4599,-0.1105,1.9400,0.0100
1790846413.3794,1.4573,-0.1133,1.9398,0.0008
1790846413.4296,1.4556,-0.1146,1.9397,0.0109
1790846413.4798,1.4531,-0.1158,1.9400,0.0012
1790846413.5299,1.4514,-0.1161,1.9403,0.0105
1790846413.5801,1.4487,-0.1162,1.9409,0.0014
1790846413.6304,1.4468,-0.1161,1.9414,0.0118
1790846413.6806,1.4438,-0.1162,1.9424,0.0017
1790846413.7308,1.4419,-0.1160,1.9431,0.0122
1790846413.7811,1.4384,-0.1162,1.9441,0.0024
1790846413.8314,1.4363,-0.1165,1.9448,0.0128
1790846413.8816,1.4329,-0.1180,1.9458,0.0028
1790846413.9318,1.4305,-0.1194,1.9466,0.0133
1790846413.9821,1.4275,-0.1226,1.9478,0.0035
1790846414.0322,1.4253,-0.1256,1.9486,0.0131
1790846414.0825,1.4224,-0.1313,1.9501,0.0037
1790846414.1327,1.4205,-0.1359,1.9512,0.0140
1790846414.1830,1.4175,-0.1441,1.9527,0.0044
1790846414.2333,1.4155,-0.1506,1.9535,0.0149
1790846414.2835,1.4123,-0.1610,1.9548,0.0048
1790846414.3338,1.4102,-0.1686,1.9557,0.0150
1790846414.3839,1.4064,-0.1808,1.9568,0.0053
1790846414.4341,1.4037,-0.1893,1.9574,0.0157
1790846414.4843,1.3990,-0.2024,1.9580,0.0057
1790846414.5346,1.3955,-0.2114,1.9582,0.0160
1790846414.5848,1.3894,-0.2249,1.9583,0.0063
1790846414.6350,1.3849,-0.2342,1.9583,0.0160
1790846414.6852,1.3776,-0.2480,1.9582,0.0064
1790846414.7354,1.3723,-0.2572,1.9580,0.0164
1790846414.7856,1.3635,-0.2711,1.9576,0.0055
1790846414.8359,1.3574,-0.2804,1.9573,0.0170
1790846414.8861,1.3478,-0.2937,1.9568,0.0072
1790846414.9363,1.3410,-0.3027,1.9563,0.0176
1790846414.9865,1.3307,-0.3157,1.9559,0.0079
1790846415.0367,1.3242,-0.3240,1.9555,0.0182
1790846415.0869,1.3144,-0.3364,1.9551,0.0083
1790846415.1371,1.3082,-0.3442,1.9549,0.0180
1790846415.1873,1.2996,-0.3555,1.9545,0.0086
1790846415.2376,1.2941,-0.3626,1.9543,0.0182
1790846415.2877,1.2867,-0.3728,1.9540,0.0090
1790846415.3379,1.2821,-0.3792,1.9539,0.0171
1790846415.3882,1.2764,-0.3883,1.9536,0.0096
1790846415.4384,1.2715,-0.3966,1.9534,0.0000
1790846415.4885,1.2688,-0.4018,1.9532,0.0097
1790846415.5388,1.2655,-0.4091,1.9527,0.0000
1790846415.5889,1.2635,-0.4134,1.9523,0.0103
1790846415.6392,1.2609,-0.4194,1.9515,0.0008
1790846415.6894,1.2595,-0.4230,1.9509,0.0081
1790846415.7397,1.2574,-0.4279,1.9499,0.0011
1790846415.7899,1.2561,-0.4309,1.9493,0.0112
1790846415.8401,1.2541,-0.4352,1.9485,0.0015
1790846415.8904,1.2528,-0.4379,1.9482,0.0117
1790846415.9406,1.2509,-0.4416,1.9479,0.0022
1790846415.9909,1.2498,-0.4441,1.9479,0.0122
1790846416.0411,1.2487,-0.4477,1.9479,0.0023
1790846416.0912,1.2480,-0.4499,1.9481,0.0128
1790846416.1414,1.2473,-0.4529,1.9486,0.0027
1790846416.1916,1.2473,-0.4547,1.9489,0.0130
1790846416.2418,1.2478,-0.4572,1.9494,0.0031
1790846416.2920,1.2481,-0.4582,1.9498,0.0133
1790846416.3423,1.2488,-0.4600,1.9501,0.0030
1790846416.3924,1.2493,-0.4605,1.9503,0.0139
1790846416.4426,1.2497,-0.4613,1.9502,0.0041
1790846416.4928,1.2498,-0.4619,1.9498,0.0139
1790846416.5430,1.2493,-0.4623,1.9493,0.0038
1790846416.5932,1.2490,-0.4631,1.9489,0.0147
1790846416.6434,1.2479,-0.4643,1.9481,0.0050
1790846416.6937,1.2470,-0.4658,1.9475,0.0152
1790846416.7439,1.2447,-0.4686,1.9468,0.0044
1790846416.7941,1.2429,-0.4711,1.9463,0.0157
1790846416.8443,1.2398,-0.4764,1.9458,0.0058
1790846416.8944,1.2373,-0.4805,1.9455,0.0159
1790846416.9447,1.2328,-0.4879,1.9453,0.0059
1790846416.9949,1.2293,-0.4937,1.9448,0.0164
1790846417.0451,1.2235,-0.5031,1.9443,0.0042
1790846417.0954,1.2191,-0.5102,1.9437,0.0169
1790846417.1456,1.2121,-0.5206,1.9429,0.0068
1790846417.1958,1.2073,-0.5281,1.9424,0.0174
1790846417.2461,1.1994,-0.5397,1.9412,0.0077
1790846417.2963,1.1940,-0.5475,1.9408,0.0166
1790846417.3465,1.1855,-0.5591,1.9406,0.0082
1790846417.3968,1.1796,-0.5667,1.9407,0.0185
1790846417.4470,1.1704,-0.5780,1.9412,0.0087
1790846417.4973,1.1641,-0.5856,1.9417,0.0186
1790846417.5474,1.1540,-0.5968,1.9428,0.0089
1790846417.5977,1.1471,-0.6039,1.9435,0.0176
1790846417.6480,1.1361,-0.6142,1.9447,0.0094
1790846417.6982,1.1285,-0.6207,1.9455,0.0185
1790846417.7485,1.1168,-0.6297,1.9464,0.0100
1790846417.7988,1.1044,-0.6382,1.9471,0.0000
1790846417.8489,1.0959,-0.6435,1.9474,0.0105
1790846417.8991,1.0831,-0.6508,1.9477,0.0007
1790846417.9494,1.0745,-0.6554,1.9478,0.0109
1790846417.9996,1.0617,-0.6617,1.9479,0.0002
1790846418.0498,1.0532,-0.6659,1.9480,0.0105
1790846418.1000,1.0414,-0.6719,1.9479,0.0014
1790846418.1502,1.0341,-0.6759,1.9477,0.0115
1790846418.2006,1.0238,-0.6816,1.9475,0.0019
1790846418.2507,1.0175,-0.6854,1.9474,0.0122
1790846418.3010,1.0088,-0.6909,1.9472,0.0025
1790846418.3512,1.0039,-0.6941,1.9472,0.0127
1790846418.4014,0.9974,-0.6987,1.9471,0.0020
1790846418.4516,0.9936,-0.7013,1.9471,0.0130
1790846418.5017,0.9890,-0.7048,1.9472,0.0032
1790846418.5519,0.9864,-0.7067,1.9474,0.0135
1790846418.6022,0.9829,-0.7091,1.9478,0.0037
1790846418.6524,0.9809,-0.7104,1.9481,0.0141
1790846418.7026,0.9781,-0.7123,1.9488,0.0038
1790846418.7528,0.9764,-0.7134,1.9492,0.0142
1790846418.8030,0.9738,-0.7151,1.9498,0.0047
1790846418.8533,0.9721,-0.7164,1.9499,0.0147
1790846418.9036,0.9695,-0.7184,1.9501,0.0052
1790846418.9537,0.9678,-0.7199,1.9502,0.0151
1790846419.0039,0.9651,-0.7227,1.9501,0.0053
1790846419.0541,0.9631,-0.7248,1.9501,0.0156
1790846419.1044,0.9599,-0.7284,1.9500,0.0046
1790846419.1546,0.9576,-0.7311,1.9499,0.0161
1790846419.2047,0.9539,-0.7355,1.9498,0.0060
1790846419.2550,0.9508,-0.7387,1.9497,0.0162
1790846419.3051,0.9456,-0.7441,1.9497,0.0066
1790846419.3553,0.9417,-0.7478,1.9496,0.0170
1790846419.4055,0.9347,-0.7541,1.9496,0.0071
1790846419.4558,0.9295,-0.7582,1.9495,0.0172
1790846419.5060,0.9208,-0.7651,1.9494,0.0074
1790846419.5563,0.9145,-0.7698,1.9494,0.0178
1790846419.6065,0.9044,-0.7772,1.9495,0.0080
1790846419.6568,0.8973,-0.7825,1.9495,0.0171
1790846419.7071,0.8860,-0.7909,1.9495,0.0062
1790846419.7573,0.8782,-0.7966,1.9497,0.0185
1790846419.8075,0.8663,-0.8054,1.9498,0.0086
1790846419.8577,0.8583,-0.8113,1.9497,0.0186
1790846419.9079,0.8460,-0.8201,1.9496,0.0084
1790846419.9581,0.8376,-0.8258,1.9496,0.0199
1790846420.0083,0.8252,-0.8338,1.9495,0.0088
1790846420.0585,0.8127,-0.8413,1.9493,0.0002
1790846420.1088,0.8043,-0.8462,1.9493,0.0088
1790846420.1590,0.7917,-0.8528,1.9489,0.0002
1790846420.2093,0.7834,-0.8568,1.9487,0.0109
1790846420.2594,0.7710,-0.8625,1.9484,0.0011
1790846420.3096,0.7630,-0.8659,1.9483,0.0113
1790846420.3598,0.7515,-0.8705,1.9482,0.0015
1790846420.4101,0.7443,-0.8734,1.9482,0.0107
1790846420.4603,0.7345,-0.8769,1.9483,0.0019
1790846420.5105,0.7285,-0.8792,1.9485,0.0112
1790846420.5607,0.7209,-0.8822,1.9488,0.0020
1790846420.6110,0.7165,-0.8841,1.9490,0.0127
1790846420.6613,0.7110,-0.8870,1.9495,0.0030
1790846420.7115,0.7081,-0.8887,1.9499,0.0127
1790846420.7617,0.7045,-0.8913,1.9504,0.0031
1790846420.8119,0.7025,-0.8930,1.9507,0.0132
1790846420.8621,0.7000,-0.8957,1.9510,0.0038
1790846420.9123,0.6986,-0.8975,1.9511,0.0138
1790846420.9625,0.6968,-0.9004,1.9513,0.0043
1790846421.0128,0.6958,-0.9024,1.9514,0.0145
1790846421.0630,0.6944,-0.9057,1.9515,0.0046
1790846421.1131,0.6935,-0.9079,1.9516,0.0146
1790846421.1633,0.6923,-0.9115,1.9519,0.0048
1790846421.2135,0.6914,-0.9140,1.9522,0.0143
1790846421.2637,0.6901,-0.9175,1.9528,0.0054
1790846421.3140,0.6891,-0.9200,1.9532,0.0156
1790846421.3642,0.6875,-0.9236,1.9538,0.0058
1790846421.4144,0.6862,-0.9259,1.9540,0.0162
1790846421.4646,0.6837,-0.9293,1.9544,0.0064
1790846421.5148,0.6815,-0.9315,1.9544,0.0165
1790846421.5650,0.6772,-0.9349,1.9542,0.0067
1790846421.6152,0.6737,-0.9370,1.9539,0.0161
1790846421.6654,0.6671,-0.9404,1.9535,0.0070
1790846421.7156,0.6618,-0.9426,1.9531,0.0173
1790846421.7659,0.6528,-0.9460,1.9528,0.0077
1790846421.8160,0.6458,-0.9482,1.9527,0.0178
1790846421.8663,0.6342,-0.9514,1.9528,0.0079
1790846421.9165,0.6257,-0.9534,1.9530,0.0175
1790846421.9667,0.6122,-0.9563,1.9534,0.0084
1790846422.0170,0.6026,-0.9581,1.9538,0.0187
1790846422.0672,0.5878,-0.9607,1.9544,0.0088
1790846422.1174,0.5776,-0.9625,1.9548,0.0191
1790846422.1676,0.5621,-0.9649,1.9553,0.0091
1790846422.2178,0.5518,-0.9663,1.9557,0.0188
1790846422.2681,0.5362,-0.9687,1.9561,0.0095
1790846422.3184,0.5209,-0.9710,1.9563,0.0000
1790846422.3685,0.5110,-0.9725,1.9564,0.0099
1790846422.4187,0.4963,-0.9749,1.9563,0.0003
1790846422.4689,0.4869,-0.9766,1.9561,0.0102
1790846422.5192,0.4731,-0.9793,1.9557,0.0000
1790846422.5693,0.4639,-0.9811,1.9552,0.0112
1790846422.6195,0.4504,-0.9835,1.9547,0.0009
1790846422.6697,0.4418,-0.9852,1.9543,0.0113
1790846422.7198,0.4295,-0.9880,1.9536,0.0012
1790846422.7701,0.4216,-0.9897,1.9532,0.0117
1790846422.8202,0.4102,-0.9917,1.9529,0.0019
1790846422.8704,0.4033,-0.9930,1.9525,0.0118
1790846422.9208,0.3936,-0.9947,1.9523,0.0011
1790846422.9710,0.3875,-0.9955,1.9522,0.0127
1790846423.0212,0.3796,-0.9965,1.9523,0.0029
1790846423.0714,0.3748,-0.9968,1.9523,0.0131
1790846423.1216,0.3686,-0.9968,1.9525,0.0030
1790846423.1718,0.3650,-0.9965,1.9527,0.0134
1790846423.2220,0.3605,-0.9955,1.9531,0.0038
1790846423.2722,0.3580,-0.9947,1.9534,0.0126
1790846423.3224,0.3547,-0.9931,1.9538,0.0042
1790846423.3725,0.3528,-0.9918,1.9542,0.0142
1790846423.4228,0.3504,-0.9897,1.9546,0.0039
1790846423.4730,0.3491,-0.9884,1.9547,0.0141
1790846423.5232,0.3471,-0.9862,1.9548,0.0047
1790846423.5735,0.3458,-0.9848,1.9549,0.0150
1790846423.6237,0.3435,-0.9832,1.9550,0.0051
1790846423.6738,0.3418,-0.9824,1.9551,0.0151
1790846423.7241,0.3387,-0.9816,1.9555,0.0055
1790846423.7742,0.3363,-0.9812,1.9557,0.0160
1790846423.8244,0.3319,-0.9813,1.9560,0.0060
1790846423.8745,0.3285,-0.9816,1.9562,0.0162
1790846423.9248,0.3225,-0.9825,1.9564,0.0058
1790846423.9751,0.3179,-0.9833,1.9565,0.0166
1790846424.0253,0.3099,-0.9848,1.9566,0.0070
1790846424.0756,0.3040,-0.9859,1.9567,0.0170
1790846424.1257,0.2939,-0.9877,1.9565,0.0072
1790846424.1759,0.2866,-0.9889,1.9564,0.0177
1790846424.2261,0.2745,-0.9908,1.9560,0.0076
1790846424.2763,0.2658,-0.9920,1.9556,0.0177
1790846424.3265,0.2517,-0.9937,1.9550,0.0082
1790846424.3767,0.2420,-0.9947,1.9546,0.0183
1790846424.4269,0.2263,-0.9958,1.9542,0.0086
1790846424.4771,0.2157,-0.9964,1.9540,0.0186
1790846424.5273,0.1991,-0.9969,1.9535,0.0091
1790846424.5776,0.1879,-0.9971,1.9533,0.0192
1790846424.6278,0.1714,-0.9971,1.9529,0.0093
1790846424.6780,0.1552,-0.9969,1.9524,0.0000
1790846424.7281,0.1445,-0.9963,1.9521,0.0098
1790846424.7782,0.1294,-0.9954,1.9516,0.0000
1790846424.8285,0.1198,-0.9946,1.9513,0.0101
1790846424.8787,0.1062,-0.9933,1.9510,0.0004
1790846424.9289,0.0978,-0.9922,1.9506,0.0105
1790846424.9792,0.0862,-0.9904,1.9503,0.0010
1790846425.0293,0.0792,-0.9892,1.9502,0.0110
1790846425.0795,0.0695,-0.9874,1.9502,0.0006
1790846425.1297,0.0638,-0.9863,1.9502,0.0110
1790846425.1800,0.0562,-0.9846,1.9503,0.0018
1790846425.2303,0.0517,-0.9836,1.9505,0.0119
1790846425.2805,0.0457,-0.9821,1.9508,0.0021
1790846425.3306,0.0422,-0.9815,1.9510,0.0125
1790846425.3809,0.0376,-0.9804,1.9515,0.0023
1790846425.4311,0.0347,-0.9800,1.9518,0.0124
1790846425.4813,0.0309,-0.9790,1.9524,0.0031
1790846425.5316,0.0285,-0.9787,1.9527,0.0134
1790846425.5818,0.0253,-0.9779,1.9532,0.0037
1790846425.6320,0.0234,-0.9777,1.9533,0.0135
1790846425.6822,0.0207,-0.9772,1.9534,0.0042
1790846425.7325,0.0191,-0.9770,1.9535,0.0141
1790846425.7826,0.0170,-0.9769,1.9533,0.0045
1790846425.8328,0.0155,-0.9768,1.9534,0.0144
1790846425.8829,0.0132,-0.9770,1.9532,0.0047
1790846425.9332,0.0115,-0.9770,1.9531,0.0148
1790846425.9834,0.0083,-0.9771,1.9530,0.0052
1790846426.0337,0.0059,-0.9769,1.9526,0.0156
1790846426.0840,0.0013,-0.9769,1.9521,0.0056
1790846426.1341,-0.0023,-0.9767,1.9518,0.0157
1790846426.1844,-0.0087,-0.9765,1.9513,0.0063
1790846426.2346,-0.0138,-0.9763,1.9510,0.0165
1790846426.2848,-0.0226,-0.9757,1.9506,0.0067
1790846426.3350,-0.0293,-0.9753,1.9503,0.0169
1790846426.3853,-0.0407,-0.9745,1.9499,0.0072
1790846426.4355,-0.0489,-0.9738,1.9496,0.0173
1790846426.4857,-0.0627,-0.9727,1.9490,0.0076
1790846426.5358,-0.0727,-0.9720,1.9490,0.0178
1790846426.5860,-0.0884,-0.9705,1.9487,0.0079
1790846426.6362,-0.0993,-0.9691,1.9486,0.0181
1790846426.6864,-0.1162,-0.9671,1.9485,0.0083
1790846426.7366,-0.1277,-0.9655,1.9486,0.0185
1790846426.7868,-0.1448,-0.9626,1.9484,0.0085
1790846426.8370,-0.1561,-0.9604,1.9482,0.0188
1790846426.8872,-0.1726,-0.9568,1.9480,0.0090
1790846426.9373,-0.1833,-0.9541,1.9479,0.0191
1790846426.9876,-0.1983,-0.9496,1.9478,0.0088
1790846427.0378,-0.2076,-0.9466,1.9478,0.0195
1790846427.0880,-0.2207,-0.9414,1.9477,0.0098
1790846427.1382,-0.2325,-0.9360,1.9476,0.0000
1790846427.1882,-0.2395,-0.9322,1.9474,0.0099
1790846427.2385,-0.2491,-0.9267,1.9472,0.0000
1790846427.2885,-0.2548,-0.9231,1.9470,0.0099
1790846427.3389,-0.2622,-0.9181,1.9467,0.0006
1790846427.3890,-0.2668,-0.9149,1.9467,0.0108
1790846427.4392,-0.2727,-0.9107,1.9468,0.0010
1790846427.4895,-0.2762,-0.9083,1.9468,0.0113
1790846427.5396,-0.2809,-0.9052,1.9470,0.0016
1790846427.5899,-0.2839,-0.9035,1.9472,0.0111
1790846427.6400,-0.2876,-0.9014,1.9473,0.0021
1790846427.6902,-0.2898,-0.9003,1.9473,0.0120
1790846427.7404,-0.2928,-0.8986,1.9472,0.0019
1790846427.7906,-0.2945,-0.8973,1.9473,0.0125
1790846427.8408,-0.2968,-0.8955,1.9473,0.0027
1790846427.8910,-0.2982,-0.8942,1.9472,0.0129
1790846427.9412,-0.3001,-0.8924,1.9470,0.0030
1790846427.9915,-0.3014,-0.8911,1.9468,0.0134
1790846428.0417,-0.3034,-0.8893,1.9466,0.0031
1790846428.0919,-0.3048,-0.8881,1.9465,0.0138
1790846428.1420,-0.3073,-0.8863,1.9463,0.0036
1790846428.1922,-0.3094,-0.8851,1.9464,0.0138
1790846428.2424,-0.3130,-0.8829,1.9462,0.0040
1790846428.2926,-0.3160,-0.8812,1.9460,0.0142
1790846428.3428,-0.3214,-0.8781,1.9458,0.0043
1790846428.3930,-0.3257,-0.8759,1.9456,0.0146
1790846428.4432,-0.3333,-0.8718,1.9453,0.0049
1790846428.4934,-0.3391,-0.8687,1.9451,0.0153
1790846428.5436,-0.3489,-0.8636,1.9449,0.0055
1790846428.5939,-0.3562,-0.8602,1.9447,0.0154
1790846428.6439,-0.3680,-0.8546,1.9444,0.0055
1790846428.6942,-0.3765,-0.8508,1.9441,0.0157
1790846428.7444,-0.3898,-0.8448,1.9440,0.0062
1790846428.7947,-0.3990,-0.8407,1.9439,0.0165
1790846428.8448,-0.4132,-0.8343,1.9439,0.0063
1790846428.8951,-0.4229,-0.8299,1.9440,0.0166
1790846428.9453,-0.4374,-0.8231,1.9441,0.0070
1790846428.9956,-0.4471,-0.8184,1.9443,0.0173
1790846429.0458,-0.4614,-0.8113,1.9446,0.0077
1790846429.0961,-0.4708,-0.8064,1.9448,0.0177
1790846429.1462,-0.4844,-0.7993,1.9453,0.0080
1790846429.1964,-0.4933,-0.7944,1.9456,0.0181
1790846429.2466,-0.5060,-0.7875,1.9462,0.0078
1790846429.2968,-0.5139,-0.7829,1.9465,0.0186
1790846429.3470,-0.5249,-0.7762,1.9467,0.0088
1790846429.3972,-0.5312,-0.7721,1.9465,0.0188
1790846429.4476,-0.5397,-0.7662,1.9461,0.0094
1790846429.4978,-0.5445,-0.7627,1.9457,0.0196
1790846429.5480,-0.5501,-0.7578,1.9452,0.0097
1790846429.5982,-0.5542,-0.7532,1.9447,0.0000
1790846429.6483,-0.5561,-0.7504,1.9444,0.0098
1790846429.6984,-0.5577,-0.7463,1.9442,0.0002
1790846429.7486,-0.5583,-0.7439,1.9442,0.0106
1790846429.7989,-0.5585,-0.7403,1.9445,0.0009
1790846429.8490,-0.5582,-0.7380,1.9449,0.0100
1790846429.8993,-0.5574,-0.7350,1.9454,0.0007
1790846429.9495,-0.5571,-0.7330,1.9458,0.0112
1790846429.9996,-0.5568,-0.7306,1.9465,0.0014
1790846430.0498,-0.5568,-0.7294,1.9470,0.0106
1790846430.1000,-0.5574,-0.7282,1.9478,0.0018
1790846430.1503,-0.5582,-0.7276,1.9484,0.0117
1790846430.2004,-0.5596,-0.7273,1.9492,0.0024
1790846430.2507,-0.5611,-0.7270,1.9499,0.0119
1790846430.3009,-0.5637,-0.7264,1.9508,0.0028
1790846430.3512,-0.5660,-0.7255,1.9513,0.0132
1790846430.4014,-0.5701,-0.7235,1.9516,0.0034
1790846430.4517,-0.5735,-0.7215,1.9516,0.0136
1790846430.5019,-0.5791,-0.7172,1.9511,0.0037
1790846430.5520,-0.5837,-0.7138,1.9508,0.0138
1790846430.6022,-0.5916,-0.7076,1.9500,0.0042
1790846430.6523,-0.5973,-0.7028,1.9494,0.0142
1790846430.7026,-0.6071,-0.6945,1.9485,0.0045
1790846430.7527,-0.6142,-0.6886,1.9479,0.0145
1790846430.8029,-0.6258,-0.6785,1.9473,0.0048
1790846430.8532,-0.6339,-0.6715,1.9471,0.0153
1790846430.9034,-0.6464,-0.6605,1.9466,0.0052
1790846430.9536,-0.6549,-0.6530,1.9465,0.0156
1790846431.0038,-0.6675,-0.6418,1.9464,0.0059
1790846431.0541,-0.6759,-0.6344,1.9465,0.0158
1790846431.1042,-0.6884,-0.6235,1.9470,0.0059
1790846431.1545,-0.6963,-0.6166,1.9475,0.0163
1790846431.2047,-0.7076,-0.6067,1.9485,0.0066
1790846431.2549,-0.7147,-0.6009,1.9492,0.0169
1790846431.3052,-0.7241,-0.5924,1.9503,0.0071
1790846431.3554,-0.7297,-0.5872,1.9511,0.0171
1790846431.4056,-0.7366,-0.5799,1.9525,0.0068
1790846431.4558,-0.7403,-0.5756,1.9534,0.0178
1790846431.5062,-0.7447,-0.5693,1.9546,0.0066
1790846431.5564,-0.7469,-0.5656,1.9553,0.0183
1790846431.6067,-0.7495,-0.5603,1.9562,0.0077
1790846431.6569,-0.7506,-0.5570,1.9566,0.0187
1790846431.7071,-0.7521,-0.5520,1.9571,0.0091
1790846431.7573,-0.7528,-0.5491,1.9573,0.0194
1790846431.8075,-0.7541,-0.5450,1.9574,0.0088
1790846431.8577,-0.7556,-0.5410,1.9572,0.0000
1790846431.9078,-0.7567,-0.5386,1.9570,0.0096
1790846431.9579,-0.7586,-0.5353,1.9565,0.0000
1790846432.0081,-0.7601,-0.5331,1.9561,0.0096
1790846432.0584,-0.7628,-0.5300,1.9557,0.0002
1790846432.1086,-0.7648,-0.5279,1.9553,0.0105
1790846432.1588,-0.7681,-0.5248,1.9547,0.0008
1790846432.2090,-0.7704,-0.5225,1.9542,0.0108
1790846432.2593,-0.7744,-0.5189,1.9536,0.0004
1790846432.3095,-0.7772,-0.5163,1.9532,0.0115
1790846432.3596,-0.7816,-0.5123,1.9529,0.0017
1790846432.4099,-0.7848,-0.5094,1.9525,0.0119
1790846432.4600,-0.7895,-0.5046,1.9523,0.0013
1790846432.5101,-0.7928,-0.5011,1.9523,0.0123
1790846432.5604,-0.7980,-0.4947,1.9523,0.0024
1790846432.6106,-0.8016,-0.4897,1.9525,0.0123
1790846432.6608,-0.8072,-0.4814,1.9525,0.0026
1790846432.7110,-0.8111,-0.4753,1.9526,0.0129
1790846432.7612,-0.8171,-0.4649,1.9525,0.0033
1790846432.8114,-0.8215,-0.4572,1.9524,0.0125
1790846432.8616,-0.8280,-0.4452,1.9523,0.0035
1790846432.9118,-0.8326,-0.4368,1.9521,0.0137
1790846432.9620,-0.8399,-0.4236,1.9522,0.0040
1790846433.0123,-0.8449,-0.4146,1.9521,0.0135
1790846433.0625,-0.8528,-0.4011,1.9523,0.0043
1790846433.1127,-0.8581,-0.3920,1.9526,0.0147
1790846433.1629,-0.8658,-0.3785,1.9530,0.0048
1790846433.2131,-0.8709,-0.3698,1.9534,0.0151
1790846433.2634,-0.8780,-0.3568,1.9542,0.0052
1790846433.3136,-0.8823,-0.3484,1.9546,0.0155
1790846433.3637,-0.8882,-0.3363,1.9550,0.0055
1790846433.4139,-0.8917,-0.3290,1.9551,0.0149
1790846433.4642,-0.8961,-0.3187,1.9552,0.0058
1790846433.5145,-0.8985,-0.3127,1.9552,0.0161
1790846433.5646,-0.9015,-0.3048,1.9553,0.0068
1790846433.6149,-0.9027,-0.3003,1.9552,0.0154
1790846433.6652,-0.9040,-0.2948,1.9553,0.0073
1790846433.7154,-0.9044,-0.2918,1.9554,0.0175
1790846433.7657,-0.9049,-0.2883,1.9557,0.0076
1790846433.8158,-0.9051,-0.2860,1.9557,0.0178
1790846433.8660,-0.9051,-0.2833,1.9558,0.0078
1790846433.9162,-0.9052,-0.2817,1.9557,0.0181
1790846433.9664,-0.9055,-0.2789,1.9557,0.0083
1790846434.0166,-0.9055,-0.2772,1.9552,0.0173
1790846434.0669,-0.9060,-0.2743,1.9547,0.0089
1790846434.1171,-0.9064,-0.2722,1.9544,0.0189
1790846434.1673,-0.9073,-0.2687,1.9537,0.0090
1790846434.2176,-0.9084,-0.2643,1.9530,0.0000
1790846434.2676,-0.9093,-0.2612,1.9525,0.0086
1790846434.3179,-0.9110,-0.2553,1.9516,0.0000
1790846434.3680,-0.9121,-0.2513,1.9511,0.0099
1790846434.4182,-0.9142,-0.2439,1.9502,0.0000
1790846434.4683,-0.9159,-0.2381,1.9497,0.0101
1790846434.5186,-0.9187,-0.2286,1.9487,0.0004
1790846434.5688,-0.9206,-0.2218,1.9479,0.0108
1790846434.6190,-0.9238,-0.2105,1.9470,0.0010
1790846434.6692,-0.9260,-0.2022,1.9462,0.0112
1790846434.7195,-0.9293,-0.1890,1.9452,0.0015
1790846434.7697,-0.9315,-0.1797,1.9444,0.0117
1790846434.8199,-0.9349,-0.1651,1.9432,0.0016
1790846434.8701,-0.9373,-0.1551,1.9423,0.0121
1790846434.9203,-0.9412,-0.1398,1.9412,0.0022
1790846434.9706,-0.9438,-0.1295,1.9405,0.0127
1790846435.0207,-0.9476,-0.1141,1.9396,0.0012
1790846435.0710,-0.9500,-0.1041,1.9392,0.0129
1790846435.1212,-0.9534,-0.0899,1.9390,0.0033
1790846435.1714,-0.9553,-0.0808,1.9389,0.0131
1790846435.2217,-0.9576,-0.0683,1.9389,0.0030
1790846435.2719,-0.9587,-0.0608,1.9391,0.0135
1790846435.3221,-0.9596,-0.0508,1.9393,0.0044
1790846435.3725,-0.9598,-0.0450,1.9396,0.0130
1790846435.4227,-0.9595,-0.0379,1.9399,0.0045
1790846435.4729,-0.9588,-0.0341,1.9400,0.0147
1790846435.5231,-0.9574,-0.0297,1.9403,0.0049
1790846435.5734,-0.9565,-0.0276,1.9404,0.0152
1790846435.6236,-0.9550,-0.0255,1.9406,0.0042
1790846435.6737,-0.9541,-0.0248,1.9408,0.0159
1790846435.7239,-0.9529,-0.0247,1.9412,0.0060
1790846435.7742,-0.9523,-0.0248,1.9416,0.0154
1790846435.8243,-0.9517,-0.0251,1.9421,0.0063
1790846435.8744,-0.9517,-0.0253,1.9424,0.0163
1790846435.9246,-0.9520,-0.0252,1.9428,0.0067
1790846435.9748,-0.9526,-0.0248,1.9430,0.0171
1790846436.0250,-0.9538,-0.0233,1.9433,0.0070
1790846436.0752,-0.9548,-0.0217,1.9435,0.0172
1790846436.1254,-0.9566,-0.0181,1.9438,0.0074
1790846436.1756,-0.9579,-0.0149,1.9440,0.0176
1790846436.2258,-0.9600,-0.0086,1.9445,0.0077
1790846436.2760,-0.9615,-0.0034,1.9448,0.0180
1790846436.3262,-0.9637,0.0059,1.9456,0.0073
1790846436.3764,-0.9651,0.0131,1.9462,0.0183
1790846436.4267,-0.9672,0.0253,1.9475,0.0087
1790846436.4769,-0.9684,0.0344,1.9484,0.0188
1790846436.5271,-0.9699,0.0491,1.9499,0.0091
1790846436.5773,-0.9707,0.0599,1.9508,0.0182
1790846436.6274,-0.9716,0.0767,1.9522,0.0094
1790846436.6778,-0.9721,0.0944,1.9535,0.0000
1790846436.7278,-0.9723,0.1063,1.9542,0.0091
1790846436.7781,-0.9721,0.1244,1.9552,0.0000
1790846436.8282,-0.9720,0.1363,1.9558,0.0100
1790846436.8784,-0.9713,0.1540,1.9565,0.0002
1790846436.9286,-0.9709,0.1653,1.9570,0.0108
1790846436.9788,-0.9698,0.1816,1.9572,0.0008
1790846437.0290,-0.9690,0.1918,1.9573,0.0108
1790846437.0792,-0.9677,0.2063,1.9573,0.0011
1790846437.1293,-0.9668,0.2154,1.9572,0.0111
1790846437.1796,-0.9654,0.2280,1.9574,0.0016
1790846437.2298,-0.9647,0.2356,1.9575,0.0114
1790846437.2800,-0.9637,0.2461,1.9577,0.0019
1790846437.3302,-0.9631,0.2523,1.9577,0.0122
1790846437.3804,-0.9625,0.2604,1.9576,0.0023
1790846437.4306,-0.9622,0.2649,1.9575,0.0123
1790846437.4808,-0.9619,0.2704,1.9574,0.0027
1790846437.5309,-0.9619,0.2733,1.9573,0.0129
1790846437.5812,-0.9618,0.2765,1.9569,0.0024
1790846437.6314,-0.9619,0.2781,1.9566,0.0133
1790846437.6816,-0.9619,0.2797,1.9561,0.0038
1790846437.7318,-0.9619,0.2805,1.9558,0.0133
1790846437.7820,-0.9619,0.2818,1.9554,0.0034
1790846437.8322,-0.9619,0.2827,1.9552,0.0142
1790846437.8824,-0.9617,0.2846,1.9550,0.0043
1790846437.9326,-0.9616,0.2865,1.9549,0.0145
1790846437.9829,-0.9611,0.2902,1.9547,0.0049
1790846438.0331,-0.9607,0.2937,1.9546,0.0149
1790846438.0834,-0.9598,0.3003,1.9543,0.0052
1790846438.1336,-0.9592,0.3056,1.9539,0.0156
1790846438.1838,-0.9579,0.3152,1.9534,0.0059
1790846438.2339,-0.9569,0.3224,1.9530,0.0162
1790846438.2842,-0.9551,0.3347,1.9524,0.0061
1790846438.3344,-0.9537,0.3436,1.9520,0.0165
1790846438.3847,-0.9512,0.3582,1.9515,0.0058
1790846438.4348,-0.9492,0.3684,1.9513,0.0169
1790846438.4850,-0.9458,0.3847,1.9509,0.0071
1790846438.5352,-0.9432,0.3958,1.9507,0.0168
1790846438.5854,-0.9390,0.4127,1.9506,0.0060
1790846438.6355,-0.9361,0.4240,1.9507,0.0174
1790846438.6857,-0.9317,0.4402,1.9510,0.0077
1790846438.7359,-0.9286,0.4505,1.9512,0.0177
1790846438.7860,-0.9241,0.4650,1.9518,0.0080
1790846438.8362,-0.9212,0.4737,1.9521,0.0183
1790846438.8864,-0.9167,0.4855,1.9529,0.0084
1790846438.9369,-0.9139,0.4923,1.9534,0.0180
1790846438.9871,-0.9097,0.5009,1.9542,0.0093
1790846439.0373,-0.9072,0.5057,1.9546,0.0191
1790846439.0874,-0.9035,0.5116,1.9551,0.0093
1790846439.1377,-0.9011,0.5146,1.9552,0.0184
1790846439.1879,-0.8976,0.5180,1.9553,0.0098
1790846439.2382,-0.8944,0.5201,1.9552,0.0000
1790846439.2883,-0.8923,0.5208,1.9551,0.0103
1790846439.3385,-0.8895,0.5208,1.9548,0.0004
1790846439.3887,-0.8878,0.5203,1.9547,0.0105
1790846439.4389,-0.8854,0.5188,1.9545,0.0008
1790846439.4892,-0.8838,0.5176,1.9544,0.0113
1790846439.5394,-0.8816,0.5158,1.9543,0.0013
1790846439.5896,-0.8800,0.5148,1.9541,0.0116
1790846439.6398,-0.8776,0.5139,1.9538,0.0018
1790846439.6899,-0.8758,0.5139,1.9536,0.0119
1790846439.7401,-0.8727,0.5150,1.9530,0.0019
1790846439.7903,-0.8705,0.5168,1.9525,0.0123
1790846439.8405,-0.8667,0.5209,1.9516,0.0023
1790846439.8908,-0.8639,0.5246,1.9509,0.0126
1790846439.9410,-0.8596,0.5317,1.9500,0.0018
1790846439.9912,-0.8566,0.5371,1.9494,0.0132
1790846440.0413,-0.8520,0.5465,1.9488,0.0033
1790846440.0915,-0.8489,0.5533,1.9486,0.0135
1790846440.1417,-0.8442,0.5646,1.9486,0.0037
1790846440.1920,-0.8409,0.5726,1.9488,0.0139
1790846440.2422,-0.8363,0.5855,1.9492,0.0042
1790846440.2923,-0.8335,0.5945,1.9496,0.0142
1790846440.3425,-0.8292,0.6086,1.9502,0.0038
1790846440.3927,-0.8267,0.6182,1.9506,0.0147
1790846440.4429,-0.8231,0.6325,1.9513,0.0050
1790846440.4931,-0.8210,0.6419,1.9518,0.0152
1790846440.5432,-0.8180,0.6554,1.9527,0.0051
1790846440.5936,-0.8163,0.6638,1.9534,0.0156
1790846440.6439,-0.8139,0.6758,1.9545,0.0058
1790846440.6941,-0.8123,0.6832,1.9552,0.0154
1790846440.7443,-0.8102,0.6933,1.9562,0.0054
1790846440.7945,-0.8088,0.6995,1.9567,0.0164
1790846440.8447,-0.8066,0.7077,1.9575,0.0068
1790846440.8949,-0.8050,0.7125,1.9580,0.0169
1790846440.9450,-0.8023,0.7186,1.9587,0.0070
1790846440.9953,-0.8001,0.7220,1.9591,0.0174
1790846441.0455,-0.7964,0.7262,1.9595,0.0074
1790846441.0957,-0.7935,0.7284,1.9597,0.0176
1790846441.1458,-0.7887,0.7315,1.9599,0.0078
1790846441.1961,-0.7851,0.7332,1.9601,0.0183
1790846441.2463,-0.7793,0.7359,1.9602,0.0085
1790846441.2965,-0.7750,0.7377,1.9602,0.0186
1790846441.3467,-0.7680,0.7411,1.9598,0.0079
1790846441.3969,-0.7630,0.7436,1.9594,0.0190
1790846441.4471,-0.7547,0.7481,1.9586,0.0092
1790846441.4974,-0.7488,0.7516,1.9580,0.0194
1790846441.5477,-0.7394,0.7577,1.9570,0.0095
1790846441.5980,-0.7295,0.7649,1.9560,0.0000
1790846441.6480,-0.7227,0.7701,1.9555,0.0101
1790846441.6982,-0.7122,0.7785,1.9546,0.0003
1790846441.7484,-0.7051,0.7848,1.9541,0.0103
1790846441.7986,-0.6940,0.7947,1.9534,0.0004
1790846441.8488,-0.6866,0.8019,1.9530,0.0107
1790846441.8990,-0.6752,0.8130,1.9526,0.0009
1790846441.9492,-0.6676,0.8209,1.9525,0.0110
1790846441.9994,-0.6562,0.8326,1.9524,0.0014
1790846442.0497,-0.6485,0.8405,1.9525,0.0117
1790846442.0999,-0.6375,0.8520,1.9527,0.0022
1790846442.1502,-0.6303,0.8593,1.9529,0.0125
1790846442.2007,-0.6201,0.8694,1.9533,0.0029
1790846442.2509,-0.6136,0.8755,1.9535,0.0128
1790846442.3011,-0.6045,0.8835,1.9539,0.0020
1790846442.3513,-0.5988,0.8881,1.9542,0.0133
1790846442.4015,-0.5912,0.8938,1.9546,0.0037
1790846442.4519,-0.5865,0.8969,1.9550,0.0140
1790846442.5020,-0.5805,0.9008,1.9554,0.0031
1790846442.5523,-0.5771,0.9030,1.9556,0.0146
1790846442.6026,-0.5728,0.9058,1.9557,0.0047
1790846442.6528,-0.5703,0.9075,1.9554,0.0151
1790846442.7031,-0.5671,0.9100,1.9547,0.0051
1790846442.7532,-0.5652,0.9115,1.9539,0.0154
1790846442.8035,-0.5624,0.9138,1.9525,0.0056
1790846442.8538,-0.5605,0.9153,1.9512,0.0159
1790846442.9040,-0.5572,0.9174,1.9493,0.0060
1790846442.9543,-0.5546,0.9188,1.9481,0.0162
1790846443.0045,-0.5498,0.9209,1.9463,0.0067
1790846443.0546,-0.5458,0.9223,1.9453,0.0167
1790846443.1048,-0.5387,0.9243,1.9440,0.0062
1790846443.1551,-0.5329,0.9256,1.9434,0.0173
1790846443.2053,-0.5228,0.9276,1.9431,0.0074
1790846443.2555,-0.5151,0.9289,1.9432,0.0168
1790846443.3057,-0.5023,0.9309,1.9438,0.0078
1790846443.3559,-0.4933,0.9323,1.9444,0.0181
1790846443.4061,-0.4794,0.9346,1.9454,0.0083
1790846443.4563,-0.4701,0.9364,1.9461,0.0185
1790846443.5065,-0.4566,0.9391,1.9472,0.0086
1790846443.5567,-0.4482,0.9412,1.9479,0.0188
1790846443.6069,-0.4366,0.9445,1.9489,0.0090
1790846443.6571,-0.4297,0.9468,1.9495,0.0183
1790846443.7073,-0.4203,0.9503,1.9503,0.0096
1790846443.7576,-0.4124,0.9538,1.9510,0.0000
1790846443.8077,-0.4080,0.9562,1.9513,0.0097
1790846443.8580,-0.4024,0.9594,1.9514,0.0000
1790846443.9080,-0.3994,0.9613,1.9511,0.0103
1790846443.9583,-0.3955,0.9635,1.9503,0.0003
1790846444.0085,-0.3934,0.9644,1.9496,0.0104
1790846444.0587,-0.3907,0.9649,1.9483,0.0010
1790846444.1089,-0.3891,0.9646,1.9475,0.0109
1790846444.1591,-0.3869,0.9634,1.9462,0.0011
1790846444.2093,-0.3854,0.9621,1.9455,0.0115
1790846444.2595,-0.3831,0.9596,1.9445,0.0016
1790846444.3096,-0.3816,0.9578,1.9440,0.0119
1790846444.3598,-0.3788,0.9549,1.9437,0.0019
1790846444.4100,-0.3767,0.9532,1.9437,0.0122
1790846444.4602,-0.3729,0.9512,1.9441,0.0023
1790846444.5104,-0.3700,0.9505,1.9446,0.0126
1790846444.5605,-0.3648,0.9505,1.9455,0.0030
1790846444.6107,-0.3607,0.9514,1.9463,0.0128
1790846444.6610,-0.3536,0.9541,1.9474,0.0033
1790846444.7111,-0.3481,0.9567,1.9480,0.0132
1790846444.7613,-0.3389,0.9616,1.9489,0.0037
1790846444.8115,-0.3320,0.9653,1.9494,0.0138
1790846444.8618,-0.3203,0.9712,1.9499,0.0041
1790846444.9120,-0.3119,0.9753,1.9503,0.0143
1790846444.9622,-0.2982,0.9811,1.9509,0.0042
1790846445.0124,-0.2888,0.9846,1.9515,0.0146
1790846445.0626,-0.2740,0.9894,1.9521,0.0050
1790846445.1128,-0.2643,0.9920,1.9525,0.0148
1790846445.1630,-0.2500,0.9955,1.9532,0.0049
1790846445.2135,-0.2411,0.9973,1.9535,0.0157
1790846445.2636,-0.2284,0.9995,1.9541,0.0058
1790846445.3138,-0.2209,1.0005,1.9543,0.0159
1790846445.3639,-0.2111,1.0017,1.9547,0.0060
1790846445.4141,-0.2054,1.0024,1.9547,0.0164
1790846445.4643,-0.1983,1.0029,1.9543,0.0064
1790846445.5145,-0.1943,1.0033,1.9539,0.0167
1790846445.5648,-0.1893,1.0037,1.9530,0.0069
1790846445.6150,-0.1864,1.0040,1.9522,0.0171
1790846445.6652,-0.1826,1.0042,1.9510,0.0074
1790846445.7154,-0.1802,1.0043,1.9503,0.0176
1790846445.7655,-0.1765,1.0046,1.9492,0.0079
1790846445.8157,-0.1738,1.0049,1.9485,0.0179
1790846445.8659,-0.1688,1.0054,1.9477,0.0082
1790846445.9162,-0.1649,1.0059,1.9472,0.0183
1790846445.9664,-0.1577,1.0067,1.9466,0.0085
1790846446.0166,-0.1521,1.0076,1.9462,0.0188
1790846446.0669,-0.1424,1.0091,1.9458,0.0089
1790846446.1170,-0.1349,1.0103,1.9456,0.0191
1790846446.1673,-0.1226,1.0121,1.9452,0.0093
1790846446.2176,-0.1092,1.0144,1.9449,0.0000
1790846446.2676,-0.0996,1.0158,1.9445,0.0094
1790846446.3179,-0.0847,1.0180,1.9442,0.0000
1790846446.3680,-0.0745,1.0192,1.9439,0.0100
1790846446.4182,-0.0591,1.0206,1.9439,0.0004
1790846446.4684,-0.0491,1.0214,1.9441,0.0103
1790846446.5187,-0.0347,1.0220,1.9447,0.0000
1790846446.5688,-0.0256,1.0222,1.9453,0.0112
1790846446.6192,-0.0131,1.0217,1.9463,0.0014
1790846446.6695,-0.0060,1.0213,1.9471,0.0114
1790846446.7197,0.0037,1.0197,1.9481,0.0003
1790846446.7699,0.0097,1.0184,1.9486,0.0120
1790846446.8201,0.0174,1.0161,1.9496,0.0024
1790846446.8703,0.0217,1.0142,1.9500,0.0125
1790846446.9205,0.0278,1.0112,1.9507,0.0026
1790846446.9707,0.0315,1.0088,1.9510,0.0129
1790846447.0209,0.0367,1.0054,1.9512,0.0010
1790846447.0712,0.0397,1.0035,1.9512,0.0134
1790846447.1213,0.0444,1.0008,1.9509,0.0033
1790846447.1715,0.0475,0.9991,1.9506,0.0136
1790846447.2217,0.0525,0.9966,1.9498,0.0038
1790846447.2719,0.0561,0.9952,1.9492,0.0137
1790846447.3221,0.0612,0.9934,1.9484,0.0044
1790846447.3723,0.0648,0.9930,1.9479,0.0145
1790846447.4225,0.0706,0.9916,1.9472,0.0048
1790846447.4728,0.0752,0.9905,1.9470,0.0149
1790846447.5230,0.0830,0.9889,1.9470,0.0051
1790846447.5732,0.0889,0.9879,1.9473,0.0155
1790846447.6234,0.0989,0.9861,1.9479,0.0056
1790846447.6736,0.1061,0.9848,1.9486,0.0147
1790846447.7238,0.1177,0.9826,1.9497,0.0059
1790846447.7740,0.1261,0.9808,1.9503,0.0162
1790846447.8242,0.1387,0.9775,1.9510,0.0064
1790846447.8744,0.1473,0.9752,1.9517,0.0156
1790846447.9247,0.1596,0.9712,1.9523,0.0066
1790846447.9749,0.1672,0.9682,1.9526,0.0172
1790846448.0251,0.1779,0.9631,1.9528,0.0070
1790846448.0752,0.1838,0.9606,1.9529,0.0174
1790846448.1254,0.1920,0.9552,1.9527,0.0075
1790846448.1755,0.1964,0.9521,1.9525,0.0176
1790846448.2257,0.2021,0.9473,1.9523,0.0079
1790846448.2759,0.2051,0.9443,1.9520,0.0168
1790846448.3261,0.2095,0.9395,1.9514,0.0080
1790846448.3763,0.2116,0.9369,1.9511,0.0187
1790846448.4265,0.2158,0.9327,1.9502,0.0087
1790846448.4767,0.2182,0.9301,1.9496,0.0190
1790846448.5270,0.2227,0.9264,1.9491,0.0091
1790846448.5771,0.2262,0.9238,1.9488,0.0195
1790846448.6273,0.2323,0.9200,1.9486,0.0095
1790846448.6775,0.2373,0.9174,1.9489,0.0197
1790846448.7276,0.2457,0.9133,1.9496,0.0098
1790846448.7779,0.2557,0.9092,1.9502,0.0000
1790846448.8280,0.2633,0.9064,1.9510,0.0103
1790846448.8781,0.2753,0.9020,1.9515,0.0004
1790846448.9284,0.2842,0.8989,1.9520,0.0105
1790846448.9786,0.2979,0.8944,1.9523,0.0008
1790846449.0288,0.3072,0.8914,1.9524,0.0110
1790846449.0790,0.3210,0.8870,1.9524,0.0013
1790846449.1292,0.3297,0.8843,1.9522,0.0112
1790846449.1795,0.3418,0.8804,1.9520,0.0018
1790846449.2297,0.3491,0.8779,1.9518,0.0117
1790846449.2799,0.3583,0.8740,1.9513,0.0022
1790846449.3301,0.3637,0.8707,1.9509,0.0123
1790846449.3803,0.3694,0.8670,1.9508,0.0023
1790846449.4305,0.3723,0.8641,1.9510,0.0129
1790846449.4806,0.3750,0.8590,1.9510,0.0031
1790846449.5308,0.3760,0.8554,1.9508,0.0132
1790846449.5810,0.3763,0.8502,1.9509,0.0033
1790846449.6311,0.3762,0.8465,1.9511,0.0134
1790846449.6813,0.3754,0.8405,1.9507,0.0035
1790846449.7315,0.3752,0.8363,1.9505,0.0138
1790846449.7816,0.3752,0.8298,1.9501,0.0039
1790846449.8318,0.3759,0.8254,1.9496,0.0140
1790846449.8820,0.3782,0.8189,1.9491,0.0041
1790846449.9322,0.3805,0.8142,1.9488,0.0145
1790846449.9824,0.3852,0.8068,1.9479,0.0047
1790846450.0326,0.3893,0.8018,1.9475,0.0149
1790846450.0828,0.3962,0.7949,1.9473,0.0050
1790846450.1331,0.4014,0.7905,1.9468,0.0152
1790846450.1832,0.4097,0.7842,1.9463,0.0054
1790846450.2333,0.4155,0.7805,1.9459,0.0156
1790846450.2836,0.4239,0.7755,1.9452,0.0059
1790846450.3338,0.4290,0.7727,1.9449,0.0159
1790846450.3842,0.4360,0.7691,1.9445,0.0064
1790846450.4343,0.4399,0.7670,1.9445,0.0166
1790846450.4845,0.4450,0.7640,1.9448,0.0068
1790846450.5348,0.4481,0.7622,1.9452,0.0169
1790846450.5850,0.4518,0.7590,1.9463,0.0074
1790846450.6352,0.4541,0.7566,1.9473,0.0170
1790846450.6854,0.4569,0.7526,1.9490,0.0078
1790846450.7356,0.4587,0.7496,1.9501,0.0178
1790846450.7859,0.4613,0.7444,1.9517,0.0081
1790846450.8360,0.4630,0.7406,1.9526,0.0184
1790846450.8863,0.4658,0.7344,1.9539,0.0073
1790846450.9364,0.4678,0.7301,1.9547,0.0188
1790846450.9867,0.4711,0.7228,1.9559,0.0089
1790846451.0368,0.4735,0.7177,1.9565,0.0192
1790846451.0871,0.4777,0.7092,1.9571,0.0074
1790846451.1373,0.4809,0.7031,1.9574,0.0197
1790846451.1875,0.4863,0.6932,1.9572,0.0098
1790846451.2378,0.4926,0.6826,1.9568,0.0000
1790846451.2879,0.4975,0.6752,1.9563,0.0104
1790846451.3381,0.5055,0.6638,1.9555,0.0006
1790846451.3883,0.5111,0.6561,1.9549,0.0107
1790846451.4385,0.5200,0.6442,1.9543,0.0008
1790846451.4887,0.5260,0.6364,1.9540,0.0112
1790846451.5389,0.5352,0.6247,1.9536,0.0014
1790846451.5891,0.5409,0.6173,1.9534,0.0115
1790846451.6394,0.5490,0.6065,1.9527,0.0018
1790846451.6895,0.5540,0.5997,1.9520,0.0109
1790846451.7398,0.5603,0.5900,1.9507,0.0020
1790846451.7900,0.5636,0.5843,1.9501,0.0122
1790846451.8401,0.5676,0.5761,1.9491,0.0024
1790846451.8903,0.5694,0.5711,1.9487,0.0102
1790846451.9406,0.5709,0.5637,1.9482,0.0031
1790846451.9907,0.5713,0.5589,1.9481,0.0130
1790846452.0409,0.5715,0.5515,1.9482,0.0034
1790846452.0911,0.5712,0.5464,1.9483,0.0126
1790846452.1413,0.5706,0.5382,1.9487,0.0037
1790846452.1916,0.5704,0.5321,1.9491,0.0142
1790846452.2418,0.5701,0.5222,1.9497,0.0042
1790846452.2920,0.5699,0.5149,1.9501,0.0143
1790846452.3422,0.5698,0.5030,1.9506,0.0044
1790846452.3925,0.5698,0.4946,1.9507,0.0149
1790846452.4426,0.5698,0.4810,1.9508,0.0050
1790846452.4929,0.5696,0.4716,1.9508,0.0140
1790846452.5432,0.5695,0.4574,1.9508,0.0055
1790846452.5935,0.5690,0.4481,1.9508,0.0157
1790846452.6436,0.5679,0.4345,1.9509,0.0061
1790846452.6938,0.5670,0.4259,1.9509,0.0160
1790846452.7441,0.5652,0.4139,1.9509,0.0064
1790846452.7942,0.5637,0.4066,1.9509,0.0168
1790846452.8444,0.5610,0.3968,1.9507,0.0066
1790846452.8946,0.5589,0.3912,1.9507,0.0169
1790846452.9447,0.5554,0.3835,1.9506,0.0073
1790846452.9949,0.5530,0.3789,1.9504,0.0174
1790846453.0452,0.5491,0.3724,1.9500,0.0074
1790846453.0953,0.5464,0.3683,1.9497,0.0176
1790846453.1456,0.5427,0.3619,1.9490,0.0080
1790846453.1958,0.5404,0.3575,1.9488,0.0182
1790846453.2461,0.5375,0.3500,1.9487,0.0085
1790846453.2963,0.5359,0.3446,1.9489,0.0187
1790846453.3466,0.5340,0.3355,1.9494,0.0090
1790846453.3967,0.5332,0.3290,1.9499,0.0191
1790846453.4470,0.5325,0.3182,1.9509,0.0085
1790846453.4972,0.5323,0.3108,1.9516,0.0195
