t,launcher,drone,pose_hz,sent,sent_ping,receive,enqueued,ack
1791185353.14,other:/lib/systemd/systemd,cf1,2.00,165,155,157,0,157
1791185353.14,other:/lib/systemd/systemd,cf2,2.00,167,161,162,0,162
1791185353.14,other:/lib/systemd/systemd,cf3,2.00,164,157,158,0,158
1791185353.14,other:/lib/systemd/systemd,cf5,2.00,164,161,161,0,161
1791185353.14,other:/lib/systemd/systemd,cf4,2.00,165,150,150,0,150
1791185354.14,other:/lib/systemd/systemd,cf1,4.00,173,169,169,0,169
1791185354.14,other:/lib/systemd/systemd,cf2,4.00,186,183,184,0,184
1791185354.14,other:/lib/systemd/systemd,cf3,4.00,187,180,182,0,182
1791185354.14,other:/lib/systemd/systemd,cf5,4.00,172,169,171,0,171
1791185354.14,other:/lib/systemd/systemd,cf4,4.00,172,148,149,0,149
1791185355.14,other:/lib/systemd/systemd,cf1,6.00,185,177,179,0,179
1791185355.14,other:/lib/systemd/systemd,cf2,6.00,183,181,181,0,181
1791185355.14,other:/lib/systemd/systemd,cf3,6.00,182,176,177,0,177
1791185355.14,other:/lib/systemd/systemd,cf5,6.00,186,183,184,0,184
1791185355.14,other:/lib/systemd/systemd,cf4,6.00,187,173,175,0,175
1791185356.14,other:/lib/systemd/systemd,cf1,8.00,185,181,182,0,182
1791185356.14,other:/lib/systemd/systemd,cf2,8.00,177,171,173,0,173
1791185356.14,other:/lib/systemd/systemd,cf3,8.00,177,171,172,0,172
1791185356.14,other:/lib/systemd/systemd,cf5,8.00,184,181,182,0,182
1791185356.14,other:/lib/systemd/systemd,cf4,8.00,184,175,176,0,176
1791185357.14,other:/lib/systemd/systemd,cf1,9.80,173,168,168,1,168
1791185357.14,other:/lib/systemd/systemd,cf2,10.00,172,164,164,0,164
1791185357.14,other:/lib/systemd/systemd,cf3,10.00,177,172,173,0,173
1791185357.14,other:/lib/systemd/systemd,cf5,10.00,170,164,165,0,165
1791185357.14,other:/lib/systemd/systemd,cf4,10.00,170,156,157,0,157
1791185358.14,other:/lib/systemd/systemd,cf1,10.00,164,142,143,18446744073709551615,143
1791185358.14,other:/lib/systemd/systemd,cf2,10.00,144,135,137,0,137
1791185358.14,other:/lib/systemd/systemd,cf3,10.00,142,137,137,0,137
1791185358.14,other:/lib/systemd/systemd,cf5,10.00,163,157,158,0,158
1791185358.14,other:/lib/systemd/systemd,cf4,10.00,164,151,151,1,151
1791185359.14,other:/lib/systemd/systemd,cf1,10.00,147,94,95,1,95
1791185359.14,other:/lib/systemd/systemd,cf2,10.00,126,122,123,0,123
1791185359.14,other:/lib/systemd/systemd,cf3,10.00,127,116,118,0,118
1791185359.14,other:/lib/systemd/systemd,cf5,10.00,146,141,142,0,142
1791185359.14,other:/lib/systemd/systemd,cf4,9.80,147,136,137,0,137
1791185360.14,other:/lib/systemd/systemd,cf1,10.00,126,112,113,18446744073709551615,113
1791185360.14,other:/lib/systemd/systemd,cf2,10.00,145,142,143,0,143
1791185360.14,other:/lib/systemd/systemd,cf3,10.00,143,136,137,0,137
1791185360.14,other:/lib/systemd/systemd,cf5,10.00,128,118,119,0,119
1791185360.14,other:/lib/systemd/systemd,cf4,10.00,128,48,50,18446744073709551615,50
1791185361.14,other:/lib/systemd/systemd,cf1,10.00,144,127,128,1,128
1791185361.14,other:/lib/systemd/systemd,cf2,10.00,130,126,127,0,127
1791185361.14,other:/lib/systemd/systemd,cf3,10.00,130,128,129,0,129
1791185361.14,other:/lib/systemd/systemd,cf5,10.00,140,121,121,1,121
1791185361.14,other:/lib/systemd/systemd,cf4,10.00,142,114,115,0,115
1791185362.14,other:/lib/systemd/systemd,cf1,9.80,140,81,83,18446744073709551615,83
1791185362.14,other:/lib/systemd/systemd,cf2,10.00,177,171,172,0,172
1791185362.14,other:/lib/systemd/systemd,cf3,10.00,177,174,175,0,175
1791185362.14,other:/lib/systemd/systemd,cf5,10.00,146,141,142,18446744073709551615,142
1791185362.14,other:/lib/systemd/systemd,cf4,10.00,143,117,118,0,118
1791185363.14,other:/lib/systemd/systemd,cf1,9.80,167,123,123,1,123
1791185363.14,other:/lib/systemd/systemd,cf2,10.00,147,144,145,0,145
1791185363.14,other:/lib/systemd/systemd,cf3,10.00,145,142,143,0,143
1791185363.14,other:/lib/systemd/systemd,cf5,10.00,165,162,164,0,164
1791185363.14,other:/lib/systemd/systemd,cf4,10.00,165,157,157,0,157
1791185364.14,other:/lib/systemd/systemd,cf1,10.00,146,65,67,18446744073709551615,67
1791185364.14,other:/lib/systemd/systemd,cf2,10.00,141,135,136,0,136
1791185364.14,other:/lib/systemd/systemd,cf3,10.00,144,139,139,0,139
1791185364.14,other:/lib/systemd/systemd,cf5,10.00,142,138,138,1,138
1791185364.14,other:/lib/systemd/systemd,cf4,10.20,145,138,140,0,140
1791185365.14,other:/lib/systemd/systemd,cf1,8.00,141,82,82,0,82
1791185365.14,other:/lib/systemd/systemd,cf2,9.80,120,113,114,0,114
1791185365.14,other:/lib/systemd/systemd,cf3,10.00,120,117,119,0,119
1791185365.14,other:/lib/systemd/systemd,cf5,10.00,146,143,145,18446744073709551615,145
1791185365.14,other:/lib/systemd/systemd,cf4,10.00,143,130,130,0,130
1791185366.14,other:/lib/systemd/systemd,cf1,6.00,117,0,1,1,1
1791185366.14,other:/lib/systemd/systemd,cf2,10.00,117,114,114,0,114
1791185366.14,other:/lib/systemd/systemd,cf3,10.00,118,115,116,0,116
1791185366.14,other:/lib/systemd/systemd,cf5,10.00,115,111,112,0,112
1791185366.14,other:/lib/systemd/systemd,cf4,10.00,116,97,99,0,99
1791185367.14,other:/lib/systemd/systemd,cf1,4.40,119,0,0,0,0
1791185367.14,other:/lib/systemd/systemd,cf2,10.00,116,113,115,0,115
1791185367.14,other:/lib/systemd/systemd,cf3,10.00,115,109,110,0,110
1791185367.14,other:/lib/systemd/systemd,cf5,10.00,118,117,117,0,117
1791185367.14,other:/lib/systemd/systemd,cf4,10.00,119,108,109,0,109
1791185368.14,other:/lib/systemd/systemd,cf1,2.80,116,0,0,1,0
1791185368.14,other:/lib/systemd/systemd,cf2,10.00,122,121,122,0,122
1791185368.14,other:/lib/systemd/systemd,cf3,10.00,121,118,119,0,119
1791185368.14,other:/lib/systemd/systemd,cf5,10.00,117,113,115,0,115
1791185368.14,other:/lib/systemd/systemd,cf4,10.00,116,103,103,0,103
1791185369.14,other:/lib/systemd/systemd,cf1,4.00,124,3,6,18446744073709551615,6
1791185369.14,other:/lib/systemd/systemd,cf2,10.00,130,127,128,0,128
1791185369.14,other:/lib/systemd/systemd,cf3,10.00,131,130,131,0,131
1791185369.14,other:/lib/systemd/systemd,cf5,10.00,124,122,123,0,123
1791185369.14,other:/lib/systemd/systemd,cf4,10.00,124,102,104,0,104
1791185370.14,other:/lib/systemd/systemd,cf1,12.00,128,28,29,0,29
1791185370.14,other:/lib/systemd/systemd,cf2,10.20,131,125,126,0,126
1791185370.14,other:/lib/systemd/systemd,cf3,10.00,130,130,130,0,130
1791185370.14,other:/lib/systemd/systemd,cf5,10.00,129,126,127,0,127
1791185370.14,other:/lib/systemd/systemd,cf4,10.00,128,110,111,0,111
1791185371.14,other:/lib/systemd/systemd,cf1,14.00,141,87,89,18446744073709551615,89
1791185371.14,other:/lib/systemd/systemd,cf2,10.00,173,171,172,0,172
1791185371.14,other:/lib/systemd/systemd,cf3,10.00,173,169,171,0,171
1791185371.14,other:/lib/systemd/systemd,cf5,10.00,145,125,125,0,125
1791185371.14,other:/lib/systemd/systemd,cf4,10.00,143,126,127,0,127
1791185372.14,other:/lib/systemd/systemd,cf1,15.40,172,159,160,0,160
1791185372.14,other:/lib/systemd/systemd,cf2,9.80,123,118,119,0,119
1791185372.14,other:/lib/systemd/systemd,cf3,10.00,126,115,115,1,115
1791185372.14,other:/lib/systemd/systemd,cf5,10.00,170,161,163,0,163
1791185372.14,other:/lib/systemd/systemd,cf4,9.00,172,157,158,0,158
1791185373.14,other:/lib/systemd/systemd,cf1,17.20,109,53,53,1,53
1791185373.14,other:/lib/systemd/systemd,cf2,9.80,104,92,93,0,93
1791185373.14,other:/lib/systemd/systemd,cf3,10.00,102,90,92,18446744073709551615,92
1791185373.14,other:/lib/systemd/systemd,cf5,10.00,101,76,76,0,76
1791185373.14,other:/lib/systemd/systemd,cf4,10.00,104,47,47,1,47
1791185374.14,other:/lib/systemd/systemd,cf1,16.00,115,67,68,0,68
1791185374.14,other:/lib/systemd/systemd,cf2,10.00,145,140,141,0,141
1791185374.14,other:/lib/systemd/systemd,cf3,10.00,145,141,142,0,142
1791185374.14,other:/lib/systemd/systemd,cf5,10.00,122,108,110,0,110
1791185374.14,other:/lib/systemd/systemd,cf4,10.00,119,49,51,18446744073709551615,51
1791185375.14,other:/lib/systemd/systemd,cf1,10.00,145,110,112,18446744073709551615,112
1791185375.14,other:/lib/systemd/systemd,cf2,10.00,127,123,123,1,123
1791185375.14,other:/lib/systemd/systemd,cf3,10.00,127,118,119,0,119
1791185375.14,other:/lib/systemd/systemd,cf5,10.00,145,138,139,0,139
1791185375.14,other:/lib/systemd/systemd,cf4,10.00,145,113,114,0,114
1791185376.14,other:/lib/systemd/systemd,cf1,10.00,120,58,59,0,59
1791185376.14,other:/lib/systemd/systemd,cf2,10.00,119,110,111,18446744073709551615,111
1791185376.14,other:/lib/systemd/systemd,cf3,10.00,119,114,114,0,114
1791185376.14,other:/lib/systemd/systemd,cf5,10.00,120,100,100,0,100
1791185376.14,other:/lib/systemd/systemd,cf4,10.00,121,88,89,0,89
1791185377.14,other:/lib/systemd/systemd,cf1,10.40,124,68,69,0,69
1791185377.14,other:/lib/systemd/systemd,cf2,10.20,144,141,143,0,143
1791185377.14,other:/lib/systemd/systemd,cf3,10.00,141,138,139,0,139
1791185377.14,other:/lib/systemd/systemd,cf5,10.00,125,116,118,0,118
1791185377.14,other:/lib/systemd/systemd,cf4,11.00,124,76,76,0,76
1791185378.14,other:/lib/systemd/systemd,cf1,10.00,146,132,133,0,133
1791185378.14,other:/lib/systemd/systemd,cf2,10.00,171,170,170,0,170
1791185378.14,other:/lib/systemd/systemd,cf3,10.00,171,167,169,0,169
1791185378.14,other:/lib/systemd/systemd,cf5,10.00,147,119,119,0,119
1791185378.14,other:/lib/systemd/systemd,cf4,10.00,147,108,110,0,110
1791185379.14,other:/lib/systemd/systemd,cf1,10.00,174,166,167,0,167
1791185379.14,other:/lib/systemd/systemd,cf2,10.00,178,174,176,0,176
1791185379.14,other:/lib/systemd/systemd,cf3,10.00,179,170,171,0,171
1791185379.14,other:/lib/systemd/systemd,cf5,10.00,176,172,173,0,173
1791185379.14,other:/lib/systemd/systemd,cf4,10.00,174,157,158,0,158
1791185380.14,other:/lib/systemd/systemd,cf1,10.00,180,169,170,0,170
1791185380.14,other:/lib/systemd/systemd,cf2,10.00,167,164,164,0,164
1791185380.14,other:/lib/systemd/systemd,cf3,10.00,168,164,165,0,165
1791185380.14,other:/lib/systemd/systemd,cf5,10.00,179,174,176,0,176
1791185380.14,other:/lib/systemd/systemd,cf4,10.00,179,169,170,0,170
1791185381.14,other:/lib/systemd/systemd,cf1,10.00,160,126,126,1,126
1791185381.14,other:/lib/systemd/systemd,cf2,10.00,158,154,156,0,156
1791185381.14,other:/lib/systemd/systemd,cf3,10.00,155,151,152,0,152
1791185381.14,other:/lib/systemd/systemd,cf5,10.00,155,142,143,0,143
1791185381.14,other:/lib/systemd/systemd,cf4,10.00,157,144,144,0,144
1791185382.14,other:/lib/systemd/systemd,cf1,10.20,165,139,140,0,140
1791185382.14,other:/lib/systemd/systemd,cf2,10.00,193,193,193,0,193
1791185382.14,other:/lib/systemd/systemd,cf3,10.00,194,191,192,0,192
1791185382.14,other:/lib/systemd/systemd,cf5,10.00,171,150,151,0,151
1791185382.14,other:/lib/systemd/systemd,cf4,10.00,169,162,164,0,164
1791185383.14,other:/lib/systemd/systemd,cf1,10.20,192,183,185,18446744073709551615,185
1791185383.14,other:/lib/systemd/systemd,cf2,10.20,192,190,191,1,191
1791185383.14,other:/lib/systemd/systemd,cf3,10.20,194,190,191,0,191
1791185383.14,other:/lib/systemd/systemd,cf5,10.00,193,191,192,0,192
1791185383.14,other:/lib/systemd/systemd,cf4,10.00,192,189,190,0,190
1791185384.14,other:/lib/systemd/systemd,cf1,10.00,192,186,187,0,187
1791185384.14,other:/lib/systemd/systemd,cf2,10.00,191,186,188,18446744073709551615,188
1791185384.14,other:/lib/systemd/systemd,cf3,10.00,188,184,185,0,185
1791185384.14,other:/lib/systemd/systemd,cf5,10.00,190,185,186,0,186
1791185384.14,other:/lib/systemd/systemd,cf4,10.00,190,188,189,0,189
1791185385.14,other:/lib/systemd/systemd,cf1,10.00,192,187,188,0,188
1791185385.14,other:/lib/systemd/systemd,cf2,10.00,191,188,189,0,189
1791185385.14,other:/lib/systemd/systemd,cf3,10.00,191,187,188,0,188
1791185385.14,other:/lib/systemd/systemd,cf5,10.00,189,188,189,0,189
1791185385.14,other:/lib/systemd/systemd,cf4,10.00,192,186,187,0,187
1791185386.14,other:/lib/systemd/systemd,cf1,9.80,190,178,179,0,179
1791185386.14,other:/lib/systemd/systemd,cf2,10.00,186,184,185,0,185
1791185386.14,other:/lib/systemd/systemd,cf3,10.00,186,185,186,0,186
1791185386.14,other:/lib/systemd/systemd,cf5,10.00,193,189,189,1,189
1791185386.14,other:/lib/systemd/systemd,cf4,10.00,191,189,189,0,189
1791185387.14,other:/lib/systemd/systemd,cf1,10.00,190,184,185,0,185
1791185387.14,other:/lib/systemd/systemd,cf2,10.00,192,189,189,0,189
1791185387.14,other:/lib/systemd/systemd,cf3,10.00,195,193,193,0,193
1791185387.14,other:/lib/systemd/systemd,cf5,10.00,190,187,189,18446744073709551615,189
1791185387.14,other:/lib/systemd/systemd,cf4,10.00,189,185,187,0,187
1791185388.14,other:/lib/systemd/systemd,cf1,9.80,190,183,184,0,184
1791185388.14,other:/lib/systemd/systemd,cf2,10.00,190,188,190,0,190
1791185388.14,other:/lib/systemd/systemd,cf3,9.80,189,185,187,0,187
1791185388.14,other:/lib/systemd/systemd,cf5,10.00,188,185,185,0,185
1791185388.14,other:/lib/systemd/systemd,cf4,10.00,191,188,188,0,188
1791185389.14,other:/lib/systemd/systemd,cf1,9.80,192,184,185,0,185
1791185389.14,other:/lib/systemd/systemd,cf2,9.80,192,188,188,0,188
1791185389.14,other:/lib/systemd/systemd,cf3,10.00,193,189,190,0,190
1791185389.14,other:/lib/systemd/systemd,cf5,10.00,195,190,192,0,192
1791185389.14,other:/lib/systemd/systemd,cf4,10.00,193,191,192,0,192
1791185390.14,other:/lib/systemd/systemd,cf1,9.80,188,179,180,0,180
1791185390.14,other:/lib/systemd/systemd,cf2,9.80,182,173,175,0,175
1791185390.14,other:/lib/systemd/systemd,cf3,10.00,180,177,178,0,178
1791185390.14,other:/lib/systemd/systemd,cf5,10.00,185,182,183,0,183
1791185390.14,other:/lib/systemd/systemd,cf4,10.00,187,181,183,0,183
1791185391.14,other:/lib/systemd/systemd,cf1,10.00,180,172,173,0,173
1791185391.14,other:/lib/systemd/systemd,cf2,9.80,187,183,184,0,184
1791185391.14,other:/lib/systemd/systemd,cf3,10.20,187,184,185,0,185
1791185391.14,other:/lib/systemd/systemd,cf5,10.00,184,180,181,0,181
1791185391.14,other:/lib/systemd/systemd,cf4,10.00,182,176,177,0,177
1791185392.14,other:/lib/systemd/systemd,cf1,9.80,190,178,179,0,179
1791185392.14,other:/lib/systemd/systemd,cf2,9.80,199,198,198,1,198
1791185392.14,other:/lib/systemd/systemd,cf3,10.20,199,193,194,0,194
1791185392.14,other:/lib/systemd/systemd,cf5,10.00,190,185,186,0,186
1791185392.14,other:/lib/systemd/systemd,cf4,10.00,190,188,189,0,189
1791185393.14,other:/lib/systemd/systemd,cf1,10.00,203,195,196,0,196
1791185393.14,other:/lib/systemd/systemd,cf2,9.80,190,185,187,18446744073709551615,187
1791185393.14,other:/lib/systemd/systemd,cf3,10.00,191,187,188,0,188
1791185393.14,other:/lib/systemd/systemd,cf5,10.00,201,199,199,0,199
1791185393.14,other:/lib/systemd/systemd,cf4,10.00,202,198,199,0,199
1791185394.14,other:/lib/systemd/systemd,cf1,10.00,187,178,179,0,179
1791185394.14,other:/lib/systemd/systemd,cf2,10.00,194,190,191,0,191
1791185394.14,other:/lib/systemd/systemd,cf3,10.20,193,189,190,0,190
1791185394.14,other:/lib/systemd/systemd,cf5,10.00,188,185,187,0,187
1791185394.14,other:/lib/systemd/systemd,cf4,10.00,187,185,185,0,185
1791185395.14,other:/lib/systemd/systemd,cf1,10.00,194,188,188,0,188
1791185395.14,other:/lib/systemd/systemd,cf2,10.00,199,194,195,0,195
1791185395.14,other:/lib/systemd/systemd,cf3,10.00,200,199,200,0,200
1791185395.14,other:/lib/systemd/systemd,cf5,10.00,195,192,193,0,193
1791185395.14,other:/lib/systemd/systemd,cf4,10.00,196,193,195,0,195
1791185396.14,other:/lib/systemd/systemd,cf1,10.00,201,194,195,0,195
1791185396.14,other:/lib/systemd/systemd,cf2,10.00,196,194,195,0,195
1791185396.14,other:/lib/systemd/systemd,cf3,10.00,195,194,194,0,194
1791185396.14,other:/lib/systemd/systemd,cf5,10.00,200,198,199,0,199
1791185396.14,other:/lib/systemd/systemd,cf4,10.00,198,195,195,0,195
1791185397.14,other:/lib/systemd/systemd,cf1,10.00,197,184,186,0,186
1791185397.14,other:/lib/systemd/systemd,cf2,10.00,199,196,197,0,197
1791185397.14,other:/lib/systemd/systemd,cf3,10.00,199,195,197,0,197
1791185397.14,other:/lib/systemd/systemd,cf5,10.00,197,194,194,0,194
1791185397.14,other:/lib/systemd/systemd,cf4,10.00,197,196,197,0,197
1791185398.14,other:/lib/systemd/systemd,cf1,10.00,197,193,194,0,194
1791185398.14,other:/lib/systemd/systemd,cf2,10.00,195,192,193,0,193
1791185398.14,other:/lib/systemd/systemd,cf3,9.80,196,192,193,0,193
1791185398.14,other:/lib/systemd/systemd,cf5,10.00,196,195,196,0,196
1791185398.14,other:/lib/systemd/systemd,cf4,10.00,197,191,193,0,193
1791185399.14,other:/lib/systemd/systemd,cf1,10.00,190,184,185,0,185
1791185399.14,other:/lib/systemd/systemd,cf2,10.00,172,171,172,0,172
1791185399.14,other:/lib/systemd/systemd,cf3,9.80,173,169,170,0,170
1791185399.14,other:/lib/systemd/systemd,cf5,10.00,191,188,190,0,190
1791185399.14,other:/lib/systemd/systemd,cf4,9.80,190,183,184,0,184
1791185400.14,other:/lib/systemd/systemd,cf1,9.00,164,149,150,0,150
1791185400.14,other:/lib/systemd/systemd,cf2,9.80,84,57,58,0,58
1791185400.14,other:/lib/systemd/systemd,cf3,9.60,87,60,60,1,60
1791185400.14,other:/lib/systemd/systemd,cf5,9.80,158,154,155,0,155
1791185400.14,other:/lib/systemd/systemd,cf4,8.00,161,123,123,0,123
1791185401.14,other:/lib/systemd/systemd,cf1,8.00,76,25,25,0,25
1791185401.14,other:/lib/systemd/systemd,cf2,10.00,69,25,25,0,25
1791185401.14,other:/lib/systemd/systemd,cf3,9.40,69,14,16,18446744073709551615,16
1791185401.14,other:/lib/systemd/systemd,cf5,10.00,71,26,26,0,26
1791185401.14,other:/lib/systemd/systemd,cf4,6.60,74,0,1,0,1
1791185402.14,other:/lib/systemd/systemd,cf1,10.00,73,7,9,0,9
1791185402.14,other:/lib/systemd/systemd,cf2,10.00,109,99,101,0,101
1791185402.14,other:/lib/systemd/systemd,cf3,10.00,105,63,63,0,63
1791185402.14,other:/lib/systemd/systemd,cf5,10.00,75,58,59,0,59
1791185402.14,other:/lib/systemd/systemd,cf4,10.00,75,8,9,1,9
1791185403.14,other:/lib/systemd/systemd,cf1,9.40,119,71,72,0,72
1791185403.14,other:/lib/systemd/systemd,cf2,10.00,113,93,93,1,93
1791185403.14,other:/lib/systemd/systemd,cf3,10.00,117,103,105,0,105
1791185403.14,other:/lib/systemd/systemd,cf5,10.00,126,121,123,0,123
1791185403.14,other:/lib/systemd/systemd,cf4,9.80,122,74,75,18446744073709551615,75
1791185404.14,other:/lib/systemd/systemd,cf1,10.00,102,50,50,1,50
1791185404.14,other:/lib/systemd/systemd,cf2,10.00,145,140,141,18446744073709551615,141
1791185404.14,other:/lib/systemd/systemd,cf3,10.20,142,125,126,0,126
1791185404.14,other:/lib/systemd/systemd,cf5,10.00,95,89,89,0,89
1791185404.14,other:/lib/systemd/systemd,cf4,10.20,99,41,43,0,43
1791185405.14,other:/lib/systemd/systemd,cf1,11.00,156,133,135,18446744073709551615,135
1791185405.14,other:/lib/systemd/systemd,cf2,10.20,172,163,165,0,165
1791185405.14,other:/lib/systemd/systemd,cf3,10.60,171,169,170,0,170
1791185405.14,other:/lib/systemd/systemd,cf5,10.20,163,160,162,0,162
1791185405.14,other:/lib/systemd/systemd,cf4,12.00,158,129,129,0,129
1791185406.14,other:/lib/systemd/systemd,cf1,12.00,173,156,157,0,157
1791185406.14,other:/lib/systemd/systemd,cf2,10.00,169,164,165,0,165
1791185406.14,other:/lib/systemd/systemd,cf3,10.60,170,166,167,0,167
1791185406.14,other:/lib/systemd/systemd,cf5,10.00,173,169,170,0,170
1791185406.14,other:/lib/systemd/systemd,cf4,13.40,175,163,165,0,165
1791185407.14,other:/lib/systemd/systemd,cf1,10.00,168,146,147,0,147
1791185407.14,other:/lib/systemd/systemd,cf2,10.00,167,161,162,0,162
1791185407.14,other:/lib/systemd/systemd,cf3,9.80,166,162,163,0,163
1791185407.14,other:/lib/systemd/systemd,cf5,10.00,166,164,165,0,165
1791185407.14,other:/lib/systemd/systemd,cf4,10.00,166,144,144,0,144
1791185408.14,other:/lib/systemd/systemd,cf1,10.60,168,152,153,0,153
1791185408.14,other:/lib/systemd/systemd,cf2,10.00,176,173,174,0,174
1791185408.14,other:/lib/systemd/systemd,cf3,10.00,175,173,174,0,174
1791185408.14,other:/lib/systemd/systemd,cf5,10.00,171,170,171,0,171
1791185408.14,other:/lib/systemd/systemd,cf4,10.20,168,150,151,0,151
1791185409.14,other:/lib/systemd/systemd,cf1,10.00,179,170,171,0,171
1791185409.14,other:/lib/systemd/systemd,cf2,10.00,166,162,163,0,163
1791185409.14,other:/lib/systemd/systemd,cf3,10.00,169,162,163,0,163
1791185409.14,other:/lib/systemd/systemd,cf5,10.00,179,177,178,0,178
1791185409.14,other:/lib/systemd/systemd,cf4,10.00,178,155,156,0,156
1791185410.14,other:/lib/systemd/systemd,cf1,10.00,163,121,122,0,122
1791185410.14,other:/lib/systemd/systemd,cf2,10.00,137,132,133,0,133
1791185410.14,other:/lib/systemd/systemd,cf3,10.00,136,128,129,0,129
1791185410.14,other:/lib/systemd/systemd,cf5,10.00,158,157,157,0,157
1791185410.14,other:/lib/systemd/systemd,cf4,10.00,163,151,153,0,153
1791185411.14,other:/lib/systemd/systemd,cf1,10.00,138,86,87,0,87
1791185411.14,other:/lib/systemd/systemd,cf2,10.00,178,175,176,0,176
1791185411.14,other:/lib/systemd/systemd,cf3,9.80,175,169,170,0,170
1791185411.14,other:/lib/systemd/systemd,cf5,10.00,143,118,120,0,120
1791185411.14,other:/lib/systemd/systemd,cf4,10.00,141,130,131,0,131
1791185412.14,other:/lib/systemd/systemd,cf1,10.00,173,166,167,0,167
1791185412.14,other:/lib/systemd/systemd,cf2,10.00,152,146,147,0,147
1791185412.14,other:/lib/systemd/systemd,cf3,10.20,153,149,149,0,149
1791185412.14,other:/lib/systemd/systemd,cf5,10.00,170,156,157,0,157
1791185412.14,other:/lib/systemd/systemd,cf4,10.00,170,165,166,0,166
1791185413.14,other:/lib/systemd/systemd,cf1,10.00,156,101,102,0,102
1791185413.14,other:/lib/systemd/systemd,cf2,10.00,159,156,157,0,157
1791185413.14,other:/lib/systemd/systemd,cf3,10.20,162,157,159,0,159
1791185413.14,other:/lib/systemd/systemd,cf5,10.00,157,155,156,0,156
1791185413.14,other:/lib/systemd/systemd,cf4,10.00,155,148,148,0,148
1791185414.14,other:/lib/systemd/systemd,cf1,10.00,163,154,155,0,155
1791185414.14,other:/lib/systemd/systemd,cf2,10.00,166,163,163,1,163
1791185414.14,other:/lib/systemd/systemd,cf3,10.20,167,163,164,0,164
1791185414.14,other:/lib/systemd/systemd,cf5,10.00,163,140,141,0,141
1791185414.14,other:/lib/systemd/systemd,cf4,9.80,164,157,158,0,158
1791185415.14,other:/lib/systemd/systemd,cf1,10.00,160,149,150,0,150
1791185415.14,other:/lib/systemd/systemd,cf2,10.00,154,148,150,18446744073709551615,150
1791185415.14,other:/lib/systemd/systemd,cf3,9.80,152,148,148,0,148
1791185415.14,other:/lib/systemd/systemd,cf5,10.00,160,151,152,0,152
1791185415.14,other:/lib/systemd/systemd,cf4,10.00,161,131,133,0,133
1791185416.14,other:/lib/systemd/systemd,cf1,10.00,155,124,125,0,125
1791185416.14,other:/lib/systemd/systemd,cf2,10.00,161,155,155,0,155
1791185416.14,other:/lib/systemd/systemd,cf3,10.20,161,154,155,0,155
1791185416.14,other:/lib/systemd/systemd,cf5,10.00,153,149,150,0,150
1791185416.14,other:/lib/systemd/systemd,cf4,10.00,155,145,146,0,146
1791185417.14,other:/lib/systemd/systemd,cf1,10.00,166,145,146,0,146
1791185417.14,other:/lib/systemd/systemd,cf2,10.00,166,163,165,0,165
1791185417.14,other:/lib/systemd/systemd,cf3,10.00,165,160,161,1,161
1791185417.14,other:/lib/systemd/systemd,cf5,10.00,166,161,162,0,162
1791185417.14,other:/lib/systemd/systemd,cf4,10.00,164,145,145,0,145
1791185418.14,other:/lib/systemd/systemd,cf1,10.00,165,144,145,0,145
1791185418.14,other:/lib/systemd/systemd,cf2,10.00,167,158,158,1,158
1791185418.14,other:/lib/systemd/systemd,cf3,10.00,168,161,163,18446744073709551615,163
1791185418.14,other:/lib/systemd/systemd,cf5,10.00,167,160,161,0,161
1791185418.14,other:/lib/systemd/systemd,cf4,10.00,165,154,155,0,155
1791185419.14,other:/lib/systemd/systemd,cf1,9.60,166,147,147,0,147
1791185419.14,other:/lib/systemd/systemd,cf2,10.00,137,131,132,18446744073709551615,132
1791185419.14,other:/lib/systemd/systemd,cf3,9.80,138,133,134,0,134
1791185419.14,other:/lib/systemd/systemd,cf5,10.00,164,162,163,0,163
1791185419.14,other:/lib/systemd/systemd,cf4,10.20,168,142,143,1,143
1791185420.14,other:/lib/systemd/systemd,cf1,8.80,131,25,26,0,26
1791185420.14,other:/lib/systemd/systemd,cf2,10.00,124,111,112,0,112
1791185420.14,other:/lib/systemd/systemd,cf3,10.00,124,122,123,0,123
1791185420.14,other:/lib/systemd/systemd,cf5,10.00,130,129,130,0,130
1791185420.14,other:/lib/systemd/systemd,cf4,10.00,130,123,125,18446744073709551615,125
1791185421.14,other:/lib/systemd/systemd,cf1,7.20,122,10,11,0,11
1791185421.14,other:/lib/systemd/systemd,cf2,10.00,122,112,114,0,114
1791185421.14,other:/lib/systemd/systemd,cf3,10.00,122,119,120,0,120
1791185421.14,other:/lib/systemd/systemd,cf5,10.00,123,119,120,0,120
1791185421.14,other:/lib/systemd/systemd,cf4,10.00,123,108,109,0,109
1791185422.14,other:/lib/systemd/systemd,cf1,9.40,121,2,3,0,3
1791185422.14,other:/lib/systemd/systemd,cf2,10.00,133,127,128,0,128
1791185422.14,other:/lib/systemd/systemd,cf3,10.00,133,130,131,0,131
1791185422.14,other:/lib/systemd/systemd,cf5,10.00,122,121,122,0,122
1791185422.14,other:/lib/systemd/systemd,cf4,10.00,121,115,116,0,116
1791185423.14,other:/lib/systemd/systemd,cf1,10.00,136,37,38,1,38
1791185423.14,other:/lib/systemd/systemd,cf2,10.00,166,163,164,0,164
1791185423.14,other:/lib/systemd/systemd,cf3,10.00,165,159,160,0,160
1791185423.14,other:/lib/systemd/systemd,cf5,10.00,138,137,138,0,138
1791185423.14,other:/lib/systemd/systemd,cf4,10.00,136,126,127,0,127
1791185424.14,other:/lib/systemd/systemd,cf1,10.40,170,123,125,18446744073709551615,125
1791185424.14,other:/lib/systemd/systemd,cf2,10.00,150,147,148,0,148
1791185424.14,other:/lib/systemd/systemd,cf3,10.20,149,146,147,0,147
1791185424.14,other:/lib/systemd/systemd,cf5,10.00,169,168,169,0,169
1791185424.14,other:/lib/systemd/systemd,cf4,10.00,171,163,164,0,164
1791185425.14,other:/lib/systemd/systemd,cf1,11.20,149,82,82,1,82
1791185425.14,other:/lib/systemd/systemd,cf2,10.00,168,161,162,0,162
1791185425.14,other:/lib/systemd/systemd,cf3,10.20,168,167,168,0,168
1791185425.14,other:/lib/systemd/systemd,cf5,10.00,149,148,149,0,149
1791185425.14,other:/lib/systemd/systemd,cf4,10.00,148,146,146,0,146
1791185426.14,other:/lib/systemd/systemd,cf1,12.80,176,156,158,18446744073709551615,158
1791185426.14,other:/lib/systemd/systemd,cf2,10.00,184,181,182,0,182
1791185426.14,other:/lib/systemd/systemd,cf3,10.00,185,183,184,0,184
1791185426.14,other:/lib/systemd/systemd,cf5,10.00,178,176,177,0,177
1791185426.14,other:/lib/systemd/systemd,cf4,10.00,177,160,162,0,162
1791185427.14,other:/lib/systemd/systemd,cf1,10.40,179,155,155,1,155
1791185427.14,other:/lib/systemd/systemd,cf2,10.00,123,111,112,0,112
1791185427.14,other:/lib/systemd/systemd,cf3,10.00,123,121,122,0,122
1791185427.14,other:/lib/systemd/systemd,cf5,10.00,173,172,173,0,173
1791185427.14,other:/lib/systemd/systemd,cf4,10.00,177,159,160,0,160
1791185428.14,other:/lib/systemd/systemd,cf1,10.00,115,30,31,18446744073709551615,31
1791185428.14,other:/lib/systemd/systemd,cf2,10.00,127,119,120,0,120
1791185428.14,other:/lib/systemd/systemd,cf3,10.00,128,127,128,0,128
1791185428.14,other:/lib/systemd/systemd,cf5,10.00,115,107,108,0,108
1791185428.14,other:/lib/systemd/systemd,cf4,10.00,115,90,91,0,91
1791185429.14,other:/lib/systemd/systemd,cf1,10.00,132,36,38,0,38
1791185429.14,other:/lib/systemd/systemd,cf2,10.00,152,147,148,0,148
1791185429.14,other:/lib/systemd/systemd,cf3,10.00,152,151,152,0,152
1791185429.14,other:/lib/systemd/systemd,cf5,10.00,135,134,135,0,135
1791185429.14,other:/lib/systemd/systemd,cf4,10.00,132,125,126,0,126
1791185430.14,other:/lib/systemd/systemd,cf1,10.00,153,88,88,1,88
1791185430.14,other:/lib/systemd/systemd,cf2,10.00,145,139,140,0,140
1791185430.14,other:/lib/systemd/systemd,cf3,10.00,145,144,145,0,145
1791185430.14,other:/lib/systemd/systemd,cf5,10.00,155,154,155,0,155
1791185430.14,other:/lib/systemd/systemd,cf4,10.00,154,141,142,0,142
1791185431.14,other:/lib/systemd/systemd,cf1,10.00,142,82,83,0,83
1791185431.14,other:/lib/systemd/systemd,cf2,10.00,129,124,125,0,125
1791185431.14,other:/lib/systemd/systemd,cf3,10.00,130,129,130,0,130
1791185431.14,other:/lib/systemd/systemd,cf5,10.00,138,137,138,0,138
1791185431.14,other:/lib/systemd/systemd,cf4,10.00,140,130,130,0,130
1791185432.14,other:/lib/systemd/systemd,cf1,10.20,129,45,47,18446744073709551615,47
1791185432.14,other:/lib/systemd/systemd,cf2,10.00,137,131,132,0,132
1791185432.14,other:/lib/systemd/systemd,cf3,10.00,135,134,135,0,135
1791185432.14,other:/lib/systemd/systemd,cf5,10.00,131,130,131,0,131
1791185432.14,other:/lib/systemd/systemd,cf4,10.00,130,123,125,0,125
1791185433.14,other:/lib/systemd/systemd,cf1,10.00,137,79,80,0,80
1791185433.14,other:/lib/systemd/systemd,cf2,10.00,152,147,148,0,148
1791185433.14,other:/lib/systemd/systemd,cf3,10.00,152,151,152,0,152
1791185433.14,other:/lib/systemd/systemd,cf5,10.00,139,137,138,0,138
1791185433.14,other:/lib/systemd/systemd,cf4,10.00,139,132,132,0,132
1791185434.14,other:/lib/systemd/systemd,cf1,10.00,153,124,124,1,124
1791185434.14,other:/lib/systemd/systemd,cf2,10.00,157,151,152,0,152
1791185434.14,other:/lib/systemd/systemd,cf3,10.00,156,155,156,0,156
1791185434.14,other:/lib/systemd/systemd,cf5,10.00,155,154,155,0,155
1791185434.14,other:/lib/systemd/systemd,cf4,10.00,155,148,150,0,150
1791185435.14,other:/lib/systemd/systemd,cf1,10.00,157,127,129,18446744073709551615,129
1791185435.14,other:/lib/systemd/systemd,cf2,10.00,151,147,148,0,148
1791185435.14,other:/lib/systemd/systemd,cf3,10.00,152,151,152,0,152
1791185435.14,other:/lib/systemd/systemd,cf5,10.00,153,152,153,0,153
1791185435.14,other:/lib/systemd/systemd,cf4,10.00,154,148,149,0,149
1791185436.14,other:/lib/systemd/systemd,cf1,10.00,154,101,101,1,101
1791185436.14,other:/lib/systemd/systemd,cf2,10.00,137,118,119,0,119
1791185436.14,other:/lib/systemd/systemd,cf3,10.00,137,134,135,0,135
1791185436.14,other:/lib/systemd/systemd,cf5,10.00,153,151,152,0,152
1791185436.14,other:/lib/systemd/systemd,cf4,10.00,153,145,145,0,145
1791185437.14,other:/lib/systemd/systemd,cf1,10.00,131,84,85,0,85
1791185437.14,other:/lib/systemd/systemd,cf2,10.00,155,148,149,0,149
1791185437.14,other:/lib/systemd/systemd,cf3,10.00,155,153,154,0,154
1791185437.14,other:/lib/systemd/systemd,cf5,10.00,130,128,128,0,128
1791185437.14,other:/lib/systemd/systemd,cf4,10.00,131,109,111,0,111
1791185438.14,other:/lib/systemd/systemd,cf1,10.00,160,128,130,18446744073709551615,130
1791185438.14,other:/lib/systemd/systemd,cf2,10.00,159,153,154,0,154
1791185438.14,other:/lib/systemd/systemd,cf3,10.00,158,155,156,0,156
1791185438.14,other:/lib/systemd/systemd,cf5,10.00,165,162,164,0,164
1791185438.14,other:/lib/systemd/systemd,cf4,10.00,163,148,148,0,148
1791185439.14,other:/lib/systemd/systemd,cf1,10.00,160,139,140,0,140
1791185439.14,other:/lib/systemd/systemd,cf2,10.00,165,162,163,0,163
1791185439.14,other:/lib/systemd/systemd,cf3,10.00,168,167,168,0,168
1791185439.14,other:/lib/systemd/systemd,cf5,10.00,156,153,153,0,153
1791185439.14,other:/lib/systemd/systemd,cf4,10.00,157,144,146,0,146
1791185440.14,other:/lib/systemd/systemd,cf1,10.00,166,145,146,0,146
1791185440.14,other:/lib/systemd/systemd,cf2,10.00,150,146,147,0,147
1791185440.14,other:/lib/systemd/systemd,cf3,10.00,147,145,145,0,145
1791185440.14,other:/lib/systemd/systemd,cf5,10.00,168,164,166,0,166
1791185440.14,other:/lib/systemd/systemd,cf4,10.00,167,157,157,0,157
1791185441.14,other:/lib/systemd/systemd,cf1,10.00,145,87,88,0,88
1791185441.14,other:/lib/systemd/systemd,cf2,10.00,143,137,138,0,138
1791185441.14,other:/lib/systemd/systemd,cf3,10.00,143,141,142,0,142
1791185441.14,other:/lib/systemd/systemd,cf5,10.00,144,140,141,0,141
1791185441.14,other:/lib/systemd/systemd,cf4,10.00,145,133,134,0,134
1791185442.14,other:/lib/systemd/systemd,cf1,10.00,144,81,82,0,82
1791185442.14,other:/lib/systemd/systemd,cf2,10.00,147,145,145,0,145
1791185442.14,other:/lib/systemd/systemd,cf3,9.80,149,147,149,0,149
1791185442.14,other:/lib/systemd/systemd,cf5,10.00,146,144,145,0,145
1791185442.14,other:/lib/systemd/systemd,cf4,10.00,146,135,137,0,137
1791185443.14,other:/lib/systemd/systemd,cf1,9.80,146,92,93,0,93
1791185443.14,other:/lib/systemd/systemd,cf2,10.00,152,144,146,0,146
1791185443.14,other:/lib/systemd/systemd,cf3,10.00,152,150,151,0,151
1791185443.14,other:/lib/systemd/systemd,cf5,10.00,144,143,143,0,143
1791185443.14,other:/lib/systemd/systemd,cf4,10.00,145,136,137,0,137
1791185444.14,other:/lib/systemd/systemd,cf1,10.00,151,104,104,0,104
1791185444.14,other:/lib/systemd/systemd,cf2,10.00,151,150,151,0,151
1791185444.14,other:/lib/systemd/systemd,cf3,10.00,151,150,151,0,151
1791185444.14,other:/lib/systemd/systemd,cf5,10.00,152,151,152,0,152
1791185444.14,other:/lib/systemd/systemd,cf4,10.00,150,140,141,0,141
1791185445.14,other:/lib/systemd/systemd,cf1,9.80,156,122,123,1,123
1791185445.14,other:/lib/systemd/systemd,cf2,9.80,161,156,157,0,157
1791185445.14,other:/lib/systemd/systemd,cf3,9.80,160,159,160,0,160
1791185445.14,other:/lib/systemd/systemd,cf5,10.00,157,155,156,0,156
1791185445.14,other:/lib/systemd/systemd,cf4,10.00,157,151,151,0,151
1791185446.14,other:/lib/systemd/systemd,cf1,9.80,154,116,118,18446744073709551615,118
1791185446.14,other:/lib/systemd/systemd,cf2,10.00,138,117,118,0,118
1791185446.14,other:/lib/systemd/systemd,cf3,9.80,139,136,137,0,137
1791185446.14,other:/lib/systemd/systemd,cf5,10.00,154,151,153,0,153
1791185446.14,other:/lib/systemd/systemd,cf4,10.00,154,147,149,0,149
1791185447.14,other:/lib/systemd/systemd,cf1,10.00,138,103,103,1,103
1791185447.14,other:/lib/systemd/systemd,cf2,10.00,139,125,126,0,126
1791185447.14,other:/lib/systemd/systemd,cf3,10.20,138,137,138,0,138
1791185447.14,other:/lib/systemd/systemd,cf5,10.00,134,129,130,0,130
1791185447.14,other:/lib/systemd/systemd,cf4,10.00,136,111,111,1,111
1791185448.14,other:/lib/systemd/systemd,cf1,10.20,143,106,107,0,107
1791185448.14,other:/lib/systemd/systemd,cf2,10.00,156,151,152,0,152
1791185448.14,other:/lib/systemd/systemd,cf3,10.00,155,154,154,0,154
1791185448.14,other:/lib/systemd/systemd,cf5,10.00,144,141,142,0,142
1791185448.14,other:/lib/systemd/systemd,cf4,10.00,142,131,132,18446744073709551615,132
1791185449.14,other:/lib/systemd/systemd,cf1,9.20,156,120,121,18446744073709551615,121
1791185449.14,other:/lib/systemd/systemd,cf2,9.80,132,112,112,1,112
1791185449.14,other:/lib/systemd/systemd,cf3,9.80,136,132,134,0,134
1791185449.14,other:/lib/systemd/systemd,cf5,10.00,158,155,156,0,156
1791185449.14,other:/lib/systemd/systemd,cf4,9.60,159,149,150,1,150
1791185450.14,other:/lib/systemd/systemd,cf1,10.20,121,59,60,0,60
1791185450.14,other:/lib/systemd/systemd,cf2,10.20,91,43,45,18446744073709551615,45
1791185450.14,other:/lib/systemd/systemd,cf3,10.20,87,85,86,0,86
1791185450.14,other:/lib/systemd/systemd,cf5,10.00,115,113,114,0,114
1791185450.14,other:/lib/systemd/systemd,cf4,10.00,117,82,83,0,83
1791185451.14,other:/lib/systemd/systemd,cf1,10.20,105,40,42,0,42
1791185451.14,other:/lib/systemd/systemd,cf2,10.00,142,123,124,0,124
1791185451.14,other:/lib/systemd/systemd,cf3,10.20,143,143,143,0,143
1791185451.14,other:/lib/systemd/systemd,cf5,10.00,111,110,111,0,111
1791185451.14,other:/lib/systemd/systemd,cf4,10.00,108,63,65,18446744073709551615,65
1791185452.14,other:/lib/systemd/systemd,cf1,9.80,144,103,103,0,103
1791185452.14,other:/lib/systemd/systemd,cf2,9.80,171,165,166,0,166
1791185452.14,other:/lib/systemd/systemd,cf3,10.00,169,168,169,0,169
1791185452.14,other:/lib/systemd/systemd,cf5,10.00,145,144,145,0,145
1791185452.14,other:/lib/systemd/systemd,cf4,10.00,144,125,126,0,126
1791185453.14,other:/lib/systemd/systemd,cf1,9.60,159,133,134,1,134
1791185453.14,other:/lib/systemd/systemd,cf2,9.60,99,49,49,1,49
1791185453.14,other:/lib/systemd/systemd,cf3,10.00,104,102,104,0,104
1791185453.14,other:/lib/systemd/systemd,cf5,10.00,152,151,152,0,152
1791185453.14,other:/lib/systemd/systemd,cf4,9.80,156,141,141,1,141
1791185454.14,other:/lib/systemd/systemd,cf1,10.60,102,36,38,18446744073709551615,38
1791185454.14,other:/lib/systemd/systemd,cf2,10.20,144,119,121,18446744073709551615,121
1791185454.14,other:/lib/systemd/systemd,cf3,10.20,140,139,140,0,140
1791185454.14,other:/lib/systemd/systemd,cf5,10.00,109,105,106,0,106
1791185454.14,other:/lib/systemd/systemd,cf4,10.40,106,60,61,18446744073709551615,61
1791185455.14,other:/lib/systemd/systemd,cf1,9.80,149,114,115,0,115
1791185455.14,other:/lib/systemd/systemd,cf2,10.00,165,160,161,0,161
1791185455.14,other:/lib/systemd/systemd,cf3,10.00,167,166,167,0,167
1791185455.14,other:/lib/systemd/systemd,cf5,10.00,148,147,147,0,147
1791185455.14,other:/lib/systemd/systemd,cf4,10.00,148,131,133,0,133
1791185456.14,other:/lib/systemd/systemd,cf1,9.80,160,124,124,1,124
1791185456.14,other:/lib/systemd/systemd,cf2,10.00,105,73,73,1,73
1791185456.14,other:/lib/systemd/systemd,cf3,10.00,105,103,104,0,104
1791185456.14,other:/lib/systemd/systemd,cf5,10.00,157,154,156,0,156
1791185456.14,other:/lib/systemd/systemd,cf4,10.00,158,149,150,0,150
1791185457.14,other:/lib/systemd/systemd,cf1,10.00,111,40,41,18446744073709551615,41
1791185457.14,other:/lib/systemd/systemd,cf2,10.20,151,146,148,18446744073709551615,148
1791185457.14,other:/lib/systemd/systemd,cf3,9.80,150,150,150,0,150
1791185457.14,other:/lib/systemd/systemd,cf5,10.00,117,116,117,0,117
1791185457.14,other:/lib/systemd/systemd,cf4,10.00,115,84,85,0,85
1791185458.14,other:/lib/systemd/systemd,cf1,10.20,147,90,91,1,91
1791185458.14,other:/lib/systemd/systemd,cf2,10.40,137,131,132,0,132
1791185458.14,other:/lib/systemd/systemd,cf3,10.00,136,134,136,0,136
1791185458.14,other:/lib/systemd/systemd,cf5,10.00,141,140,141,0,141
1791185458.14,other:/lib/systemd/systemd,cf4,10.20,144,135,135,0,135
1791185459.14,other:/lib/systemd/systemd,cf1,10.00,140,65,67,18446744073709551615,67
1791185459.14,other:/lib/systemd/systemd,cf2,10.00,153,146,147,0,147
1791185459.14,other:/lib/systemd/systemd,cf3,10.00,154,151,152,0,152
1791185459.14,other:/lib/systemd/systemd,cf5,10.00,142,141,142,0,142
1791185459.14,other:/lib/systemd/systemd,cf4,10.00,140,131,133,0,133
1791185460.14,other:/lib/systemd/systemd,cf1,8.80,150,95,95,0,95
1791185460.14,other:/lib/systemd/systemd,cf2,9.20,104,59,59,1,59
1791185460.14,other:/lib/systemd/systemd,cf3,9.80,106,105,106,0,106
1791185460.14,other:/lib/systemd/systemd,cf5,10.00,148,147,148,0,148
1791185460.14,other:/lib/systemd/systemd,cf4,9.40,150,141,142,0,142
1791185461.14,other:/lib/systemd/systemd,cf1,7.00,96,24,25,1,25
1791185461.14,other:/lib/systemd/systemd,cf2,9.20,81,17,18,0,18
1791185461.14,other:/lib/systemd/systemd,cf3,9.80,82,81,82,0,82
1791185461.14,other:/lib/systemd/systemd,cf5,10.00,93,91,92,0,92
1791185461.14,other:/lib/systemd/systemd,cf4,9.00,94,43,43,0,43
1791185462.14,other:/lib/systemd/systemd,cf1,8.20,80,0,0,1,0
1791185462.14,other:/lib/systemd/systemd,cf2,10.00,95,51,53,18446744073709551615,53
1791185462.14,other:/lib/systemd/systemd,cf3,10.20,92,90,91,0,91
1791185462.14,other:/lib/systemd/systemd,cf5,10.00,80,79,80,0,80
1791185462.14,other:/lib/systemd/systemd,cf4,10.00,81,11,13,0,13
1791185463.14,other:/lib/systemd/systemd,cf1,9.60,106,34,36,18446744073709551615,36
1791185463.14,other:/lib/systemd/systemd,cf2,9.80,129,111,111,1,111
1791185463.14,other:/lib/systemd/systemd,cf3,9.80,132,130,131,0,131
1791185463.14,other:/lib/systemd/systemd,cf5,10.00,111,110,111,0,111
1791185463.14,other:/lib/systemd/systemd,cf4,9.80,107,62,62,1,62
1791185464.14,other:/lib/systemd/systemd,cf1,10.00,119,53,54,18446744073709551615,54
1791185464.14,other:/lib/systemd/systemd,cf2,10.00,136,117,119,18446744073709551615,119
1791185464.14,other:/lib/systemd/systemd,cf3,10.00,134,133,134,0,134
1791185464.14,other:/lib/systemd/systemd,cf5,10.00,115,114,115,0,115
1791185464.14,other:/lib/systemd/systemd,cf4,10.00,117,88,89,0,89
1791185465.14,other:/lib/systemd/systemd,cf1,11.00,148,100,102,0,102
1791185465.14,other:/lib/systemd/systemd,cf2,10.60,149,133,133,0,133
1791185465.14,other:/lib/systemd/systemd,cf3,10.20,150,149,150,0,150
1791185465.14,other:/lib/systemd/systemd,cf5,10.00,151,151,151,0,151
1791185465.14,other:/lib/systemd/systemd,cf4,10.60,152,137,139,18446744073709551615,139
1791185466.14,other:/lib/systemd/systemd,cf1,13.00,148,109,109,0,109
1791185466.14,other:/lib/systemd/systemd,cf2,10.80,163,155,157,0,157
1791185466.14,other:/lib/systemd/systemd,cf3,10.20,158,157,158,0,158
1791185466.14,other:/lib/systemd/systemd,cf5,10.00,148,146,147,0,147
1791185466.14,other:/lib/systemd/systemd,cf4,11.00,147,128,129,0,129
1791185467.14,other:/lib/systemd/systemd,cf1,11.80,167,139,141,0,141
1791185467.14,other:/lib/systemd/systemd,cf2,10.00,173,164,165,0,165
1791185467.14,other:/lib/systemd/systemd,cf3,10.00,173,171,171,0,171
1791185467.14,other:/lib/systemd/systemd,cf5,10.00,170,167,169,0,169
1791185467.14,other:/lib/systemd/systemd,cf4,10.00,167,158,159,0,159
1791185468.14,other:/lib/systemd/systemd,cf1,10.40,172,150,151,0,151
1791185468.14,other:/lib/systemd/systemd,cf2,10.20,169,165,166,0,166
1791185468.14,other:/lib/systemd/systemd,cf3,10.20,170,168,170,0,170
1791185468.14,other:/lib/systemd/systemd,cf5,10.00,173,171,172,0,172
1791185468.14,other:/lib/systemd/systemd,cf4,10.20,173,166,167,0,167
1791185469.14,other:/lib/systemd/systemd,cf1,10.00,170,138,139,0,139
1791185469.14,other:/lib/systemd/systemd,cf2,10.00,165,159,160,0,160
1791185469.14,other:/lib/systemd/systemd,cf3,10.00,166,164,165,0,165
1791185469.14,other:/lib/systemd/systemd,cf5,10.00,169,168,169,0,169
1791185469.14,other:/lib/systemd/systemd,cf4,10.00,169,161,162,0,162
1791185470.14,other:/lib/systemd/systemd,cf1,10.20,163,135,136,0,136
1791185470.14,other:/lib/systemd/systemd,cf2,10.20,169,163,164,0,164
1791185470.14,other:/lib/systemd/systemd,cf3,10.00,167,166,167,0,167
1791185470.14,other:/lib/systemd/systemd,cf5,10.00,163,162,163,0,163
1791185470.14,other:/lib/systemd/systemd,cf4,10.00,164,155,156,0,156
1791185471.14,other:/lib/systemd/systemd,cf1,10.00,168,137,138,0,138
1791185471.14,other:/lib/systemd/systemd,cf2,9.80,168,166,167,0,167
1791185471.14,other:/lib/systemd/systemd,cf3,10.00,170,168,169,0,169
1791185471.14,other:/lib/systemd/systemd,cf5,10.00,168,168,168,0,168
1791185471.14,other:/lib/systemd/systemd,cf4,10.00,168,162,163,0,163
1791185472.14,other:/lib/systemd/systemd,cf1,10.00,169,151,152,0,152
1791185472.14,other:/lib/systemd/systemd,cf2,9.80,166,162,163,0,163
1791185472.14,other:/lib/systemd/systemd,cf3,10.00,167,166,167,0,167
1791185472.14,other:/lib/systemd/systemd,cf5,10.00,169,165,167,0,167
1791185472.14,other:/lib/systemd/systemd,cf4,10.00,169,161,162,0,162
1791185473.14,other:/lib/systemd/systemd,cf1,10.00,164,142,143,0,143
1791185473.14,other:/lib/systemd/systemd,cf2,9.80,158,150,151,0,151
1791185473.14,other:/lib/systemd/systemd,cf3,10.00,158,156,157,0,157
1791185473.14,other:/lib/systemd/systemd,cf5,10.00,163,161,162,0,162
1791185473.14,other:/lib/systemd/systemd,cf4,10.00,162,153,154,0,154
1791185474.14,other:/lib/systemd/systemd,cf1,10.00,160,138,138,0,138
1791185474.14,other:/lib/systemd/systemd,cf2,9.80,165,160,161,0,161
1791185474.14,other:/lib/systemd/systemd,cf3,10.00,163,162,163,0,163
1791185474.14,other:/lib/systemd/systemd,cf5,10.00,161,157,158,0,158
1791185474.14,other:/lib/systemd/systemd,cf4,10.00,162,156,157,0,157
1791185475.14,other:/lib/systemd/systemd,cf1,10.00,167,140,142,0,142
1791185475.14,other:/lib/systemd/systemd,cf2,9.80,163,159,160,0,160
1791185475.14,other:/lib/systemd/systemd,cf3,10.00,166,164,165,0,165
1791185475.14,other:/lib/systemd/systemd,cf5,10.00,165,163,164,0,164
1791185475.14,other:/lib/systemd/systemd,cf4,10.00,166,160,161,0,161
1791185476.14,other:/lib/systemd/systemd,cf1,10.00,157,126,126,0,126
1791185476.14,other:/lib/systemd/systemd,cf2,10.00,151,143,144,0,144
1791185476.14,other:/lib/systemd/systemd,cf3,10.00,150,147,148,0,148
1791185476.14,other:/lib/systemd/systemd,cf5,10.00,158,157,158,0,158
1791185476.14,other:/lib/systemd/systemd,cf4,10.00,158,150,151,0,151
1791185477.14,other:/lib/systemd/systemd,cf1,9.80,153,103,104,1,104
1791185477.14,other:/lib/systemd/systemd,cf2,9.80,140,132,132,1,132
1791185477.14,other:/lib/systemd/systemd,cf3,10.00,142,140,141,0,141
1791185477.14,other:/lib/systemd/systemd,cf5,10.00,155,154,155,0,155
1791185477.14,other:/lib/systemd/systemd,cf4,9.80,153,148,149,0,149
1791185478.14,other:/lib/systemd/systemd,cf1,10.00,128,57,58,18446744073709551615,58
1791185478.14,other:/lib/systemd/systemd,cf2,10.00,124,109,111,18446744073709551615,111
1791185478.14,other:/lib/systemd/systemd,cf3,10.00,122,121,122,0,122
1791185478.14,other:/lib/systemd/systemd,cf5,10.00,125,124,125,0,125
1791185478.14,other:/lib/systemd/systemd,cf4,10.00,127,105,106,0,106
1791185479.14,other:/lib/systemd/systemd,cf1,10.00,134,48,49,0,49
1791185479.14,other:/lib/systemd/systemd,cf2,10.00,150,147,148,0,148
1791185479.14,other:/lib/systemd/systemd,cf3,10.00,150,148,149,0,149
1791185479.14,other:/lib/systemd/systemd,cf5,10.00,134,132,133,0,133
1791185479.14,other:/lib/systemd/systemd,cf4,10.00,135,125,126,0,126
1791185480.14,other:/lib/systemd/systemd,cf1,9.80,153,95,96,0,96
1791185480.14,other:/lib/systemd/systemd,cf2,9.80,155,149,149,1,149
1791185480.14,other:/lib/systemd/systemd,cf3,9.80,158,157,158,0,158
1791185480.14,other:/lib/systemd/systemd,cf5,10.00,156,155,156,0,156
1791185480.14,other:/lib/systemd/systemd,cf4,9.80,154,142,143,0,143
1791185481.14,other:/lib/systemd/systemd,cf1,8.60,141,93,94,0,94
1791185481.14,other:/lib/systemd/systemd,cf2,10.00,77,14,15,18446744073709551615,15
1791185481.14,other:/lib/systemd/systemd,cf3,10.00,74,71,72,0,72
1791185481.14,other:/lib/systemd/systemd,cf5,10.00,133,132,133,0,133
1791185481.14,other:/lib/systemd/systemd,cf4,9.80,136,112,112,1,112
1791185482.14,other:/lib/systemd/systemd,cf1,10.00,89,18,20,0,20
1791185482.14,other:/lib/systemd/systemd,cf2,10.00,129,106,107,1,107
1791185482.14,other:/lib/systemd/systemd,cf3,10.00,132,130,131,0,131
1791185482.14,other:/lib/systemd/systemd,cf5,10.00,91,89,90,0,90
1791185482.14,other:/lib/systemd/systemd,cf4,10.00,91,37,38,0,38
1791185483.14,other:/lib/systemd/systemd,cf1,10.00,123,53,53,0,53
1791185483.14,other:/lib/systemd/systemd,cf2,10.00,142,131,133,18446744073709551615,133
1791185483.14,other:/lib/systemd/systemd,cf3,10.00,138,135,136,0,136
1791185483.14,other:/lib/systemd/systemd,cf5,10.00,127,126,127,0,127
1791185483.14,other:/lib/systemd/systemd,cf4,10.00,124,92,94,18446744073709551615,94
1791185484.14,other:/lib/systemd/systemd,cf1,10.00,147,70,71,0,71
1791185484.14,other:/lib/systemd/systemd,cf2,10.00,155,149,150,0,150
1791185484.14,other:/lib/systemd/systemd,cf3,10.00,156,153,154,0,154
1791185484.14,other:/lib/systemd/systemd,cf5,10.00,148,147,148,0,148
1791185484.14,other:/lib/systemd/systemd,cf4,10.00,147,142,143,0,143
1791185485.14,other:/lib/systemd/systemd,cf1,10.20,157,106,107,1,107
1791185485.14,other:/lib/systemd/systemd,cf2,10.20,151,147,148,0,148
1791185485.14,other:/lib/systemd/systemd,cf3,10.20,152,150,151,0,151
1791185485.14,other:/lib/systemd/systemd,cf5,10.00,157,156,156,0,156
1791185485.14,other:/lib/systemd/systemd,cf4,10.20,157,151,151,0,151
1791185486.14,other:/lib/systemd/systemd,cf1,11.40,150,99,101,18446744073709551615,101
1791185486.14,other:/lib/systemd/systemd,cf2,10.00,151,145,146,0,146
1791185486.14,other:/lib/systemd/systemd,cf3,10.00,151,149,150,0,150
1791185486.14,other:/lib/systemd/systemd,cf5,10.00,148,147,148,0,148
1791185486.14,other:/lib/systemd/systemd,cf4,10.20,151,145,147,0,147
1791185487.14,other:/lib/systemd/systemd,cf1,10.20,152,95,96,0,96
1791185487.14,other:/lib/systemd/systemd,cf2,10.20,155,149,150,0,150
1791185487.14,other:/lib/systemd/systemd,cf3,10.00,153,150,151,0,151
1791185487.14,other:/lib/systemd/systemd,cf5,10.00,154,151,153,0,153
1791185487.14,other:/lib/systemd/systemd,cf4,10.20,152,147,147,0,147
1791185488.14,other:/lib/systemd/systemd,cf1,10.00,153,110,111,0,111
1791185488.14,other:/lib/systemd/systemd,cf2,10.00,153,144,145,0,145
1791185488.14,other:/lib/systemd/systemd,cf3,10.00,153,151,152,0,152
1791185488.14,other:/lib/systemd/systemd,cf5,10.00,151,151,151,0,151
1791185488.14,other:/lib/systemd/systemd,cf4,10.00,153,143,145,0,145
1791185489.14,other:/lib/systemd/systemd,cf1,10.00,155,103,103,1,103
1791185489.14,other:/lib/systemd/systemd,cf2,10.00,147,145,146,0,146
1791185489.14,other:/lib/systemd/systemd,cf3,10.00,148,146,147,0,147
1791185489.14,other:/lib/systemd/systemd,cf5,10.00,155,152,154,0,154
1791185489.14,other:/lib/systemd/systemd,cf4,10.00,154,150,151,0,151
1791185490.14,other:/lib/systemd/systemd,cf1,9.00,145,58,59,18446744073709551615,59
1791185490.14,other:/lib/systemd/systemd,cf2,10.00,129,126,126,0,126
1791185490.14,other:/lib/systemd/systemd,cf3,10.00,131,130,131,0,131
1791185490.14,other:/lib/systemd/systemd,cf5,10.00,145,143,144,0,144
1791185490.14,other:/lib/systemd/systemd,cf4,10.00,145,142,143,0,143
1791185491.14,other:/lib/systemd/systemd,cf1,9.00,126,10,11,1,11
1791185491.14,other:/lib/systemd/systemd,cf2,10.00,126,124,125,0,125
1791185491.14,other:/lib/systemd/systemd,cf3,10.00,126,123,124,0,124
1791185491.14,other:/lib/systemd/systemd,cf5,10.00,123,123,123,0,123
1791185491.14,other:/lib/systemd/systemd,cf4,10.00,125,122,123,0,123
1791185492.14,other:/lib/systemd/systemd,cf1,9.40,130,22,23,18446744073709551615,23
1791185492.14,other:/lib/systemd/systemd,cf2,10.00,141,135,137,0,137
1791185492.14,other:/lib/systemd/systemd,cf3,10.00,139,138,139,0,139
1791185492.14,other:/lib/systemd/systemd,cf5,10.00,133,130,132,0,132
1791185492.14,other:/lib/systemd/systemd,cf4,10.00,132,129,130,0,130
1791185493.14,other:/lib/systemd/systemd,cf1,7.60,136,39,40,1,40
1791185493.14,other:/lib/systemd/systemd,cf2,10.00,125,119,120,0,120
1791185493.14,other:/lib/systemd/systemd,cf3,9.80,125,124,125,0,125
1791185493.14,other:/lib/systemd/systemd,cf5,10.00,135,134,135,0,135
1791185493.14,other:/lib/systemd/systemd,cf4,10.00,135,128,129,0,129
1791185494.14,other:/lib/systemd/systemd,cf1,7.00,123,1,2,18446744073709551615,2
1791185494.14,other:/lib/systemd/systemd,cf2,10.00,118,110,111,0,111
1791185494.14,other:/lib/systemd/systemd,cf3,10.00,120,119,120,0,120
1791185494.14,other:/lib/systemd/systemd,cf5,10.00,122,119,120,0,120
1791185494.14,other:/lib/systemd/systemd,cf4,10.00,121,117,117,0,117
1791185495.14,other:/lib/systemd/systemd,cf1,6.80,122,10,11,1,11
1791185495.14,other:/lib/systemd/systemd,cf2,10.00,125,121,121,1,121
1791185495.14,other:/lib/systemd/systemd,cf3,10.00,124,122,122,0,122
1791185495.14,other:/lib/systemd/systemd,cf5,10.00,123,120,121,0,121
1791185495.14,other:/lib/systemd/systemd,cf4,10.00,123,118,120,0,120
1791185496.14,other:/lib/systemd/systemd,cf1,9.20,123,7,8,0,8
1791185496.14,other:/lib/systemd/systemd,cf2,10.00,128,120,122,18446744073709551615,122
1791185496.14,other:/lib/systemd/systemd,cf3,10.00,127,124,126,0,126
1791185496.14,other:/lib/systemd/systemd,cf5,10.00,122,119,120,0,120
1791185496.14,other:/lib/systemd/systemd,cf4,10.00,123,119,119,1,119
1791185497.14,other:/lib/systemd/systemd,cf1,10.60,131,44,46,18446744073709551615,46
1791185497.14,other:/lib/systemd/systemd,cf2,10.00,156,149,149,0,149
1791185497.14,other:/lib/systemd/systemd,cf3,10.00,154,152,153,0,153
1791185497.14,other:/lib/systemd/systemd,cf5,10.00,133,130,131,0,131
1791185497.14,other:/lib/systemd/systemd,cf4,10.00,131,114,115,0,115
1791185498.14,other:/lib/systemd/systemd,cf1,12.40,162,126,126,0,126
1791185498.14,other:/lib/systemd/systemd,cf2,10.00,163,158,160,0,160
1791185498.14,other:/lib/systemd/systemd,cf3,10.20,163,162,163,0,163
1791185498.14,other:/lib/systemd/systemd,cf5,10.00,162,158,158,0,158
1791185498.14,other:/lib/systemd/systemd,cf4,10.00,164,159,161,18446744073709551615,161
1791185499.14,other:/lib/systemd/systemd,cf1,13.00,159,124,125,0,125
1791185499.14,other:/lib/systemd/systemd,cf2,10.00,141,135,136,0,136
1791185499.14,other:/lib/systemd/systemd,cf3,10.00,143,140,141,0,141
1791185499.14,other:/lib/systemd/systemd,cf5,10.00,157,154,156,0,156
1791185499.14,other:/lib/systemd/systemd,cf4,10.00,156,147,147,1,147
1791185500.14,other:/lib/systemd/systemd,cf1,13.80,145,65,66,1,66
1791185500.14,other:/lib/systemd/systemd,cf2,10.00,141,131,132,0,132
1791185500.14,other:/lib/systemd/systemd,cf3,10.00,143,142,143,0,143
1791185500.14,other:/lib/systemd/systemd,cf5,10.00,147,144,145,0,145
1791185500.14,other:/lib/systemd/systemd,cf4,10.00,147,139,141,18446744073709551615,141
1791185501.14,other:/lib/systemd/systemd,cf1,11.60,133,47,49,18446744073709551615,49
1791185501.14,other:/lib/systemd/systemd,cf2,10.00,145,132,133,0,133
1791185501.14,other:/lib/systemd/systemd,cf3,9.80,142,140,141,0,141
1791185501.14,other:/lib/systemd/systemd,cf5,10.00,131,129,130,0,130
1791185501.14,other:/lib/systemd/systemd,cf4,10.00,132,122,123,0,123
1791185502.14,other:/lib/systemd/systemd,cf1,9.40,145,103,104,0,104
1791185502.14,other:/lib/systemd/systemd,cf2,9.60,111,89,89,1,89
1791185502.14,other:/lib/systemd/systemd,cf3,9.60,115,105,106,0,106
1791185502.14,other:/lib/systemd/systemd,cf5,9.80,145,142,143,0,143
1791185502.14,other:/lib/systemd/systemd,cf4,9.60,145,130,131,0,131
1791185503.14,other:/lib/systemd/systemd,cf1,9.60,101,35,35,1,35
1791185503.14,other:/lib/systemd/systemd,cf2,10.00,68,25,26,0,26
1791185503.14,other:/lib/systemd/systemd,cf3,10.00,66,26,27,0,27
1791185503.14,other:/lib/systemd/systemd,cf5,10.00,99,80,81,0,81
1791185503.14,other:/lib/systemd/systemd,cf4,10.00,99,70,71,0,71
1791185504.14,other:/lib/systemd/systemd,cf1,9.60,80,25,26,18446744073709551615,26
1791185504.14,other:/lib/systemd/systemd,cf2,10.00,118,101,102,18446744073709551615,102
1791185504.14,other:/lib/systemd/systemd,cf3,9.80,118,108,109,0,109
1791185504.14,other:/lib/systemd/systemd,cf5,10.00,84,58,59,0,59
1791185504.14,other:/lib/systemd/systemd,cf4,10.00,83,50,51,0,51
1791185505.14,other:/lib/systemd/systemd,cf1,8.40,111,38,39,0,39
1791185505.14,other:/lib/systemd/systemd,cf2,9.20,76,34,35,1,35
1791185505.14,other:/lib/systemd/systemd,cf3,9.40,78,46,46,1,46
1791185505.14,other:/lib/systemd/systemd,cf5,9.80,109,97,98,0,98
1791185505.14,other:/lib/systemd/systemd,cf4,9.20,110,93,94,0,94
1791185506.14,other:/lib/systemd/systemd,cf1,8.80,80,8,9,0,9
1791185506.14,other:/lib/systemd/systemd,cf2,10.00,110,90,92,18446744073709551615,92
1791185506.14,other:/lib/systemd/systemd,cf3,10.20,110,95,97,18446744073709551615,97
1791185506.14,other:/lib/systemd/systemd,cf5,10.00,76,45,45,1,45
1791185506.14,other:/lib/systemd/systemd,cf4,10.00,78,45,45,0,45
1791185507.14,other:/lib/systemd/systemd,cf1,10.40,110,16,17,0,17
1791185507.14,other:/lib/systemd/systemd,cf2,10.40,125,112,113,0,113
1791185507.14,other:/lib/systemd/systemd,cf3,10.40,122,118,119,0,119
1791185507.14,other:/lib/systemd/systemd,cf5,10.20,113,109,110,18446744073709551615,110
1791185507.14,other:/lib/systemd/systemd,cf4,10.40,112,99,101,0,101
1791185508.14,other:/lib/systemd/systemd,cf1,10.00,123,51,52,1,52
1791185508.14,other:/lib/systemd/systemd,cf2,10.00,112,96,97,0,97
1791185508.14,other:/lib/systemd/systemd,cf3,10.00,113,110,110,0,110
1791185508.14,other:/lib/systemd/systemd,cf5,10.00,122,116,118,0,118
1791185508.14,other:/lib/systemd/systemd,cf4,10.00,122,104,105,0,105
1791185509.14,other:/lib/systemd/systemd,cf1,10.20,115,24,25,0,25
1791185509.14,other:/lib/systemd/systemd,cf2,10.00,124,115,116,0,116
1791185509.14,other:/lib/systemd/systemd,cf3,10.20,123,118,120,0,120
1791185509.14,other:/lib/systemd/systemd,cf5,10.00,118,112,113,0,113
1791185509.14,other:/lib/systemd/systemd,cf4,10.00,117,106,106,0,106
1791185510.14,other:/lib/systemd/systemd,cf1,11.40,127,44,45,18446744073709551615,45
1791185510.14,other:/lib/systemd/systemd,cf2,10.80,126,117,118,0,118
1791185510.14,other:/lib/systemd/systemd,cf3,10.60,127,124,125,0,125
1791185510.14,other:/lib/systemd/systemd,cf5,10.20,126,124,125,0,125
1791185510.14,other:/lib/systemd/systemd,cf4,10.80,126,122,124,0,124
1791185511.14,other:/lib/systemd/systemd,cf1,11.40,123,12,13,0,13
1791185511.14,other:/lib/systemd/systemd,cf2,10.00,134,127,128,0,128
1791185511.14,other:/lib/systemd/systemd,cf3,10.00,133,131,132,0,132
1791185511.14,other:/lib/systemd/systemd,cf5,10.00,123,121,122,0,122
1791185511.14,other:/lib/systemd/systemd,cf4,10.00,123,116,117,0,117
1791185512.14,other:/lib/systemd/systemd,cf1,10.20,140,71,73,0,73
1791185512.14,other:/lib/systemd/systemd,cf2,10.00,151,141,142,0,142
1791185512.14,other:/lib/systemd/systemd,cf3,10.00,149,149,149,0,149
1791185512.14,other:/lib/systemd/systemd,cf5,10.00,142,139,139,0,139
1791185512.14,other:/lib/systemd/systemd,cf4,10.00,140,132,133,0,133
1791185513.14,other:/lib/systemd/systemd,cf1,9.80,151,104,105,0,105
1791185513.14,other:/lib/systemd/systemd,cf2,10.00,133,127,128,0,128
1791185513.14,other:/lib/systemd/systemd,cf3,10.00,136,133,134,0,134
1791185513.14,other:/lib/systemd/systemd,cf5,10.00,154,150,152,0,152
1791185513.14,other:/lib/systemd/systemd,cf4,10.00,154,145,145,0,145
1791185514.14,other:/lib/systemd/systemd,cf1,10.20,129,54,54,0,54
1791185514.14,other:/lib/systemd/systemd,cf2,10.00,154,149,149,1,149
1791185514.14,other:/lib/systemd/systemd,cf3,10.00,152,147,149,0,149
1791185514.14,other:/lib/systemd/systemd,cf5,10.00,128,126,127,0,127
1791185514.14,other:/lib/systemd/systemd,cf4,10.00,129,117,119,0,119
1791185515.14,other:/lib/systemd/systemd,cf1,10.60,156,118,119,0,119
1791185515.14,other:/lib/systemd/systemd,cf2,10.00,146,138,140,18446744073709551615,140
1791185515.14,other:/lib/systemd/systemd,cf3,10.00,148,144,145,0,145
1791185515.14,other:/lib/systemd/systemd,cf5,10.00,155,152,153,0,153
1791185515.14,other:/lib/systemd/systemd,cf4,10.00,153,150,150,0,150
1791185516.14,other:/lib/systemd/systemd,cf1,10.00,146,87,88,0,88
1791185516.14,other:/lib/systemd/systemd,cf2,10.00,143,136,137,0,137
1791185516.14,other:/lib/systemd/systemd,cf3,10.00,141,139,140,0,140
1791185516.14,other:/lib/systemd/systemd,cf5,10.00,146,144,145,0,145
1791185516.14,other:/lib/systemd/systemd,cf4,10.00,147,138,140,0,140
1791185517.14,other:/lib/systemd/systemd,cf1,9.80,148,92,94,0,94
1791185517.14,other:/lib/systemd/systemd,cf2,10.00,155,142,142,0,142
1791185517.14,other:/lib/systemd/systemd,cf3,10.00,158,153,154,0,154
1791185517.14,other:/lib/systemd/systemd,cf5,10.00,148,144,145,0,145
1791185517.14,other:/lib/systemd/systemd,cf4,10.00,150,142,142,1,142
1791185518.14,other:/lib/systemd/systemd,cf1,10.40,150,118,119,0,119
1791185518.14,other:/lib/systemd/systemd,cf2,10.00,159,154,156,0,156
1791185518.14,other:/lib/systemd/systemd,cf3,10.00,156,152,153,0,153
1791185518.14,other:/lib/systemd/systemd,cf5,10.00,150,147,148,0,148
1791185518.14,other:/lib/systemd/systemd,cf4,10.00,149,135,137,18446744073709551615,137
1791185519.14,other:/lib/systemd/systemd,cf1,9.80,161,118,119,0,119
1791185519.14,other:/lib/systemd/systemd,cf2,10.00,149,142,143,0,143
1791185519.14,other:/lib/systemd/systemd,cf3,10.00,149,147,148,0,148
1791185519.14,other:/lib/systemd/systemd,cf5,10.00,160,159,160,0,160
1791185519.14,other:/lib/systemd/systemd,cf4,10.00,159,153,154,0,154
1791185520.14,other:/lib/systemd/systemd,cf1,9.40,145,70,70,1,70
1791185520.14,other:/lib/systemd/systemd,cf2,10.00,134,127,128,0,128
1791185520.14,other:/lib/systemd/systemd,cf3,10.00,136,133,134,0,134
1791185520.14,other:/lib/systemd/systemd,cf5,10.00,143,142,142,0,142
1791185520.14,other:/lib/systemd/systemd,cf4,10.00,145,141,142,0,142
1791185521.14,other:/lib/systemd/systemd,cf1,8.40,132,41,42,18446744073709551615,42
1791185521.14,other:/lib/systemd/systemd,cf2,10.00,124,117,118,0,118
1791185521.14,other:/lib/systemd/systemd,cf3,10.00,123,121,122,0,122
1791185521.14,other:/lib/systemd/systemd,cf5,10.00,132,129,131,0,131
1791185521.14,other:/lib/systemd/systemd,cf4,10.00,133,125,126,0,126
1791185522.14,other:/lib/systemd/systemd,cf1,10.20,126,12,14,0,14
1791185522.14,other:/lib/systemd/systemd,cf2,10.00,142,139,140,0,140
1791185522.14,other:/lib/systemd/systemd,cf3,10.00,143,140,141,0,141
1791185522.14,other:/lib/systemd/systemd,cf5,10.00,127,125,126,0,126
1791185522.14,other:/lib/systemd/systemd,cf4,10.00,126,119,120,0,120
1791185523.14,other:/lib/systemd/systemd,cf1,9.20,146,80,81,0,81
1791185523.14,other:/lib/systemd/systemd,cf2,10.00,133,128,129,0,129
1791185523.14,other:/lib/systemd/systemd,cf3,10.00,132,130,131,0,131
1791185523.14,other:/lib/systemd/systemd,cf5,10.00,147,146,147,0,147
1791185523.14,other:/lib/systemd/systemd,cf4,10.00,146,137,138,0,138
1791185524.14,other:/lib/systemd/systemd,cf1,7.20,128,21,21,0,21
1791185524.14,other:/lib/systemd/systemd,cf2,10.00,123,120,121,0,121
1791185524.14,other:/lib/systemd/systemd,cf3,10.00,125,122,123,0,123
1791185524.14,other:/lib/systemd/systemd,cf5,10.00,126,125,126,0,126
1791185524.14,other:/lib/systemd/systemd,cf4,10.00,127,121,121,0,121
1791185525.14,other:/lib/systemd/systemd,cf1,6.40,119,0,0,2,0
1791185525.14,other:/lib/systemd/systemd,cf2,10.00,112,105,106,0,106
1791185525.14,other:/lib/systemd/systemd,cf3,10.00,111,109,110,0,110
1791185525.14,other:/lib/systemd/systemd,cf5,10.00,117,113,114,0,114
1791185525.14,other:/lib/systemd/systemd,cf4,10.00,118,108,109,1,109
1791185526.14,other:/lib/systemd/systemd,cf1,5.80,114,8,10,18446744073709551614,10
1791185526.14,other:/lib/systemd/systemd,cf2,9.40,88,37,37,0,37
1791185526.14,other:/lib/systemd/systemd,cf3,10.00,90,88,89,0,89
1791185526.14,other:/lib/systemd/systemd,cf5,10.00,115,112,113,0,113
1791185526.14,other:/lib/systemd/systemd,cf4,9.40,114,108,110,18446744073709551615,110
1791185527.14,other:/lib/systemd/systemd,cf1,2.20,83,0,0,2,0
1791185527.14,other:/lib/systemd/systemd,cf2,8.80,81,13,14,1,14
1791185527.14,other:/lib/systemd/systemd,cf3,10.00,81,80,81,0,81
1791185527.14,other:/lib/systemd/systemd,cf5,9.80,81,77,78,0,78
1791185527.14,other:/lib/systemd/systemd,cf4,9.80,82,18,18,0,18
1791185528.14,other:/lib/systemd/systemd,cf1,3.20,81,0,1,0,1
1791185528.14,other:/lib/systemd/systemd,cf2,10.00,113,92,94,18446744073709551615,94
1791185528.14,other:/lib/systemd/systemd,cf3,10.00,110,106,107,0,107
1791185528.14,other:/lib/systemd/systemd,cf5,10.00,80,78,78,0,78
1791185528.14,other:/lib/systemd/systemd,cf4,10.00,81,19,20,1,20
1791185529.14,other:/lib/systemd/systemd,cf1,6.20,120,16,18,18446744073709551615,18
1791185529.14,other:/lib/systemd/systemd,cf2,10.00,130,127,128,0,128
1791185529.14,other:/lib/systemd/systemd,cf3,10.00,130,127,128,0,128
1791185529.14,other:/lib/systemd/systemd,cf5,10.00,124,122,124,0,124
1791185529.14,other:/lib/systemd/systemd,cf4,10.00,121,111,113,18446744073709551615,113
1791185530.14,other:/lib/systemd/systemd,cf1,14.00,133,31,33,18446744073709551615,33
1791185530.14,other:/lib/systemd/systemd,cf2,10.00,151,144,145,0,145
1791185530.14,other:/lib/systemd/systemd,cf3,10.00,150,148,149,0,149
1791185530.14,other:/lib/systemd/systemd,cf5,10.00,135,133,134,0,134
1791185530.14,other:/lib/systemd/systemd,cf4,10.00,135,130,131,0,131
1791185531.14,other:/lib/systemd/systemd,cf1,15.60,150,87,88,0,88
1791185531.14,other:/lib/systemd/systemd,cf2,10.60,146,139,140,0,140
1791185531.14,other:/lib/systemd/systemd,cf3,10.00,145,144,145,0,145
1791185531.14,other:/lib/systemd/systemd,cf5,10.00,150,149,150,0,150
1791185531.14,other:/lib/systemd/systemd,cf4,10.60,150,145,146,0,146
1791185532.14,other:/lib/systemd/systemd,cf1,17.60,145,80,80,0,80
1791185532.14,other:/lib/systemd/systemd,cf2,11.20,140,132,133,0,133
1791185532.14,other:/lib/systemd/systemd,cf3,10.00,142,141,142,0,142
1791185532.14,other:/lib/systemd/systemd,cf5,10.00,143,142,143,0,143
1791185532.14,other:/lib/systemd/systemd,cf4,10.20,144,137,138,0,138
1791185533.14,other:/lib/systemd/systemd,cf1,17.60,140,56,57,0,57
1791185533.14,other:/lib/systemd/systemd,cf2,10.00,141,136,137,0,137
1791185533.14,other:/lib/systemd/systemd,cf3,10.00,139,138,139,0,139
1791185533.14,other:/lib/systemd/systemd,cf5,10.00,141,138,139,0,139
1791185533.14,other:/lib/systemd/systemd,cf4,10.00,140,135,136,0,136
1791185534.14,other:/lib/systemd/systemd,cf1,16.40,143,56,57,0,57
1791185534.14,other:/lib/systemd/systemd,cf2,10.00,149,144,145,0,145
1791185534.14,other:/lib/systemd/systemd,cf3,10.00,151,150,151,0,151
1791185534.14,other:/lib/systemd/systemd,cf5,10.00,143,141,142,0,142
1791185534.14,other:/lib/systemd/systemd,cf4,10.00,143,136,136,0,136
1791185535.14,other:/lib/systemd/systemd,cf1,10.00,146,86,87,1,87
1791185535.14,other:/lib/systemd/systemd,cf2,10.00,130,125,126,0,126
1791185535.14,other:/lib/systemd/systemd,cf3,10.00,128,128,128,0,128
1791185535.14,other:/lib/systemd/systemd,cf5,10.00,144,143,143,0,143
1791185535.14,other:/lib/systemd/systemd,cf4,10.00,145,136,137,0,137
1791185536.14,other:/lib/systemd/systemd,cf1,9.20,130,41,42,0,42
1791185536.14,other:/lib/systemd/systemd,cf2,10.00,127,122,123,0,123
1791185536.14,other:/lib/systemd/systemd,cf3,10.00,128,124,126,0,126
1791185536.14,other:/lib/systemd/systemd,cf5,10.00,132,128,130,0,130
1791185536.14,other:/lib/systemd/systemd,cf4,10.00,131,121,123,0,123
1791185537.14,other:/lib/systemd/systemd,cf1,8.80,127,21,22,0,22
1791185537.14,other:/lib/systemd/systemd,cf2,10.00,128,124,125,0,125
1791185537.14,other:/lib/systemd/systemd,cf3,10.00,130,128,129,0,129
1791185537.14,other:/lib/systemd/systemd,cf5,10.00,126,123,124,0,124
1791185537.14,other:/lib/systemd/systemd,cf4,10.00,126,121,121,0,121
1791185538.14,other:/lib/systemd/systemd,cf1,9.40,128,13,14,0,14
1791185538.14,other:/lib/systemd/systemd,cf2,10.00,127,124,124,1,124
1791185538.14,other:/lib/systemd/systemd,cf3,10.00,126,124,125,0,125
1791185538.14,other:/lib/systemd/systemd,cf5,10.00,128,123,124,0,124
1791185538.14,other:/lib/systemd/systemd,cf4,10.00,128,122,123,0,123
1791185539.14,other:/lib/systemd/systemd,cf1,9.40,127,26,27,18446744073709551615,27
1791185539.14,other:/lib/systemd/systemd,cf2,10.00,125,112,114,18446744073709551615,114
1791185539.14,other:/lib/systemd/systemd,cf3,10.00,125,122,123,0,123
1791185539.14,other:/lib/systemd/systemd,cf5,10.00,129,128,129,0,129
1791185539.14,other:/lib/systemd/systemd,cf4,10.00,129,121,123,0,123
1791185540.14,other:/lib/systemd/systemd,cf1,9.60,123,17,18,0,18
1791185540.14,other:/lib/systemd/systemd,cf2,10.00,132,125,126,0,126
1791185540.14,other:/lib/systemd/systemd,cf3,10.00,133,131,132,0,132
1791185540.14,other:/lib/systemd/systemd,cf5,10.00,125,124,125,0,125
1791185540.14,other:/lib/systemd/systemd,cf4,10.00,125,118,119,0,119
1791185541.14,other:/lib/systemd/systemd,cf1,9.40,133,31,32,1,32
1791185541.14,other:/lib/systemd/systemd,cf2,10.00,123,113,114,0,114
1791185541.14,other:/lib/systemd/systemd,cf3,10.00,122,120,121,0,121
1791185541.14,other:/lib/systemd/systemd,cf5,10.00,129,128,129,0,129
1791185541.14,other:/lib/systemd/systemd,cf4,10.00,130,123,124,0,124
1791185542.14,other:/lib/systemd/systemd,cf1,10.80,124,14,15,0,15
1791185542.14,other:/lib/systemd/systemd,cf2,9.60,130,114,114,1,114
1791185542.14,other:/lib/systemd/systemd,cf3,9.80,134,126,127,0,127
1791185542.14,other:/lib/systemd/systemd,cf5,9.80,125,124,124,0,124
1791185542.14,other:/lib/systemd/systemd,cf4,9.60,124,118,119,0,119
1791185543.14,other:/lib/systemd/systemd,cf1,10.40,127,67,68,18446744073709551615,68
1791185543.14,other:/lib/systemd/systemd,cf2,10.00,129,119,120,18446744073709551615,120
1791185543.14,other:/lib/systemd/systemd,cf3,10.00,126,120,121,0,121
1791185543.14,other:/lib/systemd/systemd,cf5,10.00,129,115,117,0,117
1791185543.14,other:/lib/systemd/systemd,cf4,10.00,128,109,110,0,110
1791185544.14,other:/lib/systemd/systemd,cf1,10.60,133,49,50,0,50
1791185544.14,other:/lib/systemd/systemd,cf2,10.00,159,151,153,0,153
1791185544.14,other:/lib/systemd/systemd,cf3,10.00,156,155,155,0,155
1791185544.14,other:/lib/systemd/systemd,cf5,10.00,135,135,135,0,135
1791185544.14,other:/lib/systemd/systemd,cf4,10.00,135,124,125,0,125
1791185545.14,other:/lib/systemd/systemd,cf1,10.40,160,133,135,0,135
1791185545.14,other:/lib/systemd/systemd,cf2,10.00,158,153,154,0,154
1791185545.14,other:/lib/systemd/systemd,cf3,10.00,159,156,158,0,158
1791185545.14,other:/lib/systemd/systemd,cf5,10.20,159,156,157,0,157
1791185545.14,other:/lib/systemd/systemd,cf4,10.00,159,155,155,0,155
1791185546.14,other:/lib/systemd/systemd,cf1,11.40,164,136,137,0,137
1791185546.14,other:/lib/systemd/systemd,cf2,10.00,172,169,169,0,169
1791185546.14,other:/lib/systemd/systemd,cf3,10.00,173,171,172,0,172
1791185546.14,other:/lib/systemd/systemd,cf5,10.00,166,164,166,0,166
1791185546.14,other:/lib/systemd/systemd,cf4,10.00,164,154,156,0,156
1791185547.14,other:/lib/systemd/systemd,cf1,10.40,167,134,135,0,135
1791185547.14,other:/lib/systemd/systemd,cf2,10.40,151,146,148,0,148
1791185547.14,other:/lib/systemd/systemd,cf3,10.20,151,149,150,0,150
1791185547.14,other:/lib/systemd/systemd,cf5,10.20,162,161,162,0,162
1791185547.14,other:/lib/systemd/systemd,cf4,10.40,166,158,158,1,158
1791185548.14,other:/lib/systemd/systemd,cf1,10.20,153,103,103,0,103
1791185548.14,other:/lib/systemd/systemd,cf2,10.00,155,142,143,0,143
1791185548.14,other:/lib/systemd/systemd,cf3,10.00,154,152,153,0,153
1791185548.14,other:/lib/systemd/systemd,cf5,10.00,156,155,156,0,156
1791185548.14,other:/lib/systemd/systemd,cf4,10.00,155,141,142,18446744073709551615,142
1791185549.14,other:/lib/systemd/systemd,cf1,10.00,158,129,131,0,131
1791185549.14,other:/lib/systemd/systemd,cf2,10.00,171,168,169,0,169
1791185549.14,other:/lib/systemd/systemd,cf3,10.00,171,170,171,0,171
1791185549.14,other:/lib/systemd/systemd,cf5,10.00,157,154,155,0,155
1791185549.14,other:/lib/systemd/systemd,cf4,10.00,157,140,142,0,142
1791185550.14,other:/lib/systemd/systemd,cf1,10.00,166,145,145,0,145
1791185550.14,other:/lib/systemd/systemd,cf2,10.00,163,159,160,0,160
1791185550.14,other:/lib/systemd/systemd,cf3,10.00,164,162,163,0,163
1791185550.14,other:/lib/systemd/systemd,cf5,9.80,167,166,167,0,167
1791185550.14,other:/lib/systemd/systemd,cf4,10.00,166,154,154,0,154
1791185551.14,other:/lib/systemd/systemd,cf1,10.00,165,124,126,0,126
1791185551.14,other:/lib/systemd/systemd,cf2,10.00,176,171,172,0,172
1791185551.14,other:/lib/systemd/systemd,cf3,10.00,175,174,175,0,175
1791185551.14,other:/lib/systemd/systemd,cf5,10.00,167,166,167,0,167
1791185551.14,other:/lib/systemd/systemd,cf4,10.00,166,158,160,0,160
1791185552.14,other:/lib/systemd/systemd,cf1,10.00,175,163,164,0,164
1791185552.14,other:/lib/systemd/systemd,cf2,10.00,179,174,175,0,175
1791185552.14,other:/lib/systemd/systemd,cf3,10.00,178,176,177,0,177
1791185552.14,other:/lib/systemd/systemd,cf5,10.00,173,173,173,0,173
1791185552.14,other:/lib/systemd/systemd,cf4,10.00,174,168,168,0,168
1791185553.14,other:/lib/systemd/systemd,cf1,10.00,182,166,167,0,167
1791185553.14,other:/lib/systemd/systemd,cf2,10.00,177,176,176,0,176
1791185553.14,other:/lib/systemd/systemd,cf3,10.00,177,176,177,0,177
1791185553.14,other:/lib/systemd/systemd,cf5,10.00,182,180,182,0,182
1791185553.14,other:/lib/systemd/systemd,cf4,10.00,183,172,174,0,174
1791185554.14,other:/lib/systemd/systemd,cf1,9.20,177,166,167,0,167
1791185554.14,other:/lib/systemd/systemd,cf2,9.40,98,53,54,0,54
1791185554.14,other:/lib/systemd/systemd,cf3,9.80,103,84,84,1,84
1791185554.14,other:/lib/systemd/systemd,cf5,10.00,174,173,174,0,174
1791185554.14,other:/lib/systemd/systemd,cf4,9.40,176,169,170,0,170
1791185555.14,other:/lib/systemd/systemd,cf1,7.80,81,21,21,1,21
1791185555.14,other:/lib/systemd/systemd,cf2,8.00,68,5,6,1,6
1791185555.14,other:/lib/systemd/systemd,cf3,9.40,68,19,20,0,20
1791185555.14,other:/lib/systemd/systemd,cf5,9.80,76,75,76,0,76
1791185555.14,other:/lib/systemd/systemd,cf4,8.60,77,19,19,1,19
1791185556.14,other:/lib/systemd/systemd,cf1,6.40,70,5,6,0,6
1791185556.14,other:/lib/systemd/systemd,cf2,7.60,72,11,12,0,12
1791185556.14,other:/lib/systemd/systemd,cf3,9.20,72,19,20,0,20
1791185556.14,other:/lib/systemd/systemd,cf5,10.00,70,69,70,0,70
1791185556.14,other:/lib/systemd/systemd,cf4,7.20,69,6,7,18446744073709551615,7
1791185557.14,other:/lib/systemd/systemd,cf1,5.80,71,4,5,0,5
1791185557.14,other:/lib/systemd/systemd,cf2,8.00,71,15,16,0,16
1791185557.14,other:/lib/systemd/systemd,cf3,10.00,70,20,22,18446744073709551615,22
1791185557.14,other:/lib/systemd/systemd,cf5,10.00,71,70,71,0,71
1791185557.14,other:/lib/systemd/systemd,cf4,7.20,71,4,5,1,5
1791185558.14,other:/lib/systemd/systemd,cf1,10.00,81,19,20,0,20
1791185558.14,other:/lib/systemd/systemd,cf2,10.00,158,147,149,18446744073709551615,149
1791185558.14,other:/lib/systemd/systemd,cf3,10.00,158,152,152,0,152
1791185558.14,other:/lib/systemd/systemd,cf5,10.20,87,86,87,0,87
1791185558.14,other:/lib/systemd/systemd,cf4,10.00,85,32,33,18446744073709551615,33
1791185559.14,other:/lib/systemd/systemd,cf1,10.80,165,147,149,18446744073709551615,149
1791185559.14,other:/lib/systemd/systemd,cf2,10.40,148,131,132,0,132
1791185559.14,other:/lib/systemd/systemd,cf3,10.20,145,131,133,0,133
1791185559.14,other:/lib/systemd/systemd,cf5,10.00,168,167,168,0,168
1791185559.14,other:/lib/systemd/systemd,cf4,10.60,166,149,151,0,151
1791185560.14,other:/lib/systemd/systemd,cf1,12.20,148,128,128,0,128
1791185560.14,other:/lib/systemd/systemd,cf2,11.80,178,170,171,0,171
1791185560.14,other:/lib/systemd/systemd,cf3,10.60,178,176,177,0,177
1791185560.14,other:/lib/systemd/systemd,cf5,10.00,148,145,146,0,146
1791185560.14,other:/lib/systemd/systemd,cf4,11.40,149,125,126,0,126
1791185561.14,other:/lib/systemd/systemd,cf1,13.60,177,166,168,0,168
1791185561.14,other:/lib/systemd/systemd,cf2,12.20,179,170,171,0,171
1791185561.14,other:/lib/systemd/systemd,cf3,10.80,177,173,174,0,174
1791185561.14,other:/lib/systemd/systemd,cf5,10.00,172,171,172,0,172
1791185561.14,other:/lib/systemd/systemd,cf4,12.80,175,166,167,0,167
1791185562.14,other:/lib/systemd/systemd,cf1,14.20,179,163,164,0,164
1791185562.14,other:/lib/systemd/systemd,cf2,11.80,162,156,157,0,157
1791185562.14,other:/lib/systemd/systemd,cf3,10.00,163,159,160,0,160
1791185562.14,other:/lib/systemd/systemd,cf5,10.00,187,186,187,0,187
1791185562.14,other:/lib/systemd/systemd,cf4,12.80,181,174,174,0,174
1791185563.14,other:/lib/systemd/systemd,cf1,10.00,157,128,128,0,128
1791185563.14,other:/lib/systemd/systemd,cf2,9.80,147,128,129,0,129
1791185563.14,other:/lib/systemd/systemd,cf3,10.00,149,145,146,0,146
1791185563.14,other:/lib/systemd/systemd,cf5,9.80,146,145,146,0,146
1791185563.14,other:/lib/systemd/systemd,cf4,10.00,152,133,134,0,134
1791185564.14,other:/lib/systemd/systemd,cf1,10.00,148,115,117,0,117
1791185564.14,other:/lib/systemd/systemd,cf2,10.00,124,104,104,1,104
1791185564.14,other:/lib/systemd/systemd,cf3,10.00,122,114,115,0,115
1791185564.14,other:/lib/systemd/systemd,cf5,10.00,150,149,150,0,150
1791185564.14,other:/lib/systemd/systemd,cf4,10.00,150,125,126,0,126
1791185565.14,other:/lib/systemd/systemd,cf1,9.20,126,80,81,0,81
1791185565.14,other:/lib/systemd/systemd,cf2,9.60,116,80,81,0,81
1791185565.14,other:/lib/systemd/systemd,cf3,9.80,121,107,108,0,108
1791185565.14,other:/lib/systemd/systemd,cf5,10.00,128,127,128,0,128
1791185565.14,other:/lib/systemd/systemd,cf4,9.40,126,93,94,0,94
1791185566.14,other:/lib/systemd/systemd,cf1,9.80,107,50,51,0,51
1791185566.14,other:/lib/systemd/systemd,cf2,9.80,123,115,117,18446744073709551615,117
1791185566.14,other:/lib/systemd/systemd,cf3,10.00,123,116,117,0,117
1791185566.14,other:/lib/systemd/systemd,cf5,9.80,107,99,100,0,100
1791185566.14,other:/lib/systemd/systemd,cf4,9.20,107,67,69,0,69
1791185567.14,other:/lib/systemd/systemd,cf1,9.80,121,45,45,0,45
1791185567.14,other:/lib/systemd/systemd,cf2,10.00,125,111,112,0,112
1791185567.14,other:/lib/systemd/systemd,cf3,10.00,125,111,112,0,112
1791185567.14,other:/lib/systemd/systemd,cf5,10.00,116,114,114,0,114
1791185567.14,other:/lib/systemd/systemd,cf4,10.00,119,63,63,1,63
1791185568.14,other:/lib/systemd/systemd,cf1,10.00,133,88,90,0,90
1791185568.14,other:/lib/systemd/systemd,cf2,10.00,152,147,148,0,148
1791185568.14,other:/lib/systemd/systemd,cf3,10.00,148,145,146,0,146
1791185568.14,other:/lib/systemd/systemd,cf5,10.00,140,136,138,0,138
1791185568.14,other:/lib/systemd/systemd,cf4,10.00,136,112,114,18446744073709551615,114
1791185569.14,other:/lib/systemd/systemd,cf1,10.00,155,112,113,0,113
1791185569.14,other:/lib/systemd/systemd,cf2,10.00,164,159,160,0,160
1791185569.14,other:/lib/systemd/systemd,cf3,10.00,165,162,163,0,163
1791185569.14,other:/lib/systemd/systemd,cf5,10.00,156,153,154,0,154
1791185569.14,other:/lib/systemd/systemd,cf4,10.00,156,149,150,0,150
1791185570.14,other:/lib/systemd/systemd,cf1,10.80,166,136,136,0,136
1791185570.14,other:/lib/systemd/systemd,cf2,10.40,157,147,148,0,148
1791185570.14,other:/lib/systemd/systemd,cf3,10.20,159,156,157,0,157
1791185570.14,other:/lib/systemd/systemd,cf5,10.20,167,164,165,0,165
1791185570.14,other:/lib/systemd/systemd,cf4,10.60,166,162,163,0,163
1791185571.14,other:/lib/systemd/systemd,cf1,10.20,155,105,106,1,106
1791185571.14,other:/lib/systemd/systemd,cf2,10.00,165,162,163,0,163
1791185571.14,other:/lib/systemd/systemd,cf3,10.00,163,160,161,0,161
1791185571.14,other:/lib/systemd/systemd,cf5,10.00,152,150,151,0,151
1791185571.14,other:/lib/systemd/systemd,cf4,10.80,153,137,138,0,138
1791185572.14,other:/lib/systemd/systemd,cf1,10.20,164,134,136,18446744073709551615,136
1791185572.14,other:/lib/systemd/systemd,cf2,10.00,177,172,173,0,173
1791185572.14,other:/lib/systemd/systemd,cf3,10.00,175,174,175,0,175
1791185572.14,other:/lib/systemd/systemd,cf5,10.00,166,164,165,0,165
1791185572.14,other:/lib/systemd/systemd,cf4,10.00,165,156,156,0,156
1791185573.14,other:/lib/systemd/systemd,cf1,10.00,179,161,161,0,161
1791185573.14,other:/lib/systemd/systemd,cf2,10.00,183,177,178,0,178
1791185573.14,other:/lib/systemd/systemd,cf3,10.00,182,178,179,0,179
1791185573.14,other:/lib/systemd/systemd,cf5,10.20,180,179,180,0,180
1791185573.14,other:/lib/systemd/systemd,cf4,10.00,181,172,174,0,174
1791185574.14,other:/lib/systemd/systemd,cf1,10.00,185,177,179,0,179
1791185574.14,other:/lib/systemd/systemd,cf2,10.00,176,173,174,0,174
1791185574.14,other:/lib/systemd/systemd,cf3,10.00,178,175,176,0,176
1791185574.14,other:/lib/systemd/systemd,cf5,10.20,181,179,180,0,180
1791185574.14,other:/lib/systemd/systemd,cf4,10.00,182,175,175,1,175
1791185575.14,other:/lib/systemd/systemd,cf1,10.00,175,155,155,0,155
1791185575.14,other:/lib/systemd/systemd,cf2,10.00,181,176,177,0,177
1791185575.14,other:/lib/systemd/systemd,cf3,10.00,181,179,180,0,180
1791185575.14,other:/lib/systemd/systemd,cf5,9.80,180,179,180,0,180
1791185575.14,other:/lib/systemd/systemd,cf4,10.00,178,167,169,18446744073709551615,169
1791185576.14,other:/lib/systemd/systemd,cf1,10.00,180,169,171,0,171
1791185576.14,other:/lib/systemd/systemd,cf2,10.00,181,179,180,0,180
1791185576.14,other:/lib/systemd/systemd,cf3,10.00,180,175,176,0,176
1791185576.14,other:/lib/systemd/systemd,cf5,10.20,178,178,178,0,178
1791185576.14,other:/lib/systemd/systemd,cf4,10.00,178,170,171,0,171
1791185577.14,other:/lib/systemd/systemd,cf1,10.00,185,179,180,0,180
1791185577.14,other:/lib/systemd/systemd,cf2,10.00,192,191,192,0,192
1791185577.14,other:/lib/systemd/systemd,cf3,10.00,192,190,191,0,191
1791185577.14,other:/lib/systemd/systemd,cf5,10.20,186,184,185,0,185
1791185577.14,other:/lib/systemd/systemd,cf4,10.00,187,181,182,0,182
1791185578.14,other:/lib/systemd/systemd,cf1,10.00,188,180,181,0,181
1791185578.14,other:/lib/systemd/systemd,cf2,10.00,175,169,170,0,170
1791185578.14,other:/lib/systemd/systemd,cf3,10.00,175,173,173,1,173
1791185578.14,other:/lib/systemd/systemd,cf5,10.00,188,185,187,0,187
1791185578.14,other:/lib/systemd/systemd,cf4,10.00,188,178,179,0,179
1791185579.14,other:/lib/systemd/systemd,cf1,10.00,176,161,162,0,162
1791185579.14,other:/lib/systemd/systemd,cf2,10.00,187,186,187,0,187
1791185579.14,other:/lib/systemd/systemd,cf3,10.00,188,185,187,18446744073709551615,187
1791185579.14,other:/lib/systemd/systemd,cf5,10.00,178,175,176,0,176
1791185579.14,other:/lib/systemd/systemd,cf4,10.00,177,155,156,0,156
1791185580.14,other:/lib/systemd/systemd,cf1,10.00,189,182,183,0,183
1791185580.14,other:/lib/systemd/systemd,cf2,10.00,178,175,176,0,176
1791185580.14,other:/lib/systemd/systemd,cf3,10.00,178,173,174,0,174
1791185580.14,other:/lib/systemd/systemd,cf5,10.00,187,184,185,0,185
1791185580.14,other:/lib/systemd/systemd,cf4,10.00,187,183,184,0,184
1791185581.14,other:/lib/systemd/systemd,cf1,10.00,177,166,167,0,167
1791185581.14,other:/lib/systemd/systemd,cf2,10.00,175,171,172,0,172
1791185581.14,other:/lib/systemd/systemd,cf3,10.00,173,172,173,0,173
1791185581.14,other:/lib/systemd/systemd,cf5,10.00,174,172,173,0,173
1791185581.14,other:/lib/systemd/systemd,cf4,10.00,176,166,167,0,167
1791185582.14,other:/lib/systemd/systemd,cf1,10.00,176,164,164,0,164
1791185582.14,other:/lib/systemd/systemd,cf2,10.00,185,180,181,0,181
1791185582.14,other:/lib/systemd/systemd,cf3,10.00,186,183,184,0,184
1791185582.14,other:/lib/systemd/systemd,cf5,10.00,179,176,177,0,177
1791185582.14,other:/lib/systemd/systemd,cf4,10.00,178,169,169,0,169
1791185583.14,other:/lib/systemd/systemd,cf1,10.00,185,173,175,0,175
1791185583.14,other:/lib/systemd/systemd,cf2,10.00,182,180,180,1,180
1791185583.14,other:/lib/systemd/systemd,cf3,10.00,183,182,182,0,182
1791185583.14,other:/lib/systemd/systemd,cf5,10.00,186,184,185,0,185
1791185583.14,other:/lib/systemd/systemd,cf4,10.00,185,177,179,0,179
1791185584.14,other:/lib/systemd/systemd,cf1,10.00,179,168,169,0,169
1791185584.14,other:/lib/systemd/systemd,cf2,10.00,178,171,173,18446744073709551615,173
1791185584.14,other:/lib/systemd/systemd,cf3,10.00,176,173,175,0,175
1791185584.14,other:/lib/systemd/systemd,cf5,10.00,178,174,175,0,175
1791185584.14,other:/lib/systemd/systemd,cf4,10.00,178,167,168,0,168
1791185585.14,other:/lib/systemd/systemd,cf1,10.00,179,169,170,0,170
1791185585.14,other:/lib/systemd/systemd,cf2,10.00,189,186,187,0,187
1791185585.14,other:/lib/systemd/systemd,cf3,10.00,190,188,189,0,189
1791185585.14,other:/lib/systemd/systemd,cf5,10.20,179,177,177,0,177
1791185585.14,other:/lib/systemd/systemd,cf4,10.00,180,174,175,0,175
1791185586.14,other:/lib/systemd/systemd,cf1,10.00,190,184,185,0,185
1791185586.14,other:/lib/systemd/systemd,cf2,10.00,178,175,175,0,175
1791185586.14,other:/lib/systemd/systemd,cf3,10.00,179,177,178,0,178
1791185586.14,other:/lib/systemd/systemd,cf5,10.00,187,184,185,0,185
1791185586.14,other:/lib/systemd/systemd,cf4,10.00,189,184,185,0,185
1791185587.14,other:/lib/systemd/systemd,cf1,9.80,175,159,160,0,160
1791185587.14,other:/lib/systemd/systemd,cf2,10.00,179,175,177,0,177
1791185587.14,other:/lib/systemd/systemd,cf3,10.00,179,177,178,0,178
1791185587.14,other:/lib/systemd/systemd,cf5,10.00,179,176,178,0,178
1791185587.14,other:/lib/systemd/systemd,cf4,10.00,176,170,170,0,170
1791185588.14,other:/lib/systemd/systemd,cf1,9.80,182,175,175,1,175
1791185588.14,other:/lib/systemd/systemd,cf2,10.00,180,180,180,0,180
1791185588.14,other:/lib/systemd/systemd,cf3,10.00,180,179,180,0,180
1791185588.14,other:/lib/systemd/systemd,cf5,10.00,181,177,178,0,178
1791185588.14,other:/lib/systemd/systemd,cf4,10.00,180,173,175,0,175
1791185589.14,other:/lib/systemd/systemd,cf1,10.00,181,171,172,18446744073709551615,172
1791185589.14,other:/lib/systemd/systemd,cf2,10.00,183,176,178,0,178
1791185589.14,other:/lib/systemd/systemd,cf3,10.00,186,185,186,0,186
1791185589.14,other:/lib/systemd/systemd,cf5,10.00,181,179,180,0,180
1791185589.14,other:/lib/systemd/systemd,cf4,10.00,182,173,174,0,174
1791185590.14,other:/lib/systemd/systemd,cf1,9.80,184,176,178,0,178
1791185590.14,other:/lib/systemd/systemd,cf2,10.00,180,176,176,0,176
1791185590.14,other:/lib/systemd/systemd,cf3,10.00,177,175,176,0,176
1791185590.14,other:/lib/systemd/systemd,cf5,10.00,184,181,182,0,182
1791185590.14,other:/lib/systemd/systemd,cf4,10.00,184,179,180,0,180
1791185591.14,other:/lib/systemd/systemd,cf1,9.80,177,161,161,0,161
1791185591.14,other:/lib/systemd/systemd,cf2,10.00,183,179,181,0,181
1791185591.14,other:/lib/systemd/systemd,cf3,10.00,183,182,183,0,183
1791185591.14,other:/lib/systemd/systemd,cf5,10.00,175,175,175,0,175
1791185591.14,other:/lib/systemd/systemd,cf4,10.00,176,168,169,0,169
1791185592.14,other:/lib/systemd/systemd,cf1,10.00,184,170,171,0,171
1791185592.14,other:/lib/systemd/systemd,cf2,10.00,180,175,176,0,176
1791185592.14,other:/lib/systemd/systemd,cf3,10.00,179,176,177,0,177
1791185592.14,other:/lib/systemd/systemd,cf5,10.00,186,183,185,0,185
1791185592.14,other:/lib/systemd/systemd,cf4,10.00,186,181,182,0,182
1791185593.14,other:/lib/systemd/systemd,cf1,10.00,180,168,170,0,170
1791185593.14,other:/lib/systemd/systemd,cf2,10.00,188,186,187,0,187
1791185593.14,other:/lib/systemd/systemd,cf3,10.00,188,187,187,0,187
1791185593.14,other:/lib/systemd/systemd,cf5,10.00,179,177,178,0,178
1791185593.14,other:/lib/systemd/systemd,cf4,10.20,178,173,173,0,173
1791185594.14,other:/lib/systemd/systemd,cf1,9.80,187,178,179,0,179
1791185594.14,other:/lib/systemd/systemd,cf2,10.00,177,173,174,0,174
1791185594.14,other:/lib/systemd/systemd,cf3,10.00,179,176,178,0,178
1791185594.14,other:/lib/systemd/systemd,cf5,10.00,188,187,188,0,188
1791185594.14,other:/lib/systemd/systemd,cf4,10.00,189,179,181,0,181
1791185595.14,other:/lib/systemd/systemd,cf1,9.80,175,153,153,0,153
1791185595.14,other:/lib/systemd/systemd,cf2,10.00,179,177,178,0,178
1791185595.14,other:/lib/systemd/systemd,cf3,10.00,177,176,177,0,177
1791185595.14,other:/lib/systemd/systemd,cf5,10.00,176,172,173,0,173
1791185595.14,other:/lib/systemd/systemd,cf4,10.00,175,168,169,0,169
1791185596.14,other:/lib/systemd/systemd,cf1,10.00,179,169,171,0,171
1791185596.14,other:/lib/systemd/systemd,cf2,10.00,174,168,169,0,169
1791185596.14,other:/lib/systemd/systemd,cf3,10.00,174,172,173,0,173
1791185596.14,other:/lib/systemd/systemd,cf5,10.00,175,170,171,0,171
1791185596.14,other:/lib/systemd/systemd,cf4,10.00,176,167,168,0,168
1791185597.14,other:/lib/systemd/systemd,cf1,10.00,177,162,163,0,163
1791185597.14,other:/lib/systemd/systemd,cf2,10.00,180,179,180,0,180
1791185597.14,other:/lib/systemd/systemd,cf3,10.00,182,180,181,0,181
1791185597.14,other:/lib/systemd/systemd,cf5,10.00,181,179,180,0,180
1791185597.14,other:/lib/systemd/systemd,cf4,10.20,179,175,175,0,175
1791185598.14,other:/lib/systemd/systemd,cf1,10.00,179,161,162,0,162
1791185598.14,other:/lib/systemd/systemd,cf2,10.00,178,173,174,0,174
1791185598.14,other:/lib/systemd/systemd,cf3,10.00,177,175,176,0,176
1791185598.14,other:/lib/systemd/systemd,cf5,10.00,176,175,176,0,176
1791185598.14,other:/lib/systemd/systemd,cf4,10.00,179,176,178,0,178
1791185599.14,other:/lib/systemd/systemd,cf1,10.00,178,164,165,0,165
1791185599.14,other:/lib/systemd/systemd,cf2,10.00,178,174,175,0,175
1791185599.14,other:/lib/systemd/systemd,cf3,10.00,176,174,175,0,175
1791185599.14,other:/lib/systemd/systemd,cf5,10.00,179,176,177,0,177
1791185599.14,other:/lib/systemd/systemd,cf4,10.00,179,175,176,0,176
1791185600.14,other:/lib/systemd/systemd,cf1,10.00,178,162,163,0,163
1791185600.14,other:/lib/systemd/systemd,cf2,10.00,182,178,179,0,179
1791185600.14,other:/lib/systemd/systemd,cf3,10.00,184,182,183,0,183
1791185600.14,other:/lib/systemd/systemd,cf5,10.00,180,177,178,0,178
1791185600.14,other:/lib/systemd/systemd,cf4,10.00,179,174,175,0,175
1791185601.14,other:/lib/systemd/systemd,cf1,10.00,183,169,170,0,170
1791185601.14,other:/lib/systemd/systemd,cf2,10.00,147,128,129,0,129
1791185601.14,other:/lib/systemd/systemd,cf3,10.00,147,142,143,0,143
1791185601.14,other:/lib/systemd/systemd,cf5,9.80,180,178,179,0,179
1791185601.14,other:/lib/systemd/systemd,cf4,10.00,180,173,174,0,174
1791185602.14,other:/lib/systemd/systemd,cf1,10.00,141,113,114,0,114
1791185602.14,other:/lib/systemd/systemd,cf2,10.00,167,161,162,0,162
1791185602.14,other:/lib/systemd/systemd,cf3,10.00,167,164,165,0,165
1791185602.14,other:/lib/systemd/systemd,cf5,10.00,143,141,142,0,142
1791185602.14,other:/lib/systemd/systemd,cf4,9.80,142,114,114,0,114
1791185603.14,other:/lib/systemd/systemd,cf1,10.00,174,157,158,0,158
1791185603.14,other:/lib/systemd/systemd,cf2,10.00,183,179,180,0,180
1791185603.14,other:/lib/systemd/systemd,cf3,10.00,182,180,181,0,181
1791185603.14,other:/lib/systemd/systemd,cf5,10.00,174,172,173,0,173
1791185603.14,other:/lib/systemd/systemd,cf4,9.80,174,162,163,0,163
1791185604.14,other:/lib/systemd/systemd,cf1,10.00,178,168,169,0,169
1791185604.14,other:/lib/systemd/systemd,cf2,10.00,182,180,181,0,181
1791185604.14,other:/lib/systemd/systemd,cf3,10.00,183,180,181,0,181
1791185604.14,other:/lib/systemd/systemd,cf5,10.00,177,176,176,0,176
1791185604.14,other:/lib/systemd/systemd,cf4,10.00,179,172,174,0,174
1791185605.14,other:/lib/systemd/systemd,cf1,10.00,185,175,176,0,176
1791185605.14,other:/lib/systemd/systemd,cf2,10.00,181,177,178,0,178
1791185605.14,other:/lib/systemd/systemd,cf3,10.00,181,179,179,0,179
1791185605.14,other:/lib/systemd/systemd,cf5,10.00,187,184,186,0,186
1791185605.14,other:/lib/systemd/systemd,cf4,10.20,184,180,181,0,181
1791185606.14,other:/lib/systemd/systemd,cf1,10.00,180,173,173,0,173
1791185606.14,other:/lib/systemd/systemd,cf2,10.00,157,147,148,0,148
1791185606.14,other:/lib/systemd/systemd,cf3,10.00,159,147,149,0,149
1791185606.14,other:/lib/systemd/systemd,cf5,10.20,176,174,174,0,174
1791185606.14,other:/lib/systemd/systemd,cf4,10.20,179,173,173,1,173
1791185607.14,other:/lib/systemd/systemd,cf1,10.00,160,137,139,0,139
1791185607.14,other:/lib/systemd/systemd,cf2,10.00,176,175,176,0,176
1791185607.14,other:/lib/systemd/systemd,cf3,10.00,176,171,172,0,172
1791185607.14,other:/lib/systemd/systemd,cf5,10.00,162,157,159,0,159
1791185607.14,other:/lib/systemd/systemd,cf4,9.60,161,144,145,18446744073709551615,145
1791185608.14,other:/lib/systemd/systemd,cf1,9.80,165,158,159,0,159
1791185608.14,other:/lib/systemd/systemd,cf2,9.80,123,116,116,1,116
1791185608.14,other:/lib/systemd/systemd,cf3,9.80,126,122,122,1,122
1791185608.14,other:/lib/systemd/systemd,cf5,9.60,162,158,159,0,159
1791185608.14,other:/lib/systemd/systemd,cf4,9.60,164,118,119,1,119
1791185609.14,other:/lib/systemd/systemd,cf1,10.00,116,103,103,1,103
1791185609.14,other:/lib/systemd/systemd,cf2,10.00,94,75,77,18446744073709551615,77
1791185609.14,other:/lib/systemd/systemd,cf3,10.00,92,67,69,18446744073709551615,69
1791185609.14,other:/lib/systemd/systemd,cf5,10.00,110,95,95,1,95
1791185609.14,other:/lib/systemd/systemd,cf4,7.60,112,17,18,0,18
1791185610.14,other:/lib/systemd/systemd,cf1,10.00,101,76,78,18446744073709551615,78
1791185610.14,other:/lib/systemd/systemd,cf2,10.00,116,108,109,0,109
1791185610.14,other:/lib/systemd/systemd,cf3,10.00,113,108,109,0,109
1791185610.14,other:/lib/systemd/systemd,cf5,10.00,105,95,97,18446744073709551615,97
1791185610.14,other:/lib/systemd/systemd,cf4,9.00,103,0,0,1,0
1791185611.14,other:/lib/systemd/systemd,cf1,10.00,122,108,109,0,109
1791185611.14,other:/lib/systemd/systemd,cf2,10.00,157,157,157,0,157
1791185611.14,other:/lib/systemd/systemd,cf3,10.00,159,157,158,0,158
1791185611.14,other:/lib/systemd/systemd,cf5,10.00,125,114,115,0,115
1791185611.14,other:/lib/systemd/systemd,cf4,9.80,123,45,47,18446744073709551614,47
1791185612.14,other:/lib/systemd/systemd,cf1,10.00,159,149,150,0,150
1791185612.14,other:/lib/systemd/systemd,cf2,10.00,155,152,154,0,154
1791185612.14,other:/lib/systemd/systemd,cf3,10.00,153,150,151,0,151
1791185612.14,other:/lib/systemd/systemd,cf5,10.00,161,156,157,0,157
1791185612.14,other:/lib/systemd/systemd,cf4,10.20,162,122,124,0,124
1791185613.14,other:/lib/systemd/systemd,cf1,10.20,153,149,149,0,149
1791185613.14,other:/lib/systemd/systemd,cf2,10.20,144,141,141,0,141
1791185613.14,other:/lib/systemd/systemd,cf3,10.20,146,142,143,0,143
1791185613.14,other:/lib/systemd/systemd,cf5,10.40,149,147,147,0,147
1791185613.14,other:/lib/systemd/systemd,cf4,10.40,150,92,92,0,92
1791185614.14,other:/lib/systemd/systemd,cf1,10.00,142,132,134,0,134
1791185614.14,other:/lib/systemd/systemd,cf2,10.00,119,116,118,0,118
1791185614.14,other:/lib/systemd/systemd,cf3,10.00,119,118,118,0,118
1791185614.14,other:/lib/systemd/systemd,cf5,10.00,142,136,138,0,138
1791185614.14,other:/lib/systemd/systemd,cf4,11.00,141,75,76,1,76
1791185615.14,other:/lib/systemd/systemd,cf1,10.00,115,103,103,0,103
1791185615.14,other:/lib/systemd/systemd,cf2,10.00,119,113,114,0,114
1791185615.14,other:/lib/systemd/systemd,cf3,10.00,118,114,116,0,116
1791185615.14,other:/lib/systemd/systemd,cf5,10.00,115,110,111,0,111
1791185615.14,other:/lib/systemd/systemd,cf4,8.20,116,6,7,18446744073709551615,7
1791185616.14,other:/lib/systemd/systemd,cf1,10.00,119,109,111,0,111
1791185616.14,other:/lib/systemd/systemd,cf2,10.00,150,148,149,0,149
1791185616.14,other:/lib/systemd/systemd,cf3,10.00,147,143,144,0,144
1791185616.14,other:/lib/systemd/systemd,cf5,10.00,118,112,113,0,113
1791185616.14,other:/lib/systemd/systemd,cf4,10.00,119,6,7,0,7
1791185617.14,other:/lib/systemd/systemd,cf1,10.00,164,144,144,0,144
1791185617.14,other:/lib/systemd/systemd,cf2,10.00,193,191,192,0,192
1791185617.14,other:/lib/systemd/systemd,cf3,10.00,194,189,190,0,190
1791185617.14,other:/lib/systemd/systemd,cf5,10.00,173,170,171,0,171
1791185617.14,other:/lib/systemd/systemd,cf4,10.00,169,143,145,0,145
1791185618.14,other:/lib/systemd/systemd,cf1,10.00,189,183,185,0,185
1791185618.14,other:/lib/systemd/systemd,cf2,10.00,176,175,176,0,176
1791185618.14,other:/lib/systemd/systemd,cf3,10.00,177,171,172,0,172
1791185618.14,other:/lib/systemd/systemd,cf5,10.00,185,183,184,0,184
1791185618.14,other:/lib/systemd/systemd,cf4,10.20,185,177,178,0,178
1791185619.14,other:/lib/systemd/systemd,cf1,10.00,173,166,166,0,166
1791185619.14,other:/lib/systemd/systemd,cf2,10.00,180,177,178,0,178
1791185619.14,other:/lib/systemd/systemd,cf3,10.00,180,176,177,0,177
1791185619.14,other:/lib/systemd/systemd,cf5,10.00,172,170,171,0,171
1791185619.14,other:/lib/systemd/systemd,cf4,11.40,173,154,154,0,154
1791185620.14,other:/lib/systemd/systemd,cf1,10.00,182,178,180,0,180
1791185620.14,other:/lib/systemd/systemd,cf2,10.00,160,154,155,0,155
1791185620.14,other:/lib/systemd/systemd,cf3,10.00,160,157,158,0,158
1791185620.14,other:/lib/systemd/systemd,cf5,10.00,184,183,184,0,184
1791185620.14,other:/lib/systemd/systemd,cf4,12.60,184,163,165,0,165
1791185621.14,other:/lib/systemd/systemd,cf1,10.00,156,148,149,0,149
1791185621.14,other:/lib/systemd/systemd,cf2,10.00,165,159,160,0,160
1791185621.14,other:/lib/systemd/systemd,cf3,10.00,165,164,164,0,164
1791185621.14,other:/lib/systemd/systemd,cf5,10.00,149,147,148,0,148
1791185621.14,other:/lib/systemd/systemd,cf4,10.00,152,110,110,1,110
1791185622.14,other:/lib/systemd/systemd,cf1,10.00,168,159,159,1,159
1791185622.14,other:/lib/systemd/systemd,cf2,10.00,176,174,175,0,175
1791185622.14,other:/lib/systemd/systemd,cf3,10.00,178,173,175,0,175
1791185622.14,other:/lib/systemd/systemd,cf5,10.00,175,174,175,0,175
1791185622.14,other:/lib/systemd/systemd,cf4,10.20,170,146,147,18446744073709551615,147
1791185623.14,other:/lib/systemd/systemd,cf1,10.00,176,152,153,0,153
1791185623.14,other:/lib/systemd/systemd,cf2,10.00,159,154,155,0,155
1791185623.14,other:/lib/systemd/systemd,cf3,10.00,157,155,156,0,156
1791185623.14,other:/lib/systemd/systemd,cf5,10.00,172,164,165,0,165
1791185623.14,other:/lib/systemd/systemd,cf4,9.80,174,155,157,0,157
1791185624.14,other:/lib/systemd/systemd,cf1,10.00,159,135,136,18446744073709551615,136
1791185624.14,other:/lib/systemd/systemd,cf2,10.00,171,169,170,0,170
1791185624.14,other:/lib/systemd/systemd,cf3,10.00,170,167,168,0,168
1791185624.14,other:/lib/systemd/systemd,cf5,10.00,162,156,156,0,156
1791185624.14,other:/lib/systemd/systemd,cf4,10.00,162,152,153,0,153
1791185625.14,other:/lib/systemd/systemd,cf1,10.00,168,152,154,0,154
1791185625.14,other:/lib/systemd/systemd,cf2,10.00,176,172,173,0,173
1791185625.14,other:/lib/systemd/systemd,cf3,10.00,176,174,175,0,175
1791185625.14,other:/lib/systemd/systemd,cf5,10.00,170,154,156,0,156
1791185625.14,other:/lib/systemd/systemd,cf4,10.00,170,160,161,0,161
1791185626.14,other:/lib/systemd/systemd,cf1,10.00,181,172,173,0,173
1791185626.14,other:/lib/systemd/systemd,cf2,10.00,176,172,173,0,173
1791185626.14,other:/lib/systemd/systemd,cf3,10.00,178,175,176,0,176
1791185626.14,other:/lib/systemd/systemd,cf5,10.00,181,174,175,0,175
1791185626.14,other:/lib/systemd/systemd,cf4,10.20,179,165,166,0,166
1791185627.14,other:/lib/systemd/systemd,cf1,9.60,175,166,167,0,167
1791185627.14,other:/lib/systemd/systemd,cf2,9.80,157,147,147,1,147
1791185627.14,other:/lib/systemd/systemd,cf3,10.00,160,156,156,1,156
1791185627.14,other:/lib/systemd/systemd,cf5,9.60,172,169,170,0,170
1791185627.14,other:/lib/systemd/systemd,cf4,9.60,173,153,154,0,154
1791185628.14,other:/lib/systemd/systemd,cf1,8.20,140,119,119,1,119
1791185628.14,other:/lib/systemd/systemd,cf2,8.60,65,7,8,0,8
1791185628.14,other:/lib/systemd/systemd,cf3,9.40,66,40,41,0,41
1791185628.14,other:/lib/systemd/systemd,cf5,9.00,132,109,109,1,109
1791185628.14,other:/lib/systemd/systemd,cf4,8.60,137,109,110,0,110
1791185629.14,other:/lib/systemd/systemd,cf1,6.80,64,5,6,0,6
1791185629.14,other:/lib/systemd/systemd,cf2,7.60,60,7,8,0,8
1791185629.14,other:/lib/systemd/systemd,cf3,9.60,60,18,19,0,19
1791185629.14,other:/lib/systemd/systemd,cf5,7.40,64,13,14,18446744073709551615,14
1791185629.14,other:/lib/systemd/systemd,cf4,7.20,64,8,8,0,8
1791185630.14,other:/lib/systemd/systemd,cf1,5.40,61,7,8,0,8
1791185630.14,other:/lib/systemd/systemd,cf2,9.00,65,26,28,18446744073709551615,28
1791185630.14,other:/lib/systemd/systemd,cf3,10.00,64,33,35,18446744073709551615,35
1791185630.14,other:/lib/systemd/systemd,cf5,6.20,61,1,2,1,2
1791185630.14,other:/lib/systemd/systemd,cf4,6.20,61,4,5,1,5
1791185631.14,other:/lib/systemd/systemd,cf1,3.40,66,0,1,0,1
1791185631.14,other:/lib/systemd/systemd,cf2,9.80,75,72,73,0,73
1791185631.14,other:/lib/systemd/systemd,cf3,10.00,75,73,74,0,74
1791185631.14,other:/lib/systemd/systemd,cf5,5.40,67,6,7,0,7
1791185631.14,other:/lib/systemd/systemd,cf4,4.60,67,5,6,0,6
1791185632.14,other:/lib/systemd/systemd,cf1,1.80,76,0,1,0,1
1791185632.14,other:/lib/systemd/systemd,cf2,10.00,77,74,75,0,75
1791185632.14,other:/lib/systemd/systemd,cf3,10.00,77,75,76,0,76
1791185632.14,other:/lib/systemd/systemd,cf5,4.20,76,9,10,18446744073709551615,10
1791185632.14,other:/lib/systemd/systemd,cf4,3.80,76,7,8,0,8
1791185633.14,other:/lib/systemd/systemd,cf1,1.20,78,0,0,1,0
1791185633.14,other:/lib/systemd/systemd,cf2,11.20,74,68,69,0,69
1791185633.14,other:/lib/systemd/systemd,cf3,10.60,74,73,74,0,74
1791185633.14,other:/lib/systemd/systemd,cf5,3.80,78,5,6,1,6
1791185633.14,other:/lib/systemd/systemd,cf4,3.60,78,4,5,0,5
1791185634.14,other:/lib/systemd/systemd,cf1,0.60,73,0,0,1,0
1791185634.14,other:/lib/systemd/systemd,cf2,12.20,72,67,68,0,68
1791185634.14,other:/lib/systemd/systemd,cf3,10.40,73,72,73,0,73
1791185634.14,other:/lib/systemd/systemd,cf5,3.80,73,5,6,0,6
1791185634.14,other:/lib/systemd/systemd,cf4,3.80,72,3,4,18446744073709551615,4
1791185635.14,other:/lib/systemd/systemd,cf1,0.20,71,0,0,1,0
1791185635.14,other:/lib/systemd/systemd,cf2,11.00,84,81,82,0,82
1791185635.14,other:/lib/systemd/systemd,cf3,10.00,82,79,80,0,80
1791185635.14,other:/lib/systemd/systemd,cf5,7.80,71,3,4,18446744073709551615,4
1791185635.14,other:/lib/systemd/systemd,cf4,9.00,72,7,8,1,8
1791185636.14,other:/lib/systemd/systemd,cf1,0.60,88,0,3,18446744073709551613,3
1791185636.14,other:/lib/systemd/systemd,cf2,10.00,107,106,107,0,107
1791185636.14,other:/lib/systemd/systemd,cf3,10.00,107,106,107,0,107
1791185636.14,other:/lib/systemd/systemd,cf5,11.20,90,46,47,0,47
1791185636.14,other:/lib/systemd/systemd,cf4,15.20,89,62,64,18446744073709551615,64
1791185637.14,other:/lib/systemd/systemd,cf1,0.60,109,55,57,18446744073709551615,57
1791185637.14,other:/lib/systemd/systemd,cf2,10.00,103,101,102,0,102
1791185637.14,other:/lib/systemd/systemd,cf3,10.00,103,98,99,0,99
1791185637.14,other:/lib/systemd/systemd,cf5,12.60,111,33,34,1,34
1791185637.14,other:/lib/systemd/systemd,cf4,16.60,111,107,108,0,108
1791185638.14,other:/lib/systemd/systemd,cf1,0.60,101,22,23,0,23
1791185638.14,other:/lib/systemd/systemd,cf2,10.20,108,107,107,0,107
1791185638.14,other:/lib/systemd/systemd,cf3,10.00,107,104,105,0,105
1791185638.14,other:/lib/systemd/systemd,cf5,17.20,100,24,25,0,25
1791185638.14,other:/lib/systemd/systemd,cf4,17.80,100,98,99,0,99
1791185639.14,other:/lib/systemd/systemd,cf1,0.60,116,54,55,0,55
1791185639.14,other:/lib/systemd/systemd,cf2,10.20,145,140,142,0,142
1791185639.14,other:/lib/systemd/systemd,cf3,10.00,144,144,144,0,144
1791185639.14,other:/lib/systemd/systemd,cf5,18.60,121,74,76,18446744073709551615,76
1791185639.14,other:/lib/systemd/systemd,cf4,19.20,119,112,113,0,113
1791185640.14,other:/lib/systemd/systemd,cf1,0.40,141,119,120,1,120
1791185640.14,other:/lib/systemd/systemd,cf2,10.00,97,92,93,0,93
1791185640.14,other:/lib/systemd/systemd,cf3,10.00,98,91,93,0,93
1791185640.14,other:/lib/systemd/systemd,cf5,15.80,135,81,81,0,81
1791185640.14,other:/lib/systemd/systemd,cf4,15.00,137,134,135,0,135
1791185641.14,other:/lib/systemd/systemd,cf1,0.00,95,25,27,18446744073709551615,27
1791185641.14,other:/lib/systemd/systemd,cf2,10.20,101,95,96,0,96
1791185641.14,other:/lib/systemd/systemd,cf3,10.00,102,100,101,0,101
1791185641.14,other:/lib/systemd/systemd,cf5,13.20,98,46,48,0,48
1791185641.14,other:/lib/systemd/systemd,cf4,10.20,96,58,59,0,59
1791185642.14,other:/lib/systemd/systemd,cf1,0.00,100,21,21,1,21
1791185642.14,other:/lib/systemd/systemd,cf2,10.00,115,114,115,0,115
1791185642.14,other:/lib/systemd/systemd,cf3,10.00,113,111,111,0,111
1791185642.14,other:/lib/systemd/systemd,cf5,13.40,98,59,60,0,60
1791185642.14,other:/lib/systemd/systemd,cf4,9.80,100,82,83,0,83
1791185643.14,other:/lib/systemd/systemd,cf1,0.00,115,39,41,18446744073709551615,41
1791185643.14,other:/lib/systemd/systemd,cf2,10.00,140,137,138,0,138
1791185643.14,other:/lib/systemd/systemd,cf3,10.00,139,134,136,0,136
1791185643.14,other:/lib/systemd/systemd,cf5,10.00,115,60,60,1,60
1791185643.14,other:/lib/systemd/systemd,cf4,10.20,114,111,112,0,112
1791185644.14,other:/lib/systemd/systemd,cf1,0.00,150,134,135,0,135
1791185644.14,other:/lib/systemd/systemd,cf2,9.80,159,154,154,0,154
1791185644.14,other:/lib/systemd/systemd,cf3,10.00,161,156,157,0,157
1791185644.14,other:/lib/systemd/systemd,cf5,10.20,154,124,126,18446744073709551615,126
1791185644.14,other:/lib/systemd/systemd,cf4,9.80,152,131,132,0,132
1791185645.14,other:/lib/systemd/systemd,cf1,0.00,149,102,102,1,102
1791185645.14,other:/lib/systemd/systemd,cf2,10.00,162,159,160,0,160
1791185645.14,other:/lib/systemd/systemd,cf3,10.00,159,156,157,0,157
1791185645.14,other:/lib/systemd/systemd,cf5,10.20,146,144,145,0,145
1791185645.14,other:/lib/systemd/systemd,cf4,10.00,148,140,141,0,141
1791185646.14,other:/lib/systemd/systemd,cf1,0.00,174,140,142,18446744073709551615,142
1791185646.14,other:/lib/systemd/systemd,cf2,10.00,176,173,175,0,175
1791185646.14,other:/lib/systemd/systemd,cf3,10.00,175,173,174,0,174
1791185646.14,other:/lib/systemd/systemd,cf5,10.20,177,175,176,0,176
1791185646.14,other:/lib/systemd/systemd,cf4,10.00,176,170,171,0,171
1791185647.14,other:/lib/systemd/systemd,cf1,0.00,176,155,155,1,155
1791185647.14,other:/lib/systemd/systemd,cf2,10.00,179,176,177,0,177
1791185647.14,other:/lib/systemd/systemd,cf3,10.00,182,178,179,0,179
1791185647.14,other:/lib/systemd/systemd,cf5,10.20,179,173,174,0,174
1791185647.14,other:/lib/systemd/systemd,cf4,10.20,177,165,166,0,166
1791185648.14,other:/lib/systemd/systemd,cf1,0.00,182,168,170,18446744073709551615,170
1791185648.14,other:/lib/systemd/systemd,cf2,9.80,173,168,169,0,169
1791185648.14,other:/lib/systemd/systemd,cf3,10.00,172,168,169,0,169
1791185648.14,other:/lib/systemd/systemd,cf5,10.00,181,176,176,0,176
1791185648.14,other:/lib/systemd/systemd,cf4,10.00,182,177,178,0,178
1791185649.14,other:/lib/systemd/systemd,cf1,0.00,168,146,147,0,147
1791185649.14,other:/lib/systemd/systemd,cf2,10.00,180,179,180,0,180
1791185649.14,other:/lib/systemd/systemd,cf3,10.00,181,177,178,0,178
1791185649.14,other:/lib/systemd/systemd,cf5,10.00,169,166,168,0,168
1791185649.14,other:/lib/systemd/systemd,cf4,10.20,169,162,162,0,162
1791185650.14,other:/lib/systemd/systemd,cf1,0.00,182,165,166,0,166
1791185650.14,other:/lib/systemd/systemd,cf2,9.80,160,147,148,0,148
1791185650.14,other:/lib/systemd/systemd,cf3,10.00,160,159,160,0,160
1791185650.14,other:/lib/systemd/systemd,cf5,10.00,181,180,181,0,181
1791185650.14,other:/lib/systemd/systemd,cf4,10.00,182,174,176,0,176
1791185651.14,other:/lib/systemd/systemd,cf1,0.00,157,126,127,0,127
1791185651.14,other:/lib/systemd/systemd,cf2,9.80,171,169,170,0,170
1791185651.14,other:/lib/systemd/systemd,cf3,10.00,171,168,169,0,169
1791185651.14,other:/lib/systemd/systemd,cf5,10.00,158,156,157,0,157
1791185651.14,other:/lib/systemd/systemd,cf4,10.00,157,141,142,0,142
1791185652.14,other:/lib/systemd/systemd,cf1,0.00,173,148,148,1,148
1791185652.14,other:/lib/systemd/systemd,cf2,10.00,166,159,160,0,160
1791185652.14,other:/lib/systemd/systemd,cf3,10.00,166,165,166,0,166
1791185652.14,other:/lib/systemd/systemd,cf5,10.00,169,169,169,0,169
1791185652.14,other:/lib/systemd/systemd,cf4,10.00,169,163,164,0,164
1791185653.14,other:/lib/systemd/systemd,cf1,0.00,165,140,141,18446744073709551615,141
1791185653.14,other:/lib/systemd/systemd,cf2,10.00,162,155,155,1,155
1791185653.14,other:/lib/systemd/systemd,cf3,10.00,162,159,160,0,160
1791185653.14,other:/lib/systemd/systemd,cf5,9.80,167,165,166,0,166
1791185653.14,other:/lib/systemd/systemd,cf4,9.80,168,165,165,0,165
1791185654.14,other:/lib/systemd/systemd,cf1,0.00,148,109,110,1,110
1791185654.14,other:/lib/systemd/systemd,cf2,10.00,127,106,108,18446744073709551615,108
1791185654.14,other:/lib/systemd/systemd,cf3,10.00,128,126,127,0,127
1791185654.14,other:/lib/systemd/systemd,cf5,10.00,142,138,140,0,140
1791185654.14,other:/lib/systemd/systemd,cf4,10.00,143,123,124,1,124
1791185655.14,other:/lib/systemd/systemd,cf1,0.00,135,58,59,0,59
1791185655.14,other:/lib/systemd/systemd,cf2,10.00,148,144,145,0,145
1791185655.14,other:/lib/systemd/systemd,cf3,10.00,146,145,146,0,146
1791185655.14,other:/lib/systemd/systemd,cf5,10.00,137,136,137,0,137
1791185655.14,other:/lib/systemd/systemd,cf4,10.00,136,128,130,18446744073709551615,130
1791185656.14,other:/lib/systemd/systemd,cf1,0.00,152,96,97,18446744073709551615,97
1791185656.14,other:/lib/systemd/systemd,cf2,10.00,161,154,155,0,155
1791185656.14,other:/lib/systemd/systemd,cf3,10.00,161,158,159,0,159
1791185656.14,other:/lib/systemd/systemd,cf5,10.00,155,155,155,0,155
1791185656.14,other:/lib/systemd/systemd,cf4,10.00,153,146,146,0,146
1791185657.14,other:/lib/systemd/systemd,cf1,0.00,161,125,127,0,127
1791185657.14,other:/lib/systemd/systemd,cf2,10.00,160,150,150,1,150
1791185657.14,other:/lib/systemd/systemd,cf3,10.00,162,160,161,0,161
1791185657.14,other:/lib/systemd/systemd,cf5,10.00,160,157,159,0,159
1791185657.14,other:/lib/systemd/systemd,cf4,10.00,161,153,154,0,154
1791185658.14,other:/lib/systemd/systemd,cf1,0.00,164,131,132,0,132
1791185658.14,other:/lib/systemd/systemd,cf2,10.00,165,161,163,18446744073709551615,163
1791185658.14,other:/lib/systemd/systemd,cf3,10.00,162,157,158,0,158
1791185658.14,other:/lib/systemd/systemd,cf5,10.20,165,164,165,0,165
1791185658.14,other:/lib/systemd/systemd,cf4,10.00,166,158,160,0,160
1791185659.14,other:/lib/systemd/systemd,cf1,0.00,162,116,116,0,116
1791185659.14,other:/lib/systemd/systemd,cf2,10.00,164,159,160,0,160
1791185659.14,other:/lib/systemd/systemd,cf3,10.00,164,163,164,0,164
1791185659.14,other:/lib/systemd/systemd,cf5,10.00,164,162,163,0,163
1791185659.14,other:/lib/systemd/systemd,cf4,10.00,163,154,155,0,155
1791185660.14,other:/lib/systemd/systemd,cf1,0.00,166,118,119,0,119
1791185660.14,other:/lib/systemd/systemd,cf2,10.00,128,102,103,0,103
1791185660.14,other:/lib/systemd/systemd,cf3,10.00,130,120,120,0,120
1791185660.14,other:/lib/systemd/systemd,cf5,10.00,166,165,165,0,165
1791185660.14,other:/lib/systemd/systemd,cf4,10.00,165,160,161,0,161
1791185661.14,other:/lib/systemd/systemd,cf1,0.00,122,77,78,1,78
1791185661.14,other:/lib/systemd/systemd,cf2,10.00,131,114,115,0,115
1791185661.14,other:/lib/systemd/systemd,cf3,10.00,132,124,126,0,126
1791185661.14,other:/lib/systemd/systemd,cf5,10.00,113,99,100,1,100
1791185661.14,other:/lib/systemd/systemd,cf4,9.80,118,90,91,0,91
1791185662.14,other:/lib/systemd/systemd,cf1,0.00,125,68,69,0,69
1791185662.14,other:/lib/systemd/systemd,cf2,10.00,115,103,104,0,104
1791185662.14,other:/lib/systemd/systemd,cf3,10.00,115,111,112,0,112
1791185662.14,other:/lib/systemd/systemd,cf5,10.00,127,116,118,18446744073709551615,118
1791185662.14,other:/lib/systemd/systemd,cf4,10.00,126,107,107,0,107
1791185663.14,other:/lib/systemd/systemd,cf1,0.00,119,10,11,0,11
1791185663.14,other:/lib/systemd/systemd,cf2,9.80,115,85,85,1,85
1791185663.14,other:/lib/systemd/systemd,cf3,10.00,116,115,116,0,116
1791185663.14,other:/lib/systemd/systemd,cf5,10.00,121,120,121,0,121
1791185663.14,other:/lib/systemd/systemd,cf4,10.00,120,110,112,0,112
1791185664.14,other:/lib/systemd/systemd,cf1,0.00,111,28,29,0,29
1791185664.14,other:/lib/systemd/systemd,cf2,10.00,91,35,36,0,36
1791185664.14,other:/lib/systemd/systemd,cf3,10.00,91,89,90,0,90
1791185664.14,other:/lib/systemd/systemd,cf5,10.00,108,106,107,0,107
1791185664.14,other:/lib/systemd/systemd,cf4,9.60,109,75,75,1,75
1791185665.14,other:/lib/systemd/systemd,cf1,0.00,93,22,24,18446744073709551615,24
1791185665.14,other:/lib/systemd/systemd,cf2,10.00,154,139,140,0,140
1791185665.14,other:/lib/systemd/systemd,cf3,10.00,153,150,151,0,151
1791185665.14,other:/lib/systemd/systemd,cf5,10.00,95,93,94,0,94
1791185665.14,other:/lib/systemd/systemd,cf4,10.00,93,25,26,0,26
1791185666.14,other:/lib/systemd/systemd,cf1,0.00,167,143,144,0,144
1791185666.14,other:/lib/systemd/systemd,cf2,10.00,173,172,173,18446744073709551615,173
1791185666.14,other:/lib/systemd/systemd,cf3,10.00,171,168,169,0,169
1791185666.14,other:/lib/systemd/systemd,cf5,10.00,172,170,171,0,171
1791185666.14,other:/lib/systemd/systemd,cf4,10.20,169,158,160,18446744073709551615,160
1791185667.14,other:/lib/systemd/systemd,cf1,0.00,166,123,124,0,124
1791185667.14,other:/lib/systemd/systemd,cf2,10.00,158,154,156,0,156
1791185667.14,other:/lib/systemd/systemd,cf3,10.00,158,156,157,0,157
1791185667.14,other:/lib/systemd/systemd,cf5,10.00,164,160,161,0,161
1791185667.14,other:/lib/systemd/systemd,cf4,10.00,167,162,163,0,163
1791185668.14,other:/lib/systemd/systemd,cf1,0.00,162,111,112,0,112
1791185668.14,other:/lib/systemd/systemd,cf2,10.20,174,169,170,0,170
1791185668.14,other:/lib/systemd/systemd,cf3,10.00,173,172,172,0,172
1791185668.14,other:/lib/systemd/systemd,cf5,10.00,167,164,165,0,165
1791185668.14,other:/lib/systemd/systemd,cf4,10.20,165,162,162,0,162
1791185669.14,other:/lib/systemd/systemd,cf1,0.00,172,142,143,0,143
1791185669.14,other:/lib/systemd/systemd,cf2,10.00,163,154,155,0,155
1791185669.14,other:/lib/systemd/systemd,cf3,10.00,165,159,161,0,161
1791185669.14,other:/lib/systemd/systemd,cf5,10.00,170,168,168,0,168
1791185669.14,other:/lib/systemd/systemd,cf4,10.40,171,162,164,0,164
1791185670.14,other:/lib/systemd/systemd,cf1,0.00,161,134,135,0,135
1791185670.14,other:/lib/systemd/systemd,cf2,10.00,152,142,142,0,142
1791185670.14,other:/lib/systemd/systemd,cf3,10.00,151,145,146,0,146
1791185670.14,other:/lib/systemd/systemd,cf5,10.00,157,154,156,0,156
1791185670.14,other:/lib/systemd/systemd,cf4,10.00,157,142,143,0,143
1791185671.14,other:/lib/systemd/systemd,cf1,0.00,148,112,112,1,112
1791185671.14,other:/lib/systemd/systemd,cf2,10.00,158,147,148,0,148
1791185671.14,other:/lib/systemd/systemd,cf3,10.00,158,156,157,0,157
1791185671.14,other:/lib/systemd/systemd,cf5,10.00,147,145,145,1,145
1791185671.14,other:/lib/systemd/systemd,cf4,10.00,151,135,135,1,135
1791185672.14,other:/lib/systemd/systemd,cf1,0.00,165,149,151,18446744073709551615,151
1791185672.14,other:/lib/systemd/systemd,cf2,10.00,163,149,151,0,151
1791185672.14,other:/lib/systemd/systemd,cf3,10.00,162,159,160,0,160
1791185672.14,other:/lib/systemd/systemd,cf5,10.00,168,165,167,18446744073709551615,167
1791185672.14,other:/lib/systemd/systemd,cf4,10.00,165,149,151,18446744073709551615,151
1791185673.14,other:/lib/systemd/systemd,cf1,0.00,162,140,140,1,140
1791185673.14,other:/lib/systemd/systemd,cf2,10.00,164,157,158,0,158
1791185673.14,other:/lib/systemd/systemd,cf3,10.00,166,165,166,0,166
1791185673.14,other:/lib/systemd/systemd,cf5,10.00,160,157,157,0,157
1791185673.14,other:/lib/systemd/systemd,cf4,10.00,159,151,151,0,151
1791185674.14,other:/lib/systemd/systemd,cf1,0.00,167,148,149,18446744073709551615,149
1791185674.14,other:/lib/systemd/systemd,cf2,10.00,152,144,145,0,145
1791185674.14,other:/lib/systemd/systemd,cf3,10.00,155,152,153,0,153
1791185674.14,other:/lib/systemd/systemd,cf5,10.00,170,165,167,0,167
1791185674.14,other:/lib/systemd/systemd,cf4,10.00,170,164,166,0,166
1791185675.14,other:/lib/systemd/systemd,cf1,0.00,145,94,95,1,95
1791185675.14,other:/lib/systemd/systemd,cf2,10.00,138,137,138,0,138
1791185675.14,other:/lib/systemd/systemd,cf3,10.00,133,129,130,0,130
1791185675.14,other:/lib/systemd/systemd,cf5,10.00,143,141,142,0,142
1791185675.14,other:/lib/systemd/systemd,cf4,10.00,143,134,134,1,134
1791185676.14,other:/lib/systemd/systemd,cf1,0.00,143,63,65,18446744073709551615,65
1791185676.14,other:/lib/systemd/systemd,cf2,10.00,144,130,131,0,131
1791185676.14,other:/lib/systemd/systemd,cf3,10.00,145,142,143,0,143
1791185676.14,other:/lib/systemd/systemd,cf5,10.00,143,143,143,0,143
1791185676.14,other:/lib/systemd/systemd,cf4,10.00,145,141,143,18446744073709551615,143
1791185677.14,other:/lib/systemd/systemd,cf1,0.00,139,72,72,0,72
1791185677.14,other:/lib/systemd/systemd,cf2,10.00,140,134,134,0,134
1791185677.14,other:/lib/systemd/systemd,cf3,10.00,141,139,140,0,140
1791185677.14,other:/lib/systemd/systemd,cf5,10.00,138,134,135,0,135
1791185677.14,other:/lib/systemd/systemd,cf4,10.00,138,129,130,0,130
1791185678.14,other:/lib/systemd/systemd,cf1,0.00,142,61,63,0,63
1791185678.14,other:/lib/systemd/systemd,cf2,10.00,134,126,128,0,128
1791185678.14,other:/lib/systemd/systemd,cf3,10.00,133,125,126,0,126
1791185678.14,other:/lib/systemd/systemd,cf5,10.00,138,133,135,0,135
1791185678.14,other:/lib/systemd/systemd,cf4,10.00,139,130,130,1,130
1791185679.14,other:/lib/systemd/systemd,cf1,0.00,133,65,65,1,65
1791185679.14,other:/lib/systemd/systemd,cf2,9.80,94,58,58,1,58
1791185679.14,other:/lib/systemd/systemd,cf3,10.00,98,93,93,0,93
1791185679.14,other:/lib/systemd/systemd,cf5,9.80,137,130,130,1,130
1791185679.14,other:/lib/systemd/systemd,cf4,8.80,136,123,124,18446744073709551615,124
1791185680.14,other:/lib/systemd/systemd,cf1,0.00,82,11,12,0,12
1791185680.14,other:/lib/systemd/systemd,cf2,8.20,66,3,4,0,4
1791185680.14,other:/lib/systemd/systemd,cf3,10.00,66,41,43,0,43
1791185680.14,other:/lib/systemd/systemd,cf5,9.80,77,66,67,18446744073709551615,67
1791185680.14,other:/lib/systemd/systemd,cf4,7.20,79,12,13,1,13
1791185681.14,other:/lib/systemd/systemd,cf1,0.00,67,0,1,0,1
1791185681.14,other:/lib/systemd/systemd,cf2,10.00,103,75,77,18446744073709551615,77
1791185681.14,other:/lib/systemd/systemd,cf3,10.00,99,86,87,0,87
1791185681.14,other:/lib/systemd/systemd,cf5,10.00,66,42,43,0,43
1791185681.14,other:/lib/systemd/systemd,cf4,10.00,66,5,6,0,6
1791185682.14,other:/lib/systemd/systemd,cf1,0.00,116,51,52,0,52
1791185682.14,other:/lib/systemd/systemd,cf2,10.00,141,140,140,0,140
1791185682.14,other:/lib/systemd/systemd,cf3,10.00,144,142,143,0,143
1791185682.14,other:/lib/systemd/systemd,cf5,10.00,123,116,118,0,118
1791185682.14,other:/lib/systemd/systemd,cf4,10.00,118,95,97,18446744073709551615,97
1791185683.14,other:/lib/systemd/systemd,cf1,0.00,139,69,70,0,70
1791185683.14,other:/lib/systemd/systemd,cf2,10.00,121,106,107,1,107
1791185683.14,other:/lib/systemd/systemd,cf3,10.00,120,115,116,0,116
1791185683.14,other:/lib/systemd/systemd,cf5,10.00,138,135,136,0,136
1791185683.14,other:/lib/systemd/systemd,cf4,9.80,139,133,133,0,133
1791185684.14,other:/lib/systemd/systemd,cf1,0.00,116,39,40,0,40
1791185684.14,other:/lib/systemd/systemd,cf2,10.20,120,99,100,0,100
1791185684.14,other:/lib/systemd/systemd,cf3,10.00,120,115,116,0,116
1791185684.14,other:/lib/systemd/systemd,cf5,10.00,115,109,110,0,110
1791185684.14,other:/lib/systemd/systemd,cf4,11.00,117,100,102,0,102
1791185685.14,other:/lib/systemd/systemd,cf1,0.00,116,33,34,0,34
1791185685.14,other:/lib/systemd/systemd,cf2,11.80,86,57,59,18446744073709551615,59
1791185685.14,other:/lib/systemd/systemd,cf3,10.00,87,66,67,0,67
1791185685.14,other:/lib/systemd/systemd,cf5,10.20,111,103,104,0,104
1791185685.14,other:/lib/systemd/systemd,cf4,12.60,113,90,90,1,90
1791185686.14,other:/lib/systemd/systemd,cf1,0.00,85,17,18,0,18
1791185686.14,other:/lib/systemd/systemd,cf2,9.60,67,22,22,1,22
1791185686.14,other:/lib/systemd/systemd,cf3,9.60,69,41,41,1,41
1791185686.14,other:/lib/systemd/systemd,cf5,9.80,86,74,75,0,75
1791185686.14,other:/lib/systemd/systemd,cf4,9.60,86,46,47,0,47
1791185687.14,other:/lib/systemd/systemd,cf1,0.00,65,3,4,0,4
1791185687.14,other:/lib/systemd/systemd,cf2,9.80,105,74,75,0,75
1791185687.14,other:/lib/systemd/systemd,cf3,9.80,105,87,88,0,88
1791185687.14,other:/lib/systemd/systemd,cf5,9.80,67,37,38,0,38
1791185687.14,other:/lib/systemd/systemd,cf4,9.80,64,23,24,18446744073709551615,24
1791185688.14,other:/lib/systemd/systemd,cf1,0.00,107,54,55,0,55
1791185688.14,other:/lib/systemd/systemd,cf2,9.80,67,19,20,0,20
1791185688.14,other:/lib/systemd/systemd,cf3,9.80,66,23,24,0,24
1791185688.14,other:/lib/systemd/systemd,cf5,10.00,105,85,85,1,85
1791185688.14,other:/lib/systemd/systemd,cf4,9.40,108,78,79,1,79
1791185689.14,other:/lib/systemd/systemd,cf1,0.00,65,13,14,0,14
1791185689.14,other:/lib/systemd/systemd,cf2,10.00,72,27,28,0,28
1791185689.14,other:/lib/systemd/systemd,cf3,10.00,71,40,42,18446744073709551615,42
1791185689.14,other:/lib/systemd/systemd,cf5,10.20,65,36,37,0,37
1791185689.14,other:/lib/systemd/systemd,cf4,10.00,65,12,14,18446744073709551615,14
1791185690.14,other:/lib/systemd/systemd,cf1,0.00,73,4,5,0,5
1791185690.14,other:/lib/systemd/systemd,cf2,9.80,74,27,29,18446744073709551615,29
1791185690.14,other:/lib/systemd/systemd,cf3,10.00,75,49,50,0,50
1791185690.14,other:/lib/systemd/systemd,cf5,9.80,73,44,46,18446744073709551615,46
1791185690.14,other:/lib/systemd/systemd,cf4,10.00,72,29,29,0,29
1791185691.14,other:/lib/systemd/systemd,cf1,0.00,75,11,12,0,12
1791185691.14,other:/lib/systemd/systemd,cf2,10.00,76,36,36,0,36
1791185691.14,other:/lib/systemd/systemd,cf3,10.20,76,54,54,0,54
1791185691.14,other:/lib/systemd/systemd,cf5,10.00,76,54,55,0,55
1791185691.14,other:/lib/systemd/systemd,cf4,10.00,76,33,34,1,34
1791185692.14,other:/lib/systemd/systemd,cf1,0.00,75,11,12,0,12
1791185692.14,other:/lib/systemd/systemd,cf2,10.00,78,32,33,1,33
1791185692.14,other:/lib/systemd/systemd,cf3,10.20,78,56,57,1,57
1791185692.14,other:/lib/systemd/systemd,cf5,10.20,73,51,52,0,52
1791185692.14,other:/lib/systemd/systemd,cf4,10.00,74,32,33,18446744073709551615,33
1791185693.14,other:/lib/systemd/systemd,cf1,0.00,80,12,13,0,13
1791185693.14,other:/lib/systemd/systemd,cf2,10.20,117,89,91,18446744073709551615,91
1791185693.14,other:/lib/systemd/systemd,cf3,10.20,115,112,114,18446744073709551615,114
1791185693.14,other:/lib/systemd/systemd,cf5,10.00,85,75,75,0,75
1791185693.14,other:/lib/systemd/systemd,cf4,10.80,82,40,41,0,41
1791185694.14,other:/lib/systemd/systemd,cf1,0.00,117,39,41,18446744073709551615,41
1791185694.14,other:/lib/systemd/systemd,cf2,9.60,79,25,25,1,25
1791185694.14,other:/lib/systemd/systemd,cf3,10.00,80,68,69,0,69
1791185694.14,other:/lib/systemd/systemd,cf5,10.00,113,103,104,1,104
1791185694.14,other:/lib/systemd/systemd,cf4,9.40,116,90,91,1,91
1791185695.14,other:/lib/systemd/systemd,cf1,0.00,76,8,8,1,8
1791185695.14,other:/lib/systemd/systemd,cf2,10.00,77,33,34,0,34
1791185695.14,other:/lib/systemd/systemd,cf3,10.00,77,58,58,0,58
1791185695.14,other:/lib/systemd/systemd,cf5,10.00,76,58,60,18446744073709551615,60
1791185695.14,other:/lib/systemd/systemd,cf4,9.80,75,16,17,0,17
1791185696.14,other:/lib/systemd/systemd,cf1,0.00,82,14,15,0,15
1791185696.14,other:/lib/systemd/systemd,cf2,10.20,85,39,40,0,40
1791185696.14,other:/lib/systemd/systemd,cf3,10.20,86,76,77,0,77
1791185696.14,other:/lib/systemd/systemd,cf5,10.20,85,74,75,0,75
1791185696.14,other:/lib/systemd/systemd,cf4,9.80,85,45,46,18446744073709551615,46
1791185697.14,other:/lib/systemd/systemd,cf1,0.00,83,17,18,0,18
1791185697.14,other:/lib/systemd/systemd,cf2,9.00,72,11,12,0,12
1791185697.14,other:/lib/systemd/systemd,cf3,10.00,72,59,60,1,60
1791185697.14,other:/lib/systemd/systemd,cf5,9.80,80,70,71,0,71
1791185697.14,other:/lib/systemd/systemd,cf4,8.60,81,16,17,1,17
1791185698.14,other:/lib/systemd/systemd,cf1,0.00,71,7,8,0,8
1791185698.14,other:/lib/systemd/systemd,cf2,8.80,77,15,16,0,16
1791185698.14,other:/lib/systemd/systemd,cf3,10.00,77,67,69,18446744073709551615,69
1791185698.14,other:/lib/systemd/systemd,cf5,10.00,72,54,55,0,55
1791185698.14,other:/lib/systemd/systemd,cf4,8.00,70,9,10,0,10
