t,launcher,drone,pose_hz,sent,sent_ping,receive,enqueued,ack
1791184439.96,other:/lib/systemd/systemd,cf1,0.00,155,100,102,0,102
1791184439.96,other:/lib/systemd/systemd,cf2,1.80,158,151,153,18446744073709551615,153
1791184439.96,other:/lib/systemd/systemd,cf3,1.80,153,147,148,0,148
1791184439.96,other:/lib/systemd/systemd,cf5,1.80,156,149,150,0,150
1791184439.96,other:/lib/systemd/systemd,cf4,1.80,152,140,141,0,141
1791184440.96,other:/lib/systemd/systemd,cf1,0.00,120,55,55,0,55
1791184440.96,other:/lib/systemd/systemd,cf2,3.80,122,97,98,0,98
1791184440.96,other:/lib/systemd/systemd,cf3,4.00,149,139,139,0,139
1791184440.96,other:/lib/systemd/systemd,cf5,4.00,136,117,117,0,117
1791184440.96,other:/lib/systemd/systemd,cf4,4.00,148,133,133,0,133
1791184441.96,other:/lib/systemd/systemd,cf1,0.00,166,101,102,1,102
1791184441.96,other:/lib/systemd/systemd,cf2,5.80,166,159,160,0,160
1791184441.96,other:/lib/systemd/systemd,cf3,6.00,137,118,120,0,120
1791184441.96,other:/lib/systemd/systemd,cf5,6.00,149,133,134,0,134
1791184441.96,other:/lib/systemd/systemd,cf4,6.00,139,112,114,0,114
1791184442.96,other:/lib/systemd/systemd,cf1,0.00,155,79,81,18446744073709551615,81
1791184442.96,other:/lib/systemd/systemd,cf2,7.80,152,145,146,0,146
1791184442.96,other:/lib/systemd/systemd,cf3,8.00,160,149,150,0,150
1791184442.96,other:/lib/systemd/systemd,cf5,8.00,154,141,143,0,143
1791184442.96,other:/lib/systemd/systemd,cf4,8.00,158,149,149,0,149
1791184443.96,other:/lib/systemd/systemd,cf1,0.00,146,56,57,0,57
1791184443.96,other:/lib/systemd/systemd,cf2,9.80,143,138,139,0,139
1791184443.96,other:/lib/systemd/systemd,cf3,10.00,147,134,135,0,135
1791184443.96,other:/lib/systemd/systemd,cf5,10.00,149,141,142,0,142
1791184443.96,other:/lib/systemd/systemd,cf4,10.00,148,127,129,0,129
1791184444.96,other:/lib/systemd/systemd,cf1,0.00,154,58,58,0,58
1791184444.96,other:/lib/systemd/systemd,cf2,10.00,156,152,153,0,153
1791184444.96,other:/lib/systemd/systemd,cf3,10.20,150,144,145,0,145
1791184444.96,other:/lib/systemd/systemd,cf5,10.20,153,151,152,0,152
1791184444.96,other:/lib/systemd/systemd,cf4,10.20,151,137,138,0,138
1791184445.96,other:/lib/systemd/systemd,cf1,0.00,156,59,61,0,61
1791184445.96,other:/lib/systemd/systemd,cf2,10.00,161,155,156,0,156
1791184445.96,other:/lib/systemd/systemd,cf3,10.00,154,150,151,0,151
1791184445.96,other:/lib/systemd/systemd,cf5,10.00,153,149,150,0,150
1791184445.96,other:/lib/systemd/systemd,cf4,10.00,153,145,146,0,146
1791184446.96,other:/lib/systemd/systemd,cf1,0.00,195,163,164,0,164
1791184446.96,other:/lib/systemd/systemd,cf2,10.00,201,199,199,0,199
1791184446.96,other:/lib/systemd/systemd,cf3,10.00,177,168,169,0,169
1791184446.96,other:/lib/systemd/systemd,cf5,10.00,183,178,178,0,178
1791184446.96,other:/lib/systemd/systemd,cf4,10.00,177,174,175,0,175
1791184447.96,other:/lib/systemd/systemd,cf1,0.00,205,186,187,0,187
1791184447.96,other:/lib/systemd/systemd,cf2,10.00,204,196,198,0,198
1791184447.96,other:/lib/systemd/systemd,cf3,10.00,203,202,202,0,202
1791184447.96,other:/lib/systemd/systemd,cf5,10.00,204,199,201,0,201
1791184447.96,other:/lib/systemd/systemd,cf4,10.00,205,199,199,0,199
1791184448.96,other:/lib/systemd/systemd,cf1,0.00,178,144,144,1,144
1791184448.96,other:/lib/systemd/systemd,cf2,10.00,173,166,167,0,167
1791184448.96,other:/lib/systemd/systemd,cf3,10.00,199,197,199,0,199
1791184448.96,other:/lib/systemd/systemd,cf5,10.00,195,191,191,0,191
1791184448.96,other:/lib/systemd/systemd,cf4,10.00,198,187,188,0,188
1791184449.96,other:/lib/systemd/systemd,cf1,0.00,157,75,77,18446744073709551615,77
1791184449.96,other:/lib/systemd/systemd,cf2,10.00,155,147,148,0,148
1791184449.96,other:/lib/systemd/systemd,cf3,10.00,158,148,149,0,149
1791184449.96,other:/lib/systemd/systemd,cf5,10.00,152,134,136,0,136
1791184449.96,other:/lib/systemd/systemd,cf4,10.00,158,148,150,0,150
1791184450.96,other:/lib/systemd/systemd,cf1,0.00,171,127,128,0,128
1791184450.96,other:/lib/systemd/systemd,cf2,10.00,174,169,170,0,170
1791184450.96,other:/lib/systemd/systemd,cf3,10.00,166,161,162,0,162
1791184450.96,other:/lib/systemd/systemd,cf5,10.00,171,167,167,1,167
1791184450.96,other:/lib/systemd/systemd,cf4,10.00,165,151,151,0,151
1791184451.96,other:/lib/systemd/systemd,cf1,0.00,177,135,136,0,136
1791184451.96,other:/lib/systemd/systemd,cf2,10.00,182,178,178,0,178
1791184451.96,other:/lib/systemd/systemd,cf3,10.00,177,172,173,0,173
1791184451.96,other:/lib/systemd/systemd,cf5,10.00,178,170,172,18446744073709551615,172
1791184451.96,other:/lib/systemd/systemd,cf4,10.00,177,163,165,0,165
1791184452.96,other:/lib/systemd/systemd,cf1,0.00,195,162,163,0,163
1791184452.96,other:/lib/systemd/systemd,cf2,10.00,193,187,189,0,189
1791184452.96,other:/lib/systemd/systemd,cf3,10.00,182,178,179,0,179
1791184452.96,other:/lib/systemd/systemd,cf5,10.00,184,177,178,0,178
1791184452.96,other:/lib/systemd/systemd,cf4,10.00,183,177,178,0,178
1791184453.96,other:/lib/systemd/systemd,cf1,0.00,157,117,117,0,117
1791184453.96,other:/lib/systemd/systemd,cf2,10.00,152,143,144,0,144
1791184453.96,other:/lib/systemd/systemd,cf3,10.00,178,172,173,0,173
1791184453.96,other:/lib/systemd/systemd,cf5,10.00,173,166,167,0,167
1791184453.96,other:/lib/systemd/systemd,cf4,10.00,177,165,165,0,165
1791184454.96,other:/lib/systemd/systemd,cf1,0.00,165,126,127,1,127
1791184454.96,other:/lib/systemd/systemd,cf2,10.00,160,153,154,0,154
1791184454.96,other:/lib/systemd/systemd,cf3,10.00,162,154,155,0,155
1791184454.96,other:/lib/systemd/systemd,cf5,10.00,169,155,156,0,156
1791184454.96,other:/lib/systemd/systemd,cf4,10.00,162,141,143,0,143
1791184455.96,other:/lib/systemd/systemd,cf1,0.00,164,116,118,18446744073709551615,118
1791184455.96,other:/lib/systemd/systemd,cf2,10.00,168,160,161,0,161
1791184455.96,other:/lib/systemd/systemd,cf3,10.00,161,155,155,0,155
1791184455.96,other:/lib/systemd/systemd,cf5,10.00,159,143,144,0,144
1791184455.96,other:/lib/systemd/systemd,cf4,10.00,163,143,143,1,143
1791184456.96,other:/lib/systemd/systemd,cf1,0.00,182,131,132,0,132
1791184456.96,other:/lib/systemd/systemd,cf2,10.00,188,184,185,0,185
1791184456.96,other:/lib/systemd/systemd,cf3,10.00,170,162,164,0,164
1791184456.96,other:/lib/systemd/systemd,cf5,10.00,173,164,165,0,165
1791184456.96,other:/lib/systemd/systemd,cf4,10.00,169,156,158,18446744073709551615,158
1791184457.96,other:/lib/systemd/systemd,cf1,0.00,189,159,160,0,160
1791184457.96,other:/lib/systemd/systemd,cf2,10.00,189,184,184,0,184
1791184457.96,other:/lib/systemd/systemd,cf3,10.00,189,182,183,0,183
1791184457.96,other:/lib/systemd/systemd,cf5,10.00,186,182,182,0,182
1791184457.96,other:/lib/systemd/systemd,cf4,10.00,189,178,179,0,179
1791184458.96,other:/lib/systemd/systemd,cf1,0.00,189,154,154,1,154
1791184458.96,other:/lib/systemd/systemd,cf2,10.00,188,182,184,0,184
1791184458.96,other:/lib/systemd/systemd,cf3,10.00,193,184,185,0,185
1791184458.96,other:/lib/systemd/systemd,cf5,10.00,193,185,187,0,187
1791184458.96,other:/lib/systemd/systemd,cf4,10.00,193,188,188,0,188
1791184459.96,other:/lib/systemd/systemd,cf1,0.00,184,146,148,18446744073709551615,148
1791184459.96,other:/lib/systemd/systemd,cf2,10.00,185,182,183,0,183
1791184459.96,other:/lib/systemd/systemd,cf3,10.00,185,181,182,0,182
1791184459.96,other:/lib/systemd/systemd,cf5,10.00,184,176,177,0,177
1791184459.96,other:/lib/systemd/systemd,cf4,10.00,185,180,182,0,182
1791184460.96,other:/lib/systemd/systemd,cf1,0.00,182,147,148,0,148
1791184460.96,other:/lib/systemd/systemd,cf2,10.00,181,179,180,0,180
1791184460.96,other:/lib/systemd/systemd,cf3,10.00,180,175,175,0,175
1791184460.96,other:/lib/systemd/systemd,cf5,10.00,183,171,172,0,172
1791184460.96,other:/lib/systemd/systemd,cf4,10.00,181,166,167,0,167
1791184461.96,other:/lib/systemd/systemd,cf1,0.00,170,126,126,0,126
1791184461.96,other:/lib/systemd/systemd,cf2,10.00,173,167,168,0,168
1791184461.96,other:/lib/systemd/systemd,cf3,10.00,176,173,175,0,175
1791184461.96,other:/lib/systemd/systemd,cf5,10.00,170,157,158,0,158
1791184461.96,other:/lib/systemd/systemd,cf4,10.00,174,163,163,1,163
1791184462.96,other:/lib/systemd/systemd,cf1,0.00,187,153,155,0,155
1791184462.96,other:/lib/systemd/systemd,cf2,10.00,180,174,175,0,175
1791184462.96,other:/lib/systemd/systemd,cf3,10.00,179,172,173,0,173
1791184462.96,other:/lib/systemd/systemd,cf5,10.00,184,172,173,0,173
1791184462.96,other:/lib/systemd/systemd,cf4,10.00,180,172,173,18446744073709551615,173
1791184463.96,other:/lib/systemd/systemd,cf1,0.00,189,159,160,0,160
1791184463.96,other:/lib/systemd/systemd,cf2,10.00,193,189,190,0,190
1791184463.96,other:/lib/systemd/systemd,cf3,10.00,187,181,182,0,182
1791184463.96,other:/lib/systemd/systemd,cf5,10.00,187,179,179,1,179
1791184463.96,other:/lib/systemd/systemd,cf4,10.00,186,178,180,0,180
1791184464.96,other:/lib/systemd/systemd,cf1,0.00,187,148,149,0,149
1791184464.96,other:/lib/systemd/systemd,cf2,10.00,184,180,181,0,181
1791184464.96,other:/lib/systemd/systemd,cf3,10.00,191,187,188,0,188
1791184464.96,other:/lib/systemd/systemd,cf5,10.00,188,179,181,18446744073709551615,181
1791184464.96,other:/lib/systemd/systemd,cf4,10.00,192,184,185,0,185
1791184465.96,other:/lib/systemd/systemd,cf1,0.00,185,160,161,0,161
1791184465.96,other:/lib/systemd/systemd,cf2,10.00,186,178,179,0,179
1791184465.96,other:/lib/systemd/systemd,cf3,9.80,183,179,180,0,180
1791184465.96,other:/lib/systemd/systemd,cf5,10.00,185,178,179,0,179
1791184465.96,other:/lib/systemd/systemd,cf4,10.00,182,174,175,0,175
1791184466.96,other:/lib/systemd/systemd,cf1,0.00,160,117,117,0,117
1791184466.96,other:/lib/systemd/systemd,cf2,10.00,151,137,138,0,138
1791184466.96,other:/lib/systemd/systemd,cf3,10.00,189,184,185,0,185
1791184466.96,other:/lib/systemd/systemd,cf5,10.00,188,175,175,1,175
1791184466.96,other:/lib/systemd/systemd,cf4,10.00,191,180,181,0,181
1791184467.96,other:/lib/systemd/systemd,cf1,0.00,136,85,86,1,86
1791184467.96,other:/lib/systemd/systemd,cf2,10.00,129,117,118,0,118
1791184467.96,other:/lib/systemd/systemd,cf3,9.80,145,133,133,0,133
1791184467.96,other:/lib/systemd/systemd,cf5,9.80,145,120,122,18446744073709551615,122
1791184467.96,other:/lib/systemd/systemd,cf4,9.80,144,119,120,0,120
1791184468.96,other:/lib/systemd/systemd,cf1,0.00,100,36,37,0,37
1791184468.96,other:/lib/systemd/systemd,cf2,10.00,111,91,92,0,92
1791184468.96,other:/lib/systemd/systemd,cf3,9.80,104,74,76,0,76
1791184468.96,other:/lib/systemd/systemd,cf5,10.00,96,57,57,1,57
1791184468.96,other:/lib/systemd/systemd,cf4,9.80,102,53,53,1,53
1791184469.96,other:/lib/systemd/systemd,cf1,0.00,118,56,57,0,57
1791184469.96,other:/lib/systemd/systemd,cf2,10.00,108,85,86,0,86
1791184469.96,other:/lib/systemd/systemd,cf3,10.00,106,82,83,0,83
1791184469.96,other:/lib/systemd/systemd,cf5,10.00,107,71,73,18446744073709551615,73
1791184469.96,other:/lib/systemd/systemd,cf4,10.00,107,64,66,18446744073709551615,66
1791184470.96,other:/lib/systemd/systemd,cf1,0.00,162,124,125,0,125
1791184470.96,other:/lib/systemd/systemd,cf2,10.00,166,157,158,0,158
1791184470.96,other:/lib/systemd/systemd,cf3,10.00,137,116,117,0,117
1791184470.96,other:/lib/systemd/systemd,cf5,10.00,145,122,123,0,123
1791184470.96,other:/lib/systemd/systemd,cf4,9.80,138,102,103,0,103
1791184471.96,other:/lib/systemd/systemd,cf1,0.00,137,89,91,18446744073709551615,91
1791184471.96,other:/lib/systemd/systemd,cf2,10.00,152,136,137,0,137
1791184471.96,other:/lib/systemd/systemd,cf3,10.00,143,133,133,1,133
1791184471.96,other:/lib/systemd/systemd,cf5,10.00,134,103,104,0,104
1791184471.96,other:/lib/systemd/systemd,cf4,10.00,141,111,111,0,111
1791184472.96,other:/lib/systemd/systemd,cf1,0.00,188,158,159,0,159
1791184472.96,other:/lib/systemd/systemd,cf2,10.00,189,183,184,0,184
1791184472.96,other:/lib/systemd/systemd,cf3,10.20,176,172,173,18446744073709551615,173
1791184472.96,other:/lib/systemd/systemd,cf5,10.20,184,170,171,0,171
1791184472.96,other:/lib/systemd/systemd,cf4,10.20,178,167,169,0,169
1791184473.96,other:/lib/systemd/systemd,cf1,0.00,205,188,189,0,189
1791184473.96,other:/lib/systemd/systemd,cf2,10.00,206,203,203,0,203
1791184473.96,other:/lib/systemd/systemd,cf3,10.00,197,190,191,0,191
1791184473.96,other:/lib/systemd/systemd,cf5,10.00,201,191,192,0,192
1791184473.96,other:/lib/systemd/systemd,cf4,10.20,197,191,192,0,192
1791184474.96,other:/lib/systemd/systemd,cf1,0.00,188,164,164,0,164
1791184474.96,other:/lib/systemd/systemd,cf2,10.00,178,173,175,0,175
1791184474.96,other:/lib/systemd/systemd,cf3,10.00,201,196,198,0,198
1791184474.96,other:/lib/systemd/systemd,cf5,10.00,198,191,192,0,192
1791184474.96,other:/lib/systemd/systemd,cf4,10.00,202,194,195,0,195
1791184475.96,other:/lib/systemd/systemd,cf1,0.00,181,156,158,0,158
1791184475.96,other:/lib/systemd/systemd,cf2,10.00,190,185,186,0,186
1791184475.96,other:/lib/systemd/systemd,cf3,10.20,174,167,168,0,168
1791184475.96,other:/lib/systemd/systemd,cf5,10.00,172,155,156,0,156
1791184475.96,other:/lib/systemd/systemd,cf4,10.20,172,156,157,0,157
1791184476.96,other:/lib/systemd/systemd,cf1,0.00,210,197,198,0,198
1791184476.96,other:/lib/systemd/systemd,cf2,10.00,206,200,201,0,201
1791184476.96,other:/lib/systemd/systemd,cf3,10.00,200,193,194,0,194
1791184476.96,other:/lib/systemd/systemd,cf5,10.00,206,198,199,0,199
1791184476.96,other:/lib/systemd/systemd,cf4,10.00,201,192,193,0,193
1791184477.96,other:/lib/systemd/systemd,cf1,0.00,198,182,183,0,183
1791184477.96,other:/lib/systemd/systemd,cf2,10.00,201,195,196,0,196
1791184477.96,other:/lib/systemd/systemd,cf3,10.00,207,203,204,0,204
1791184477.96,other:/lib/systemd/systemd,cf5,10.00,204,196,196,0,196
1791184477.96,other:/lib/systemd/systemd,cf4,10.00,207,196,197,0,197
1791184478.96,other:/lib/systemd/systemd,cf1,0.00,201,182,182,0,182
1791184478.96,other:/lib/systemd/systemd,cf2,10.00,202,197,198,0,198
1791184478.96,other:/lib/systemd/systemd,cf3,10.20,201,196,197,0,197
1791184478.96,other:/lib/systemd/systemd,cf5,10.00,200,189,190,0,190
1791184478.96,other:/lib/systemd/systemd,cf4,10.00,201,189,189,1,189
1791184479.96,other:/lib/systemd/systemd,cf1,0.00,212,190,192,0,192
1791184479.96,other:/lib/systemd/systemd,cf2,10.00,214,208,209,0,209
1791184479.96,other:/lib/systemd/systemd,cf3,10.00,203,199,200,0,200
1791184479.96,other:/lib/systemd/systemd,cf5,10.00,206,201,203,0,203
1791184479.96,other:/lib/systemd/systemd,cf4,10.00,204,193,195,18446744073709551615,195
1791184480.96,other:/lib/systemd/systemd,cf1,0.00,208,192,192,0,192
1791184480.96,other:/lib/systemd/systemd,cf2,10.00,205,200,201,0,201
1791184480.96,other:/lib/systemd/systemd,cf3,10.00,213,209,210,0,210
1791184480.96,other:/lib/systemd/systemd,cf5,10.00,209,203,204,0,204
1791184480.96,other:/lib/systemd/systemd,cf4,10.00,211,202,203,0,203
1791184481.96,other:/lib/systemd/systemd,cf1,0.00,200,173,175,0,175
1791184481.96,other:/lib/systemd/systemd,cf2,10.00,200,197,197,1,197
1791184481.96,other:/lib/systemd/systemd,cf3,10.00,202,196,197,0,197
1791184481.96,other:/lib/systemd/systemd,cf5,10.00,204,198,199,0,199
1791184481.96,other:/lib/systemd/systemd,cf4,10.00,203,199,200,0,200
1791184482.96,other:/lib/systemd/systemd,cf1,0.00,186,140,141,0,141
1791184482.96,other:/lib/systemd/systemd,cf2,10.00,176,167,169,18446744073709551615,169
1791184482.96,other:/lib/systemd/systemd,cf3,10.00,193,185,186,0,186
1791184482.96,other:/lib/systemd/systemd,cf5,10.00,191,189,190,0,190
1791184482.96,other:/lib/systemd/systemd,cf4,10.00,192,180,181,0,181
1791184483.96,other:/lib/systemd/systemd,cf1,0.00,195,168,169,0,169
1791184483.96,other:/lib/systemd/systemd,cf2,10.00,202,197,198,0,198
1791184483.96,other:/lib/systemd/systemd,cf3,10.00,186,181,182,0,182
1791184483.96,other:/lib/systemd/systemd,cf5,10.00,189,184,185,0,185
1791184483.96,other:/lib/systemd/systemd,cf4,10.00,187,176,177,0,177
1791184484.96,other:/lib/systemd/systemd,cf1,0.00,200,178,179,0,179
1791184484.96,other:/lib/systemd/systemd,cf2,10.00,198,195,196,0,196
1791184484.96,other:/lib/systemd/systemd,cf3,10.00,203,195,196,0,196
1791184484.96,other:/lib/systemd/systemd,cf5,10.00,202,197,197,0,197
1791184484.96,other:/lib/systemd/systemd,cf4,10.00,203,193,194,0,194
1791184485.96,other:/lib/systemd/systemd,cf1,0.00,200,177,178,0,178
1791184485.96,other:/lib/systemd/systemd,cf2,10.00,209,204,205,0,205
1791184485.96,other:/lib/systemd/systemd,cf3,10.00,196,189,190,0,190
1791184485.96,other:/lib/systemd/systemd,cf5,10.00,197,190,192,0,192
1791184485.96,other:/lib/systemd/systemd,cf4,10.00,196,189,189,0,189
1791184486.96,other:/lib/systemd/systemd,cf1,0.00,215,200,200,1,200
1791184486.96,other:/lib/systemd/systemd,cf2,10.00,214,211,212,0,212
1791184486.96,other:/lib/systemd/systemd,cf3,9.80,211,207,208,0,208
1791184486.96,other:/lib/systemd/systemd,cf5,10.00,213,206,207,0,207
1791184486.96,other:/lib/systemd/systemd,cf4,10.00,211,206,207,0,207
1791184487.96,other:/lib/systemd/systemd,cf1,0.00,190,139,141,18446744073709551615,141
1791184487.96,other:/lib/systemd/systemd,cf2,10.00,188,183,184,0,184
1791184487.96,other:/lib/systemd/systemd,cf3,10.00,215,208,209,0,209
1791184487.96,other:/lib/systemd/systemd,cf5,10.00,211,207,208,0,208
1791184487.96,other:/lib/systemd/systemd,cf4,10.00,216,212,214,0,214
1791184488.96,other:/lib/systemd/systemd,cf1,0.00,187,146,147,0,147
1791184488.96,other:/lib/systemd/systemd,cf2,10.00,191,187,188,0,188
1791184488.96,other:/lib/systemd/systemd,cf3,10.00,177,172,172,0,172
1791184488.96,other:/lib/systemd/systemd,cf5,10.00,176,165,166,0,166
1791184488.96,other:/lib/systemd/systemd,cf4,10.00,175,164,164,1,164
1791184489.96,other:/lib/systemd/systemd,cf1,0.00,149,71,71,1,71
1791184489.96,other:/lib/systemd/systemd,cf2,9.80,120,101,101,1,101
1791184489.96,other:/lib/systemd/systemd,cf3,9.80,183,176,178,0,178
1791184489.96,other:/lib/systemd/systemd,cf5,10.00,178,173,174,0,174
1791184489.96,other:/lib/systemd/systemd,cf4,9.80,182,164,166,18446744073709551615,166
1791184490.96,other:/lib/systemd/systemd,cf1,0.00,103,29,31,18446744073709551615,31
1791184490.96,other:/lib/systemd/systemd,cf2,9.80,118,102,104,18446744073709551615,104
1791184490.96,other:/lib/systemd/systemd,cf3,9.80,96,64,65,0,65
1791184490.96,other:/lib/systemd/systemd,cf5,10.00,90,47,47,1,47
1791184490.96,other:/lib/systemd/systemd,cf4,9.80,97,47,48,0,48
1791184491.96,other:/lib/systemd/systemd,cf1,0.00,132,66,67,0,67
1791184491.96,other:/lib/systemd/systemd,cf2,10.00,142,125,126,0,126
1791184491.96,other:/lib/systemd/systemd,cf3,10.20,116,95,96,0,96
1791184491.96,other:/lib/systemd/systemd,cf5,10.00,120,86,88,18446744073709551615,88
1791184491.96,other:/lib/systemd/systemd,cf4,10.00,115,71,72,0,72
1791184492.96,other:/lib/systemd/systemd,cf1,0.00,183,139,140,0,140
1791184492.96,other:/lib/systemd/systemd,cf2,10.00,183,175,176,0,176
1791184492.96,other:/lib/systemd/systemd,cf3,10.00,176,168,169,0,169
1791184492.96,other:/lib/systemd/systemd,cf5,10.00,181,174,174,0,174
1791184492.96,other:/lib/systemd/systemd,cf4,10.00,178,165,166,0,166
1791184493.96,other:/lib/systemd/systemd,cf1,0.00,189,137,138,0,138
1791184493.96,other:/lib/systemd/systemd,cf2,10.00,191,185,185,0,185
1791184493.96,other:/lib/systemd/systemd,cf3,9.80,176,167,168,0,168
1791184493.96,other:/lib/systemd/systemd,cf5,10.00,177,172,173,0,173
1791184493.96,other:/lib/systemd/systemd,cf4,10.00,175,165,166,0,166
1791184494.96,other:/lib/systemd/systemd,cf1,0.00,198,180,180,1,180
1791184494.96,other:/lib/systemd/systemd,cf2,10.20,183,171,173,0,173
1791184494.96,other:/lib/systemd/systemd,cf3,10.00,206,201,202,0,202
1791184494.96,other:/lib/systemd/systemd,cf5,10.00,209,202,204,0,204
1791184494.96,other:/lib/systemd/systemd,cf4,10.20,207,194,195,0,195
1791184495.96,other:/lib/systemd/systemd,cf1,0.00,150,119,120,18446744073709551615,120
1791184495.96,other:/lib/systemd/systemd,cf2,10.20,165,148,149,0,149
1791184495.96,other:/lib/systemd/systemd,cf3,10.20,175,164,165,0,165
1791184495.96,other:/lib/systemd/systemd,cf5,10.00,176,160,161,0,161
1791184495.96,other:/lib/systemd/systemd,cf4,10.20,175,157,158,0,158
1791184496.96,other:/lib/systemd/systemd,cf1,0.00,208,188,190,0,190
1791184496.96,other:/lib/systemd/systemd,cf2,10.00,208,204,205,0,205
1791184496.96,other:/lib/systemd/systemd,cf3,10.00,174,157,157,0,157
1791184496.96,other:/lib/systemd/systemd,cf5,10.00,174,157,158,0,158
1791184496.96,other:/lib/systemd/systemd,cf4,10.00,174,152,153,0,153
1791184497.96,other:/lib/systemd/systemd,cf1,0.00,203,178,179,0,179
1791184497.96,other:/lib/systemd/systemd,cf2,10.00,203,200,200,0,200
1791184497.96,other:/lib/systemd/systemd,cf3,10.00,200,192,194,0,194
1791184497.96,other:/lib/systemd/systemd,cf5,10.00,200,192,193,0,193
1791184497.96,other:/lib/systemd/systemd,cf4,10.00,200,192,193,0,193
1791184498.96,other:/lib/systemd/systemd,cf1,0.00,218,203,204,0,204
1791184498.96,other:/lib/systemd/systemd,cf2,10.00,216,210,211,0,211
1791184498.96,other:/lib/systemd/systemd,cf3,10.20,218,213,214,0,214
1791184498.96,other:/lib/systemd/systemd,cf5,10.00,218,212,213,0,213
1791184498.96,other:/lib/systemd/systemd,cf4,10.00,217,214,215,0,215
1791184499.96,other:/lib/systemd/systemd,cf1,0.00,204,187,188,0,188
1791184499.96,other:/lib/systemd/systemd,cf2,10.00,204,196,198,0,198
1791184499.96,other:/lib/systemd/systemd,cf3,10.20,209,204,205,0,205
1791184499.96,other:/lib/systemd/systemd,cf5,10.00,206,197,198,0,198
1791184499.96,other:/lib/systemd/systemd,cf4,10.00,209,206,207,0,207
1791184500.96,other:/lib/systemd/systemd,cf1,0.00,210,198,199,0,199
1791184500.96,other:/lib/systemd/systemd,cf2,10.00,211,201,202,0,202
1791184500.96,other:/lib/systemd/systemd,cf3,10.00,200,199,199,0,199
1791184500.96,other:/lib/systemd/systemd,cf5,10.00,205,197,197,0,197
1791184500.96,other:/lib/systemd/systemd,cf4,10.00,200,183,183,0,183
1791184501.96,other:/lib/systemd/systemd,cf1,0.00,192,174,174,0,174
1791184501.96,other:/lib/systemd/systemd,cf2,10.00,184,180,180,0,180
1791184501.96,other:/lib/systemd/systemd,cf3,10.00,210,204,206,0,206
1791184501.96,other:/lib/systemd/systemd,cf5,10.00,205,196,198,0,198
1791184501.96,other:/lib/systemd/systemd,cf4,10.00,210,201,203,0,203
1791184502.96,other:/lib/systemd/systemd,cf1,0.00,193,168,170,0,170
1791184502.96,other:/lib/systemd/systemd,cf2,10.00,192,184,185,0,185
1791184502.96,other:/lib/systemd/systemd,cf3,10.00,189,181,182,0,182
1791184502.96,other:/lib/systemd/systemd,cf5,10.00,188,181,182,0,182
1791184502.96,other:/lib/systemd/systemd,cf4,10.00,189,175,175,0,175
1791184503.96,other:/lib/systemd/systemd,cf1,0.00,190,157,158,0,158
1791184503.96,other:/lib/systemd/systemd,cf2,10.00,194,186,188,0,188
1791184503.96,other:/lib/systemd/systemd,cf3,10.00,191,187,188,0,188
1791184503.96,other:/lib/systemd/systemd,cf5,10.00,192,185,186,0,186
1791184503.96,other:/lib/systemd/systemd,cf4,10.00,192,181,183,0,183
1791184504.96,other:/lib/systemd/systemd,cf1,0.00,206,182,183,0,183
1791184504.96,other:/lib/systemd/systemd,cf2,10.00,211,208,209,0,209
1791184504.96,other:/lib/systemd/systemd,cf3,10.00,201,195,196,0,196
1791184504.96,other:/lib/systemd/systemd,cf5,10.00,205,200,201,0,201
1791184504.96,other:/lib/systemd/systemd,cf4,10.00,201,192,193,0,193
1791184505.96,other:/lib/systemd/systemd,cf1,0.00,194,174,175,0,175
1791184505.96,other:/lib/systemd/systemd,cf2,10.00,191,184,184,0,184
1791184505.96,other:/lib/systemd/systemd,cf3,10.00,200,194,195,0,195
1791184505.96,other:/lib/systemd/systemd,cf5,10.00,194,191,192,0,192
1791184505.96,other:/lib/systemd/systemd,cf4,10.00,198,183,184,0,184
1791184506.96,other:/lib/systemd/systemd,cf1,0.00,213,200,200,0,200
1791184506.96,other:/lib/systemd/systemd,cf2,10.00,217,211,213,0,213
1791184506.96,other:/lib/systemd/systemd,cf3,10.00,201,192,193,0,193
1791184506.96,other:/lib/systemd/systemd,cf5,10.00,206,200,201,0,201
1791184506.96,other:/lib/systemd/systemd,cf4,10.00,202,192,192,0,192
1791184507.96,other:/lib/systemd/systemd,cf1,0.00,218,207,208,0,208
1791184507.96,other:/lib/systemd/systemd,cf2,10.00,216,210,211,0,211
1791184507.96,other:/lib/systemd/systemd,cf3,9.80,216,210,211,0,211
1791184507.96,other:/lib/systemd/systemd,cf5,10.00,218,214,215,0,215
1791184507.96,other:/lib/systemd/systemd,cf4,10.00,216,210,212,0,212
1791184508.96,other:/lib/systemd/systemd,cf1,0.00,196,176,178,0,178
1791184508.96,other:/lib/systemd/systemd,cf2,10.00,191,183,184,0,184
1791184508.96,other:/lib/systemd/systemd,cf3,10.00,206,197,198,0,198
1791184508.96,other:/lib/systemd/systemd,cf5,10.00,202,193,194,0,194
1791184508.96,other:/lib/systemd/systemd,cf4,10.00,206,198,198,0,198
1791184509.96,other:/lib/systemd/systemd,cf1,0.00,191,169,169,0,169
1791184509.96,other:/lib/systemd/systemd,cf2,10.00,195,191,192,0,192
1791184509.96,other:/lib/systemd/systemd,cf3,10.00,197,188,189,0,189
1791184509.96,other:/lib/systemd/systemd,cf5,10.00,199,192,193,0,193
1791184509.96,other:/lib/systemd/systemd,cf4,10.00,197,182,183,0,183
1791184510.96,other:/lib/systemd/systemd,cf1,0.00,208,197,199,0,199
1791184510.96,other:/lib/systemd/systemd,cf2,10.00,208,204,205,0,205
1791184510.96,other:/lib/systemd/systemd,cf3,10.00,192,183,184,0,184
1791184510.96,other:/lib/systemd/systemd,cf5,10.00,193,189,190,0,190
1791184510.96,other:/lib/systemd/systemd,cf4,10.00,192,179,180,0,180
1791184511.96,other:/lib/systemd/systemd,cf1,0.00,201,175,176,0,176
1791184511.96,other:/lib/systemd/systemd,cf2,10.00,199,193,194,0,194
1791184511.96,other:/lib/systemd/systemd,cf3,9.80,208,206,207,0,207
1791184511.96,other:/lib/systemd/systemd,cf5,10.00,208,203,204,0,204
1791184511.96,other:/lib/systemd/systemd,cf4,10.00,209,196,198,0,198
1791184512.96,other:/lib/systemd/systemd,cf1,0.00,207,191,192,0,192
1791184512.96,other:/lib/systemd/systemd,cf2,10.00,208,203,204,0,204
1791184512.96,other:/lib/systemd/systemd,cf3,10.20,204,195,196,0,196
1791184512.96,other:/lib/systemd/systemd,cf5,10.00,202,201,202,0,202
1791184512.96,other:/lib/systemd/systemd,cf4,10.00,204,194,195,0,195
1791184513.96,other:/lib/systemd/systemd,cf1,0.00,194,164,164,0,164
1791184513.96,other:/lib/systemd/systemd,cf2,10.00,197,193,193,0,193
1791184513.96,other:/lib/systemd/systemd,cf3,10.00,205,199,200,0,200
1791184513.96,other:/lib/systemd/systemd,cf5,10.00,203,201,202,0,202
1791184513.96,other:/lib/systemd/systemd,cf4,10.00,205,196,197,0,197
1791184514.96,other:/lib/systemd/systemd,cf1,0.00,195,160,162,0,162
1791184514.96,other:/lib/systemd/systemd,cf2,10.00,190,182,184,0,184
1791184514.96,other:/lib/systemd/systemd,cf3,10.00,190,184,184,0,184
1791184514.96,other:/lib/systemd/systemd,cf5,10.00,191,188,189,0,189
1791184514.96,other:/lib/systemd/systemd,cf4,10.00,190,185,186,0,186
1791184515.96,other:/lib/systemd/systemd,cf1,0.00,190,163,163,0,163
1791184515.96,other:/lib/systemd/systemd,cf2,10.00,193,185,186,0,186
1791184515.96,other:/lib/systemd/systemd,cf3,9.80,198,194,196,0,196
1791184515.96,other:/lib/systemd/systemd,cf5,10.00,198,196,196,0,196
1791184515.96,other:/lib/systemd/systemd,cf4,10.00,199,188,189,0,189
1791184516.96,other:/lib/systemd/systemd,cf1,0.00,191,144,145,0,145
1791184516.96,other:/lib/systemd/systemd,cf2,9.80,189,183,184,0,184
1791184516.96,other:/lib/systemd/systemd,cf3,10.20,195,186,187,0,187
1791184516.96,other:/lib/systemd/systemd,cf5,10.00,198,192,194,0,194
1791184516.96,other:/lib/systemd/systemd,cf4,10.00,195,185,186,0,186
1791184517.96,other:/lib/systemd/systemd,cf1,0.00,193,152,154,0,154
1791184517.96,other:/lib/systemd/systemd,cf2,10.00,192,189,190,0,190
1791184517.96,other:/lib/systemd/systemd,cf3,10.00,179,172,173,0,173
1791184517.96,other:/lib/systemd/systemd,cf5,10.00,178,172,173,0,173
1791184517.96,other:/lib/systemd/systemd,cf4,10.00,179,175,176,0,176
1791184518.96,other:/lib/systemd/systemd,cf1,0.00,205,187,188,0,188
1791184518.96,other:/lib/systemd/systemd,cf2,10.00,209,207,208,0,208
1791184518.96,other:/lib/systemd/systemd,cf3,10.00,203,197,198,0,198
1791184518.96,other:/lib/systemd/systemd,cf5,10.00,201,196,196,0,196
1791184518.96,other:/lib/systemd/systemd,cf4,10.00,201,190,191,0,191
1791184519.96,other:/lib/systemd/systemd,cf1,0.00,202,183,183,0,183
1791184519.96,other:/lib/systemd/systemd,cf2,9.80,197,191,192,0,192
1791184519.96,other:/lib/systemd/systemd,cf3,10.00,212,205,205,0,205
1791184519.96,other:/lib/systemd/systemd,cf5,10.00,215,207,208,1,208
1791184519.96,other:/lib/systemd/systemd,cf4,10.00,214,208,209,0,209
1791184520.96,other:/lib/systemd/systemd,cf1,0.00,178,122,123,1,123
1791184520.96,other:/lib/systemd/systemd,cf2,9.80,183,178,179,0,179
1791184520.96,other:/lib/systemd/systemd,cf3,10.20,183,178,180,0,180
1791184520.96,other:/lib/systemd/systemd,cf5,10.00,179,174,175,18446744073709551615,175
1791184520.96,other:/lib/systemd/systemd,cf4,10.00,182,174,175,0,175
1791184521.96,other:/lib/systemd/systemd,cf1,0.00,201,183,185,18446744073709551615,185
1791184521.96,other:/lib/systemd/systemd,cf2,10.00,203,200,201,0,201
1791184521.96,other:/lib/systemd/systemd,cf3,10.00,186,180,180,0,180
1791184521.96,other:/lib/systemd/systemd,cf5,10.00,188,182,184,0,184
1791184521.96,other:/lib/systemd/systemd,cf4,10.00,185,173,173,0,173
1791184522.96,other:/lib/systemd/systemd,cf1,0.00,211,193,194,0,194
1791184522.96,other:/lib/systemd/systemd,cf2,9.80,209,207,208,0,208
1791184522.96,other:/lib/systemd/systemd,cf3,10.00,215,207,208,0,208
1791184522.96,other:/lib/systemd/systemd,cf5,10.00,213,209,210,0,210
1791184522.96,other:/lib/systemd/systemd,cf4,10.00,217,207,209,0,209
1791184523.96,other:/lib/systemd/systemd,cf1,0.00,196,168,169,0,169
1791184523.96,other:/lib/systemd/systemd,cf2,9.80,194,187,187,1,187
1791184523.96,other:/lib/systemd/systemd,cf3,10.00,202,197,199,0,199
1791184523.96,other:/lib/systemd/systemd,cf5,10.00,200,194,194,0,194
1791184523.96,other:/lib/systemd/systemd,cf4,10.00,200,190,190,1,190
1791184524.96,other:/lib/systemd/systemd,cf1,0.00,178,118,118,1,118
1791184524.96,other:/lib/systemd/systemd,cf2,10.00,173,171,173,18446744073709551615,173
1791184524.96,other:/lib/systemd/systemd,cf3,10.00,183,178,179,0,179
1791184524.96,other:/lib/systemd/systemd,cf5,10.00,182,175,177,0,177
1791184524.96,other:/lib/systemd/systemd,cf4,10.00,184,173,175,18446744073709551615,175
1791184525.96,other:/lib/systemd/systemd,cf1,0.00,155,55,56,18446744073709551615,56
1791184525.96,other:/lib/systemd/systemd,cf2,10.00,153,148,148,1,148
1791184525.96,other:/lib/systemd/systemd,cf3,10.00,163,158,159,0,159
1791184525.96,other:/lib/systemd/systemd,cf5,10.00,164,157,158,0,158
1791184525.96,other:/lib/systemd/systemd,cf4,10.00,163,156,157,0,157
1791184526.96,other:/lib/systemd/systemd,cf1,0.00,171,101,103,0,103
1791184526.96,other:/lib/systemd/systemd,cf2,10.00,175,169,170,18446744073709551615,170
1791184526.96,other:/lib/systemd/systemd,cf3,10.00,156,148,149,0,149
1791184526.96,other:/lib/systemd/systemd,cf5,10.00,159,151,151,0,151
1791184526.96,other:/lib/systemd/systemd,cf4,10.00,156,151,151,1,151
1791184527.96,other:/lib/systemd/systemd,cf1,0.00,197,177,178,0,178
1791184527.96,other:/lib/systemd/systemd,cf2,10.00,199,190,192,0,192
1791184527.96,other:/lib/systemd/systemd,cf3,10.00,192,186,187,0,187
1791184527.96,other:/lib/systemd/systemd,cf5,10.00,196,190,192,0,192
1791184527.96,other:/lib/systemd/systemd,cf4,10.00,192,176,178,18446744073709551615,178
1791184528.96,other:/lib/systemd/systemd,cf1,0.00,210,197,198,0,198
1791184528.96,other:/lib/systemd/systemd,cf2,10.00,212,210,211,0,211
1791184528.96,other:/lib/systemd/systemd,cf3,10.00,204,195,196,0,196
1791184528.96,other:/lib/systemd/systemd,cf5,10.00,204,200,200,0,200
1791184528.96,other:/lib/systemd/systemd,cf4,10.00,204,194,195,0,195
1791184529.96,other:/lib/systemd/systemd,cf1,0.00,215,196,196,0,196
1791184529.96,other:/lib/systemd/systemd,cf2,10.00,216,211,212,0,212
1791184529.96,other:/lib/systemd/systemd,cf3,10.00,214,209,210,0,210
1791184529.96,other:/lib/systemd/systemd,cf5,10.00,215,212,214,0,214
1791184529.96,other:/lib/systemd/systemd,cf4,10.00,215,206,207,0,207
1791184530.96,other:/lib/systemd/systemd,cf1,0.00,181,140,141,0,141
1791184530.96,other:/lib/systemd/systemd,cf2,10.00,177,171,172,0,172
1791184530.96,other:/lib/systemd/systemd,cf3,10.00,207,203,204,0,204
1791184530.96,other:/lib/systemd/systemd,cf5,10.00,198,186,186,0,186
1791184530.96,other:/lib/systemd/systemd,cf4,10.00,205,197,198,0,198
1791184531.96,other:/lib/systemd/systemd,cf1,0.00,193,155,157,0,157
1791184531.96,other:/lib/systemd/systemd,cf2,10.00,192,185,186,0,186
1791184531.96,other:/lib/systemd/systemd,cf3,10.00,173,171,172,0,172
1791184531.96,other:/lib/systemd/systemd,cf5,10.00,181,159,161,0,161
1791184531.96,other:/lib/systemd/systemd,cf4,10.00,174,164,165,0,165
1791184532.96,other:/lib/systemd/systemd,cf1,0.00,165,85,86,0,86
1791184532.96,other:/lib/systemd/systemd,cf2,10.00,169,166,166,0,166
1791184532.96,other:/lib/systemd/systemd,cf3,10.00,188,184,185,0,185
1791184532.96,other:/lib/systemd/systemd,cf5,10.00,179,167,168,0,168
1791184532.96,other:/lib/systemd/systemd,cf4,10.00,187,180,181,0,181
1791184533.96,other:/lib/systemd/systemd,cf1,0.00,183,112,112,1,112
1791184533.96,other:/lib/systemd/systemd,cf2,10.00,174,168,170,0,170
1791184533.96,other:/lib/systemd/systemd,cf3,10.00,168,163,164,0,164
1791184533.96,other:/lib/systemd/systemd,cf5,10.00,170,166,166,0,166
1791184533.96,other:/lib/systemd/systemd,cf4,10.00,168,162,163,0,163
1791184534.96,other:/lib/systemd/systemd,cf1,0.00,163,67,69,18446744073709551615,69
1791184534.96,other:/lib/systemd/systemd,cf2,10.00,166,164,165,0,165
1791184534.96,other:/lib/systemd/systemd,cf3,10.00,175,172,172,0,172
1791184534.96,other:/lib/systemd/systemd,cf5,10.00,175,168,170,0,170
1791184534.96,other:/lib/systemd/systemd,cf4,10.00,176,169,170,0,170
1791184535.96,other:/lib/systemd/systemd,cf1,0.00,188,161,162,0,162
1791184535.96,other:/lib/systemd/systemd,cf2,10.00,193,190,190,0,190
1791184535.96,other:/lib/systemd/systemd,cf3,10.00,174,168,170,0,170
1791184535.96,other:/lib/systemd/systemd,cf5,10.00,172,144,145,0,145
1791184535.96,other:/lib/systemd/systemd,cf4,10.00,173,164,165,0,165
1791184536.96,other:/lib/systemd/systemd,cf1,0.00,199,192,192,0,192
1791184536.96,other:/lib/systemd/systemd,cf2,10.00,200,195,197,0,197
1791184536.96,other:/lib/systemd/systemd,cf3,10.00,195,186,186,0,186
1791184536.96,other:/lib/systemd/systemd,cf5,9.40,204,190,191,0,191
1791184536.96,other:/lib/systemd/systemd,cf4,10.00,197,191,192,0,192
1791184537.96,other:/lib/systemd/systemd,cf1,0.00,142,100,102,0,102
1791184537.96,other:/lib/systemd/systemd,cf2,10.00,128,125,126,0,126
1791184537.96,other:/lib/systemd/systemd,cf3,9.80,178,169,171,0,171
1791184537.96,other:/lib/systemd/systemd,cf5,9.80,167,96,96,1,96
1791184537.96,other:/lib/systemd/systemd,cf4,10.00,176,166,167,0,167
1791184538.96,other:/lib/systemd/systemd,cf1,0.00,142,111,111,0,111
1791184538.96,other:/lib/systemd/systemd,cf2,10.00,148,145,146,0,146
1791184538.96,other:/lib/systemd/systemd,cf3,10.00,132,125,126,0,126
1791184538.96,other:/lib/systemd/systemd,cf5,10.00,133,23,24,18446744073709551615,24
1791184538.96,other:/lib/systemd/systemd,cf4,10.00,132,127,128,0,128
1791184539.96,other:/lib/systemd/systemd,cf1,0.00,185,137,139,0,139
1791184539.96,other:/lib/systemd/systemd,cf2,10.00,194,187,188,0,188
1791184539.96,other:/lib/systemd/systemd,cf3,10.00,154,148,148,1,148
1791184539.96,other:/lib/systemd/systemd,cf5,10.00,163,124,125,0,125
1791184539.96,other:/lib/systemd/systemd,cf4,10.00,155,147,148,0,148
1791184540.96,other:/lib/systemd/systemd,cf1,0.00,179,147,147,1,147
1791184540.96,other:/lib/systemd/systemd,cf2,10.00,173,164,165,0,165
1791184540.96,other:/lib/systemd/systemd,cf3,10.00,200,194,196,18446744073709551615,196
1791184540.96,other:/lib/systemd/systemd,cf5,10.00,201,186,187,0,187
1791184540.96,other:/lib/systemd/systemd,cf4,10.00,199,194,194,0,194
1791184541.96,other:/lib/systemd/systemd,cf1,0.00,174,126,127,18446744073709551615,127
1791184541.96,other:/lib/systemd/systemd,cf2,10.00,173,168,169,0,169
1791184541.96,other:/lib/systemd/systemd,cf3,10.00,166,159,160,0,160
1791184541.96,other:/lib/systemd/systemd,cf5,10.60,163,133,135,0,135
1791184541.96,other:/lib/systemd/systemd,cf4,10.00,167,156,158,0,158
1791184542.96,other:/lib/systemd/systemd,cf1,0.00,177,104,106,0,106
1791184542.96,other:/lib/systemd/systemd,cf2,10.00,178,173,174,0,174
1791184542.96,other:/lib/systemd/systemd,cf3,10.20,179,175,176,0,176
1791184542.96,other:/lib/systemd/systemd,cf5,10.20,176,169,170,0,170
1791184542.96,other:/lib/systemd/systemd,cf4,10.00,179,168,169,0,169
1791184543.96,other:/lib/systemd/systemd,cf1,0.00,200,164,164,1,164
1791184543.96,other:/lib/systemd/systemd,cf2,10.00,204,196,197,0,197
1791184543.96,other:/lib/systemd/systemd,cf3,10.00,183,175,176,0,176
1791184543.96,other:/lib/systemd/systemd,cf5,10.00,190,183,184,0,184
1791184543.96,other:/lib/systemd/systemd,cf4,10.00,183,179,179,0,179
1791184544.96,other:/lib/systemd/systemd,cf1,0.00,183,111,112,18446744073709551615,112
1791184544.96,other:/lib/systemd/systemd,cf2,10.00,180,178,178,0,178
1791184544.96,other:/lib/systemd/systemd,cf3,10.00,196,193,194,0,194
1791184544.96,other:/lib/systemd/systemd,cf5,10.00,187,182,183,0,183
1791184544.96,other:/lib/systemd/systemd,cf4,10.00,194,186,188,0,188
1791184545.96,other:/lib/systemd/systemd,cf1,0.00,188,139,140,1,140
1791184545.96,other:/lib/systemd/systemd,cf2,10.00,189,183,185,0,185
1791184545.96,other:/lib/systemd/systemd,cf3,10.00,184,177,178,0,178
1791184545.96,other:/lib/systemd/systemd,cf5,10.00,189,181,182,0,182
1791184545.96,other:/lib/systemd/systemd,cf4,10.00,187,181,182,0,182
1791184546.96,other:/lib/systemd/systemd,cf1,0.00,174,95,96,18446744073709551615,96
1791184546.96,other:/lib/systemd/systemd,cf2,10.00,174,171,172,0,172
1791184546.96,other:/lib/systemd/systemd,cf3,10.00,187,183,184,0,184
1791184546.96,other:/lib/systemd/systemd,cf5,10.00,183,178,179,0,179
1791184546.96,other:/lib/systemd/systemd,cf4,10.00,187,176,177,0,177
1791184547.96,other:/lib/systemd/systemd,cf1,0.00,188,139,140,0,140
1791184547.96,other:/lib/systemd/systemd,cf2,10.00,187,181,182,0,182
1791184547.96,other:/lib/systemd/systemd,cf3,10.00,175,172,173,0,173
1791184547.96,other:/lib/systemd/systemd,cf5,10.00,178,166,167,0,167
1791184547.96,other:/lib/systemd/systemd,cf4,10.00,173,169,170,0,170
1791184548.96,other:/lib/systemd/systemd,cf1,0.00,168,85,87,0,87
1791184548.96,other:/lib/systemd/systemd,cf2,10.00,171,168,169,0,169
1791184548.96,other:/lib/systemd/systemd,cf3,10.00,182,178,179,0,179
1791184548.96,other:/lib/systemd/systemd,cf5,10.00,178,169,170,0,170
1791184548.96,other:/lib/systemd/systemd,cf4,10.00,183,177,178,0,178
1791184549.96,other:/lib/systemd/systemd,cf1,0.00,164,85,86,0,86
1791184549.96,other:/lib/systemd/systemd,cf2,10.00,155,150,151,0,151
1791184549.96,other:/lib/systemd/systemd,cf3,10.00,164,160,161,0,161
1791184549.96,other:/lib/systemd/systemd,cf5,9.80,166,152,153,0,153
1791184549.96,other:/lib/systemd/systemd,cf4,10.00,164,157,157,0,157
1791184550.96,other:/lib/systemd/systemd,cf1,0.00,134,50,50,1,50
1791184550.96,other:/lib/systemd/systemd,cf2,10.00,126,119,120,0,120
1791184550.96,other:/lib/systemd/systemd,cf3,10.00,151,146,147,0,147
1791184550.96,other:/lib/systemd/systemd,cf5,10.00,145,104,104,0,104
1791184550.96,other:/lib/systemd/systemd,cf4,10.00,150,142,144,0,144
1791184551.96,other:/lib/systemd/systemd,cf1,0.00,132,5,7,18446744073709551615,7
1791184551.96,other:/lib/systemd/systemd,cf2,10.00,139,134,135,0,135
1791184551.96,other:/lib/systemd/systemd,cf3,10.00,121,116,116,0,116
1791184551.96,other:/lib/systemd/systemd,cf5,10.00,124,46,48,0,48
1791184551.96,other:/lib/systemd/systemd,cf4,10.00,121,111,112,0,112
1791184552.96,other:/lib/systemd/systemd,cf1,0.00,165,83,83,1,83
1791184552.96,other:/lib/systemd/systemd,cf2,10.00,173,169,170,0,170
1791184552.96,other:/lib/systemd/systemd,cf3,10.00,152,145,146,0,146
1791184552.96,other:/lib/systemd/systemd,cf5,10.00,154,149,150,0,150
1791184552.96,other:/lib/systemd/systemd,cf4,10.00,153,148,149,0,149
1791184553.96,other:/lib/systemd/systemd,cf1,0.00,194,163,165,18446744073709551615,165
1791184553.96,other:/lib/systemd/systemd,cf2,10.00,192,189,189,0,189
1791184553.96,other:/lib/systemd/systemd,cf3,10.00,182,172,174,0,174
1791184553.96,other:/lib/systemd/systemd,cf5,10.00,185,177,177,1,177
1791184553.96,other:/lib/systemd/systemd,cf4,10.00,181,176,176,0,176
1791184554.96,other:/lib/systemd/systemd,cf1,0.00,167,123,124,0,124
1791184554.96,other:/lib/systemd/systemd,cf2,10.00,166,152,154,0,154
1791184554.96,other:/lib/systemd/systemd,cf3,10.00,185,181,182,0,182
1791184554.96,other:/lib/systemd/systemd,cf5,10.20,182,169,171,18446744073709551615,171
1791184554.96,other:/lib/systemd/systemd,cf4,10.00,185,170,172,0,172
1791184555.96,other:/lib/systemd/systemd,cf1,0.00,190,152,153,0,153
1791184555.96,other:/lib/systemd/systemd,cf2,10.00,191,186,187,0,187
1791184555.96,other:/lib/systemd/systemd,cf3,10.00,171,165,166,0,166
1791184555.96,other:/lib/systemd/systemd,cf5,10.00,174,164,164,0,164
1791184555.96,other:/lib/systemd/systemd,cf4,10.00,172,159,160,0,160
1791184556.96,other:/lib/systemd/systemd,cf1,0.00,184,137,137,0,137
1791184556.96,other:/lib/systemd/systemd,cf2,10.00,184,177,178,0,178
1791184556.96,other:/lib/systemd/systemd,cf3,10.00,190,186,187,0,187
1791184556.96,other:/lib/systemd/systemd,cf5,10.00,190,185,186,0,186
1791184556.96,other:/lib/systemd/systemd,cf4,10.00,190,184,185,0,185
1791184557.96,other:/lib/systemd/systemd,cf1,0.00,189,154,156,0,156
1791184557.96,other:/lib/systemd/systemd,cf2,10.00,193,190,191,0,191
1791184557.96,other:/lib/systemd/systemd,cf3,10.00,188,184,185,0,185
1791184557.96,other:/lib/systemd/systemd,cf5,10.00,187,181,183,0,183
1791184557.96,other:/lib/systemd/systemd,cf4,10.00,188,179,180,0,180
1791184558.96,other:/lib/systemd/systemd,cf1,0.00,206,182,182,0,182
1791184558.96,other:/lib/systemd/systemd,cf2,10.00,212,209,210,0,210
1791184558.96,other:/lib/systemd/systemd,cf3,10.00,199,194,194,0,194
1791184558.96,other:/lib/systemd/systemd,cf5,10.00,205,190,191,0,191
1791184558.96,other:/lib/systemd/systemd,cf4,10.00,200,194,195,0,195
1791184559.96,other:/lib/systemd/systemd,cf1,0.00,198,163,165,0,165
1791184559.96,other:/lib/systemd/systemd,cf2,10.00,186,182,183,0,183
1791184559.96,other:/lib/systemd/systemd,cf3,10.00,208,201,203,0,203
1791184559.96,other:/lib/systemd/systemd,cf5,10.00,202,189,189,0,189
1791184559.96,other:/lib/systemd/systemd,cf4,10.00,208,201,202,0,202
1791184560.96,other:/lib/systemd/systemd,cf1,0.00,177,120,121,0,121
1791184560.96,other:/lib/systemd/systemd,cf2,10.00,181,180,181,0,181
1791184560.96,other:/lib/systemd/systemd,cf3,10.00,179,172,173,0,173
1791184560.96,other:/lib/systemd/systemd,cf5,10.00,177,161,163,0,163
1791184560.96,other:/lib/systemd/systemd,cf4,10.00,178,170,171,0,171
1791184561.96,other:/lib/systemd/systemd,cf1,0.00,178,92,92,0,92
1791184561.96,other:/lib/systemd/systemd,cf2,10.00,181,176,177,0,177
1791184561.96,other:/lib/systemd/systemd,cf3,10.00,190,185,186,0,186
1791184561.96,other:/lib/systemd/systemd,cf5,10.00,192,182,183,0,183
1791184561.96,other:/lib/systemd/systemd,cf4,10.00,189,185,185,0,185
1791184562.96,other:/lib/systemd/systemd,cf1,0.00,185,126,128,0,128
1791184562.96,other:/lib/systemd/systemd,cf2,10.00,188,183,183,1,183
1791184562.96,other:/lib/systemd/systemd,cf3,9.80,174,170,171,0,171
1791184562.96,other:/lib/systemd/systemd,cf5,10.00,173,170,170,0,170
1791184562.96,other:/lib/systemd/systemd,cf4,10.00,175,171,173,0,173
1791184563.96,other:/lib/systemd/systemd,cf1,0.00,208,174,174,0,174
1791184563.96,other:/lib/systemd/systemd,cf2,10.00,207,205,207,18446744073709551615,207
1791184563.96,other:/lib/systemd/systemd,cf3,10.00,198,191,192,0,192
1791184563.96,other:/lib/systemd/systemd,cf5,10.00,203,191,193,0,193
1791184563.96,other:/lib/systemd/systemd,cf4,10.00,199,193,194,0,194
1791184564.96,other:/lib/systemd/systemd,cf1,0.00,188,117,118,1,118
1791184564.96,other:/lib/systemd/systemd,cf2,10.00,178,176,177,0,177
1791184564.96,other:/lib/systemd/systemd,cf3,10.00,196,189,190,0,190
1791184564.96,other:/lib/systemd/systemd,cf5,10.00,192,183,184,0,184
1791184564.96,other:/lib/systemd/systemd,cf4,10.00,195,190,191,0,191
1791184565.96,other:/lib/systemd/systemd,cf1,0.00,164,67,68,18446744073709551615,68
1791184565.96,other:/lib/systemd/systemd,cf2,10.00,162,159,160,0,160
1791184565.96,other:/lib/systemd/systemd,cf3,10.00,167,162,163,0,163
1791184565.96,other:/lib/systemd/systemd,cf5,10.00,165,158,159,0,159
1791184565.96,other:/lib/systemd/systemd,cf4,10.00,167,164,165,0,165
1791184566.96,other:/lib/systemd/systemd,cf1,0.00,167,88,90,0,90
1791184566.96,other:/lib/systemd/systemd,cf2,10.00,174,167,168,0,168
1791184566.96,other:/lib/systemd/systemd,cf3,10.00,165,160,161,0,161
1791184566.96,other:/lib/systemd/systemd,cf5,10.00,165,144,145,0,145
1791184566.96,other:/lib/systemd/systemd,cf4,10.00,165,164,165,0,165
1791184567.96,other:/lib/systemd/systemd,cf1,0.00,188,153,154,0,154
1791184567.96,other:/lib/systemd/systemd,cf2,10.00,185,182,182,0,182
1791184567.96,other:/lib/systemd/systemd,cf3,10.20,189,186,187,0,187
1791184567.96,other:/lib/systemd/systemd,cf5,10.00,190,176,177,0,177
1791184567.96,other:/lib/systemd/systemd,cf4,10.00,190,180,181,0,181
1791184568.96,other:/lib/systemd/systemd,cf1,0.00,193,148,149,0,149
1791184568.96,other:/lib/systemd/systemd,cf2,10.00,192,188,190,0,190
1791184568.96,other:/lib/systemd/systemd,cf3,10.00,186,183,184,0,184
1791184568.96,other:/lib/systemd/systemd,cf5,10.00,185,171,171,0,171
1791184568.96,other:/lib/systemd/systemd,cf4,10.00,185,176,177,0,177
1791184569.96,other:/lib/systemd/systemd,cf1,0.00,194,149,150,0,150
1791184569.96,other:/lib/systemd/systemd,cf2,10.00,197,195,196,0,196
1791184569.96,other:/lib/systemd/systemd,cf3,10.00,188,181,182,0,182
1791184569.96,other:/lib/systemd/systemd,cf5,10.00,191,178,180,0,180
1791184569.96,other:/lib/systemd/systemd,cf4,10.00,187,180,180,0,180
1791184570.96,other:/lib/systemd/systemd,cf1,0.00,177,124,125,0,125
1791184570.96,other:/lib/systemd/systemd,cf2,10.00,174,169,170,0,170
1791184570.96,other:/lib/systemd/systemd,cf3,10.00,188,179,180,0,180
1791184570.96,other:/lib/systemd/systemd,cf5,10.00,189,174,174,1,174
1791184570.96,other:/lib/systemd/systemd,cf4,10.00,189,184,186,0,186
1791184571.96,other:/lib/systemd/systemd,cf1,0.00,167,99,99,1,99
1791184571.96,other:/lib/systemd/systemd,cf2,10.00,167,163,164,0,164
1791184571.96,other:/lib/systemd/systemd,cf3,10.00,178,174,174,0,174
1791184571.96,other:/lib/systemd/systemd,cf5,10.00,176,149,151,18446744073709551615,151
1791184571.96,other:/lib/systemd/systemd,cf4,10.00,177,166,167,0,167
1791184572.96,other:/lib/systemd/systemd,cf1,0.00,186,127,129,18446744073709551615,129
1791184572.96,other:/lib/systemd/systemd,cf2,10.00,195,187,188,0,188
1791184572.96,other:/lib/systemd/systemd,cf3,10.00,161,150,151,0,151
1791184572.96,other:/lib/systemd/systemd,cf5,10.00,165,153,154,0,154
1791184572.96,other:/lib/systemd/systemd,cf4,10.00,163,154,155,0,155
1791184573.96,other:/lib/systemd/systemd,cf1,0.00,177,89,89,1,89
1791184573.96,other:/lib/systemd/systemd,cf2,10.00,166,162,163,0,163
1791184573.96,other:/lib/systemd/systemd,cf3,10.00,203,198,200,0,200
1791184573.96,other:/lib/systemd/systemd,cf5,10.00,199,196,197,0,197
1791184573.96,other:/lib/systemd/systemd,cf4,10.00,203,197,198,0,198
1791184574.96,other:/lib/systemd/systemd,cf1,0.00,177,102,103,0,103
1791184574.96,other:/lib/systemd/systemd,cf2,10.00,181,176,176,0,176
1791184574.96,other:/lib/systemd/systemd,cf3,10.00,161,159,160,0,160
1791184574.96,other:/lib/systemd/systemd,cf5,10.00,163,161,161,1,161
1791184574.96,other:/lib/systemd/systemd,cf4,10.00,160,156,157,0,157
1791184575.96,other:/lib/systemd/systemd,cf1,0.00,165,80,81,18446744073709551615,81
1791184575.96,other:/lib/systemd/systemd,cf2,10.00,166,157,159,0,159
1791184575.96,other:/lib/systemd/systemd,cf3,10.00,179,171,172,0,172
1791184575.96,other:/lib/systemd/systemd,cf5,10.00,173,170,172,18446744073709551615,172
1791184575.96,other:/lib/systemd/systemd,cf4,10.00,178,171,171,1,171
1791184576.96,other:/lib/systemd/systemd,cf1,0.00,141,51,52,0,52
1791184576.96,other:/lib/systemd/systemd,cf2,9.80,132,118,119,0,119
1791184576.96,other:/lib/systemd/systemd,cf3,9.80,157,144,145,0,145
1791184576.96,other:/lib/systemd/systemd,cf5,10.00,157,147,148,0,148
1791184576.96,other:/lib/systemd/systemd,cf4,9.80,157,145,147,18446744073709551615,147
1791184577.96,other:/lib/systemd/systemd,cf1,0.00,107,35,36,0,36
1791184577.96,other:/lib/systemd/systemd,cf2,10.00,110,80,81,0,81
1791184577.96,other:/lib/systemd/systemd,cf3,10.00,119,94,95,0,95
1791184577.96,other:/lib/systemd/systemd,cf5,10.00,109,76,76,1,76
1791184577.96,other:/lib/systemd/systemd,cf4,10.00,118,87,87,1,87
1791184578.96,other:/lib/systemd/systemd,cf1,0.00,152,23,24,1,24
1791184578.96,other:/lib/systemd/systemd,cf2,10.00,147,135,136,0,136
1791184578.96,other:/lib/systemd/systemd,cf3,9.80,130,105,106,0,106
1791184578.96,other:/lib/systemd/systemd,cf5,10.00,139,124,126,18446744073709551615,126
1791184578.96,other:/lib/systemd/systemd,cf4,10.00,131,112,114,18446744073709551615,114
1791184579.96,other:/lib/systemd/systemd,cf1,0.00,113,24,25,0,25
1791184579.96,other:/lib/systemd/systemd,cf2,9.60,102,66,67,0,67
1791184579.96,other:/lib/systemd/systemd,cf3,9.60,137,124,125,0,125
1791184579.96,other:/lib/systemd/systemd,cf5,9.80,139,131,132,0,132
1791184579.96,other:/lib/systemd/systemd,cf4,9.40,138,129,129,0,129
1791184580.96,other:/lib/systemd/systemd,cf1,0.00,96,30,31,0,31
1791184580.96,other:/lib/systemd/systemd,cf2,9.40,111,85,85,0,85
1791184580.96,other:/lib/systemd/systemd,cf3,9.40,84,40,40,0,40
1791184580.96,other:/lib/systemd/systemd,cf5,9.60,73,23,23,1,23
1791184580.96,other:/lib/systemd/systemd,cf4,9.20,82,31,32,1,32
1791184581.96,other:/lib/systemd/systemd,cf1,0.00,99,16,17,0,17
1791184581.96,other:/lib/systemd/systemd,cf2,9.80,84,42,43,1,43
1791184581.96,other:/lib/systemd/systemd,cf3,9.00,107,69,70,1,70
1791184581.96,other:/lib/systemd/systemd,cf5,9.00,111,81,83,18446744073709551615,83
1791184581.96,other:/lib/systemd/systemd,cf4,9.00,107,64,65,0,65
1791184582.96,other:/lib/systemd/systemd,cf1,0.00,65,0,0,0,0
1791184582.96,other:/lib/systemd/systemd,cf2,9.60,77,27,29,18446744073709551615,29
1791184582.96,other:/lib/systemd/systemd,cf3,9.40,84,35,36,18446744073709551615,36
1791184582.96,other:/lib/systemd/systemd,cf5,9.80,80,32,32,0,32
1791184582.96,other:/lib/systemd/systemd,cf4,9.60,84,36,37,0,37
1791184583.96,other:/lib/systemd/systemd,cf1,0.00,84,0,0,2,0
1791184583.96,other:/lib/systemd/systemd,cf2,9.00,72,20,20,0,20
1791184583.96,other:/lib/systemd/systemd,cf3,9.00,83,35,36,0,36
1791184583.96,other:/lib/systemd/systemd,cf5,8.80,84,38,39,1,39
1791184583.96,other:/lib/systemd/systemd,cf4,8.00,83,35,36,0,36
1791184584.96,other:/lib/systemd/systemd,cf1,0.00,76,0,3,18446744073709551614,3
1791184584.96,other:/lib/systemd/systemd,cf2,10.00,86,48,49,0,49
1791184584.96,other:/lib/systemd/systemd,cf3,9.80,67,12,14,0,14
1791184584.96,other:/lib/systemd/systemd,cf5,9.80,65,5,6,0,6
1791184584.96,other:/lib/systemd/systemd,cf4,10.20,66,2,3,18446744073709551615,3
1791184585.96,other:/lib/systemd/systemd,cf1,0.00,83,0,0,1,0
1791184585.96,other:/lib/systemd/systemd,cf2,10.00,80,33,34,0,34
1791184585.96,other:/lib/systemd/systemd,cf3,10.00,88,44,45,0,45
1791184585.96,other:/lib/systemd/systemd,cf5,10.00,93,56,57,0,57
1791184585.96,other:/lib/systemd/systemd,cf4,10.00,90,45,47,0,47
1791184586.96,other:/lib/systemd/systemd,cf1,0.00,108,30,32,18446744073709551614,32
1791184586.96,other:/lib/systemd/systemd,cf2,10.40,118,88,90,0,90
1791184586.96,other:/lib/systemd/systemd,cf3,11.20,79,32,32,0,32
1791184586.96,other:/lib/systemd/systemd,cf5,11.00,91,44,46,18446744073709551615,46
1791184586.96,other:/lib/systemd/systemd,cf4,11.20,80,26,27,0,27
1791184587.96,other:/lib/systemd/systemd,cf1,0.00,155,88,89,0,89
1791184587.96,other:/lib/systemd/systemd,cf2,9.60,143,119,119,1,119
1791184587.96,other:/lib/systemd/systemd,cf3,9.60,155,139,140,0,140
1791184587.96,other:/lib/systemd/systemd,cf5,9.60,141,128,129,0,129
1791184587.96,other:/lib/systemd/systemd,cf4,9.40,153,138,138,0,138
1791184588.96,other:/lib/systemd/systemd,cf1,0.00,95,25,26,1,26
1791184588.96,other:/lib/systemd/systemd,cf2,10.40,91,47,48,0,48
1791184588.96,other:/lib/systemd/systemd,cf3,11.20,104,59,60,1,60
1791184588.96,other:/lib/systemd/systemd,cf5,11.20,111,79,80,0,80
1791184588.96,other:/lib/systemd/systemd,cf4,11.00,104,60,61,0,61
1791184589.96,other:/lib/systemd/systemd,cf1,0.00,93,16,18,18446744073709551615,18
1791184589.96,other:/lib/systemd/systemd,cf2,10.40,111,82,83,18446744073709551615,83
1791184589.96,other:/lib/systemd/systemd,cf3,10.60,95,58,60,18446744073709551615,60
1791184589.96,other:/lib/systemd/systemd,cf5,10.40,91,51,51,1,51
1791184589.96,other:/lib/systemd/systemd,cf4,10.40,96,54,55,0,55
1791184590.96,other:/lib/systemd/systemd,cf1,0.00,153,27,27,1,27
1791184590.96,other:/lib/systemd/systemd,cf2,10.60,151,147,149,0,149
1791184590.96,other:/lib/systemd/systemd,cf3,10.60,137,119,120,0,120
1791184590.96,other:/lib/systemd/systemd,cf5,10.40,141,129,131,18446744073709551615,131
1791184590.96,other:/lib/systemd/systemd,cf4,10.80,136,121,123,0,123
1791184591.96,other:/lib/systemd/systemd,cf1,0.00,166,81,82,18446744073709551615,82
1791184591.96,other:/lib/systemd/systemd,cf2,10.00,169,162,163,0,163
1791184591.96,other:/lib/systemd/systemd,cf3,10.00,150,145,146,0,146
1791184591.96,other:/lib/systemd/systemd,cf5,10.00,154,147,147,1,147
1791184591.96,other:/lib/systemd/systemd,cf4,10.00,151,148,149,0,149
1791184592.96,other:/lib/systemd/systemd,cf1,0.00,152,26,28,0,28
1791184592.96,other:/lib/systemd/systemd,cf2,10.60,149,144,145,0,145
1791184592.96,other:/lib/systemd/systemd,cf3,11.00,169,164,165,0,165
1791184592.96,other:/lib/systemd/systemd,cf5,10.60,167,160,162,18446744073709551615,162
1791184592.96,other:/lib/systemd/systemd,cf4,11.00,170,167,168,0,168
1791184593.96,other:/lib/systemd/systemd,cf1,0.00,153,45,45,1,45
1791184593.96,other:/lib/systemd/systemd,cf2,10.60,151,148,149,0,149
1791184593.96,other:/lib/systemd/systemd,cf3,10.00,152,149,150,0,150
1791184593.96,other:/lib/systemd/systemd,cf5,10.00,153,140,141,0,141
1791184593.96,other:/lib/systemd/systemd,cf4,11.00,151,142,143,0,143
1791184594.96,other:/lib/systemd/systemd,cf1,0.00,151,28,29,0,29
1791184594.96,other:/lib/systemd/systemd,cf2,10.00,155,151,152,0,152
1791184594.96,other:/lib/systemd/systemd,cf3,10.00,146,141,142,0,142
1791184594.96,other:/lib/systemd/systemd,cf5,10.00,146,117,118,0,118
1791184594.96,other:/lib/systemd/systemd,cf4,10.00,146,142,143,0,143
1791184595.96,other:/lib/systemd/systemd,cf1,0.00,149,51,52,18446744073709551615,52
1791184595.96,other:/lib/systemd/systemd,cf2,10.00,146,143,144,0,144
1791184595.96,other:/lib/systemd/systemd,cf3,10.00,160,157,157,1,157
1791184595.96,other:/lib/systemd/systemd,cf5,10.00,154,132,132,1,132
1791184595.96,other:/lib/systemd/systemd,cf4,10.00,159,154,155,0,155
1791184596.96,other:/lib/systemd/systemd,cf1,0.00,137,25,27,0,27
1791184596.96,other:/lib/systemd/systemd,cf2,9.80,137,127,128,0,128
1791184596.96,other:/lib/systemd/systemd,cf3,10.00,130,114,116,18446744073709551615,116
1791184596.96,other:/lib/systemd/systemd,cf5,10.00,135,101,103,18446744073709551615,103
1791184596.96,other:/lib/systemd/systemd,cf4,10.00,132,118,119,0,119
1791184597.96,other:/lib/systemd/systemd,cf1,0.00,157,86,86,1,86
1791184597.96,other:/lib/systemd/systemd,cf2,10.00,166,162,163,0,163
1791184597.96,other:/lib/systemd/systemd,cf3,10.00,146,142,143,0,143
1791184597.96,other:/lib/systemd/systemd,cf5,10.00,147,124,125,0,125
1791184597.96,other:/lib/systemd/systemd,cf4,10.00,146,136,137,0,137
1791184598.96,other:/lib/systemd/systemd,cf1,0.00,166,78,80,18446744073709551615,80
1791184598.96,other:/lib/systemd/systemd,cf2,9.80,157,154,155,0,155
1791184598.96,other:/lib/systemd/systemd,cf3,10.00,173,167,168,0,168
1791184598.96,other:/lib/systemd/systemd,cf5,10.00,176,171,172,0,172
1791184598.96,other:/lib/systemd/systemd,cf4,10.00,172,165,165,1,165
1791184599.96,other:/lib/systemd/systemd,cf1,0.00,158,89,89,1,89
1791184599.96,other:/lib/systemd/systemd,cf2,10.00,155,152,152,0,152
1791184599.96,other:/lib/systemd/systemd,cf3,10.00,158,151,151,1,151
1791184599.96,other:/lib/systemd/systemd,cf5,10.00,157,150,151,0,151
1791184599.96,other:/lib/systemd/systemd,cf4,10.00,158,147,149,18446744073709551615,149
1791184600.96,other:/lib/systemd/systemd,cf1,0.00,163,63,64,0,64
1791184600.96,other:/lib/systemd/systemd,cf2,10.00,173,168,170,0,170
1791184600.96,other:/lib/systemd/systemd,cf3,10.00,163,154,156,18446744073709551615,156
1791184600.96,other:/lib/systemd/systemd,cf5,10.00,158,149,149,0,149
1791184600.96,other:/lib/systemd/systemd,cf4,10.00,163,144,145,0,145
1791184601.96,other:/lib/systemd/systemd,cf1,0.00,176,124,126,18446744073709551615,126
1791184601.96,other:/lib/systemd/systemd,cf2,10.00,176,170,171,0,171
1791184601.96,other:/lib/systemd/systemd,cf3,10.00,164,159,160,0,160
1791184601.96,other:/lib/systemd/systemd,cf5,10.00,168,149,151,0,151
1791184601.96,other:/lib/systemd/systemd,cf4,10.00,164,159,159,0,159
1791184602.96,other:/lib/systemd/systemd,cf1,0.00,202,181,182,0,182
1791184602.96,other:/lib/systemd/systemd,cf2,10.00,207,201,202,0,202
1791184602.96,other:/lib/systemd/systemd,cf3,10.00,193,187,187,0,187
1791184602.96,other:/lib/systemd/systemd,cf5,10.00,196,187,188,0,188
1791184602.96,other:/lib/systemd/systemd,cf4,10.00,195,187,189,0,189
1791184603.96,other:/lib/systemd/systemd,cf1,0.00,165,69,69,0,69
1791184603.96,other:/lib/systemd/systemd,cf2,10.00,163,159,160,0,160
1791184603.96,other:/lib/systemd/systemd,cf3,10.00,186,178,180,0,180
1791184603.96,other:/lib/systemd/systemd,cf5,10.00,180,176,177,0,177
1791184603.96,other:/lib/systemd/systemd,cf4,10.00,184,176,177,0,177
1791184604.96,other:/lib/systemd/systemd,cf1,0.00,187,141,142,0,142
1791184604.96,other:/lib/systemd/systemd,cf2,9.80,176,172,173,0,173
1791184604.96,other:/lib/systemd/systemd,cf3,10.00,177,172,172,0,172
1791184604.96,other:/lib/systemd/systemd,cf5,10.00,182,172,173,0,173
1791184604.96,other:/lib/systemd/systemd,cf4,10.00,177,170,171,0,171
1791184605.96,other:/lib/systemd/systemd,cf1,0.00,162,79,81,0,81
1791184605.96,other:/lib/systemd/systemd,cf2,9.80,172,163,164,0,164
1791184605.96,other:/lib/systemd/systemd,cf3,10.00,168,161,163,0,163
1791184605.96,other:/lib/systemd/systemd,cf5,10.00,163,154,155,0,155
1791184605.96,other:/lib/systemd/systemd,cf4,10.00,168,160,161,0,161
1791184606.96,other:/lib/systemd/systemd,cf1,0.00,171,81,81,1,81
1791184606.96,other:/lib/systemd/systemd,cf2,10.00,167,165,166,0,166
1791184606.96,other:/lib/systemd/systemd,cf3,10.00,180,174,175,0,175
1791184606.96,other:/lib/systemd/systemd,cf5,10.00,182,180,181,0,181
1791184606.96,other:/lib/systemd/systemd,cf4,10.00,182,175,176,0,176
1791184607.96,other:/lib/systemd/systemd,cf1,0.00,196,171,172,18446744073709551615,172
1791184607.96,other:/lib/systemd/systemd,cf2,10.00,195,188,189,0,189
1791184607.96,other:/lib/systemd/systemd,cf3,10.00,176,171,172,0,172
1791184607.96,other:/lib/systemd/systemd,cf5,10.00,181,179,180,0,180
1791184607.96,other:/lib/systemd/systemd,cf4,10.00,175,165,166,0,166
1791184608.96,other:/lib/systemd/systemd,cf1,0.00,183,102,104,0,104
1791184608.96,other:/lib/systemd/systemd,cf2,10.00,180,176,177,0,177
1791184608.96,other:/lib/systemd/systemd,cf3,10.00,194,192,193,0,193
1791184608.96,other:/lib/systemd/systemd,cf5,10.00,190,186,186,1,186
1791184608.96,other:/lib/systemd/systemd,cf4,10.00,193,182,182,0,182
1791184609.96,other:/lib/systemd/systemd,cf1,0.00,178,109,109,0,109
1791184609.96,other:/lib/systemd/systemd,cf2,10.00,181,177,178,0,178
1791184609.96,other:/lib/systemd/systemd,cf3,10.00,172,170,171,0,171
1791184609.96,other:/lib/systemd/systemd,cf5,10.00,174,169,171,18446744073709551615,171
1791184609.96,other:/lib/systemd/systemd,cf4,10.00,174,164,166,0,166
1791184610.96,other:/lib/systemd/systemd,cf1,0.00,185,125,127,0,127
1791184610.96,other:/lib/systemd/systemd,cf2,10.00,194,188,189,0,189
1791184610.96,other:/lib/systemd/systemd,cf3,10.00,174,164,165,0,165
1791184610.96,other:/lib/systemd/systemd,cf5,10.00,174,171,172,0,172
1791184610.96,other:/lib/systemd/systemd,cf4,10.00,173,161,162,0,162
1791184611.96,other:/lib/systemd/systemd,cf1,0.00,199,181,182,0,182
1791184611.96,other:/lib/systemd/systemd,cf2,10.00,188,173,173,1,173
1791184611.96,other:/lib/systemd/systemd,cf3,10.00,214,204,205,0,205
1791184611.96,other:/lib/systemd/systemd,cf5,10.00,215,212,213,0,213
1791184611.96,other:/lib/systemd/systemd,cf4,10.00,215,204,205,0,205
1791184612.96,other:/lib/systemd/systemd,cf1,0.00,205,184,185,0,185
1791184612.96,other:/lib/systemd/systemd,cf2,10.00,217,213,215,18446744073709551615,215
1791184612.96,other:/lib/systemd/systemd,cf3,10.00,185,173,174,0,174
1791184612.96,other:/lib/systemd/systemd,cf5,10.00,187,180,181,0,181
1791184612.96,other:/lib/systemd/systemd,cf4,10.00,184,162,163,0,163
1791184613.96,other:/lib/systemd/systemd,cf1,0.00,174,141,142,0,142
1791184613.96,other:/lib/systemd/systemd,cf2,10.00,157,136,137,0,137
1791184613.96,other:/lib/systemd/systemd,cf3,10.00,199,190,190,0,190
1791184613.96,other:/lib/systemd/systemd,cf5,10.00,201,189,190,0,190
1791184613.96,other:/lib/systemd/systemd,cf4,10.00,201,182,183,0,183
1791184614.96,other:/lib/systemd/systemd,cf1,0.00,149,71,71,1,71
1791184614.96,other:/lib/systemd/systemd,cf2,10.00,151,141,142,0,142
1791184614.96,other:/lib/systemd/systemd,cf3,10.00,160,141,142,1,142
1791184614.96,other:/lib/systemd/systemd,cf5,10.00,148,129,130,0,130
1791184614.96,other:/lib/systemd/systemd,cf4,10.00,155,131,131,1,131
1791184615.96,other:/lib/systemd/systemd,cf1,0.00,169,77,78,0,78
1791184615.96,other:/lib/systemd/systemd,cf2,10.00,163,155,156,0,156
1791184615.96,other:/lib/systemd/systemd,cf3,10.00,155,146,148,18446744073709551615,148
1791184615.96,other:/lib/systemd/systemd,cf5,10.00,162,157,157,1,157
1791184615.96,other:/lib/systemd/systemd,cf4,10.00,159,148,150,18446744073709551615,150
1791184616.96,other:/lib/systemd/systemd,cf1,0.00,133,58,59,18446744073709551615,59
1791184616.96,other:/lib/systemd/systemd,cf2,10.00,140,122,123,0,123
1791184616.96,other:/lib/systemd/systemd,cf3,10.00,154,141,142,0,142
1791184616.96,other:/lib/systemd/systemd,cf5,10.00,152,140,142,18446744073709551615,142
1791184616.96,other:/lib/systemd/systemd,cf4,10.00,152,130,131,0,131
1791184617.96,other:/lib/systemd/systemd,cf1,0.00,161,102,103,1,103
1791184617.96,other:/lib/systemd/systemd,cf2,10.00,163,153,153,1,153
1791184617.96,other:/lib/systemd/systemd,cf3,10.00,139,127,127,0,127
1791184617.96,other:/lib/systemd/systemd,cf5,10.00,137,123,123,0,123
1791184617.96,other:/lib/systemd/systemd,cf4,10.00,139,101,102,0,102
1791184618.96,other:/lib/systemd/systemd,cf1,0.00,133,36,37,0,37
1791184618.96,other:/lib/systemd/systemd,cf2,10.00,132,121,123,18446744073709551615,123
1791184618.96,other:/lib/systemd/systemd,cf3,10.00,158,147,149,0,149
1791184618.96,other:/lib/systemd/systemd,cf5,10.00,153,142,143,1,143
1791184618.96,other:/lib/systemd/systemd,cf4,10.00,158,129,130,0,130
1791184619.96,other:/lib/systemd/systemd,cf1,0.00,144,58,59,18446744073709551615,59
1791184619.96,other:/lib/systemd/systemd,cf2,10.00,145,134,134,0,134
1791184619.96,other:/lib/systemd/systemd,cf3,10.00,138,127,128,0,128
1791184619.96,other:/lib/systemd/systemd,cf5,10.00,145,133,135,18446744073709551615,135
1791184619.96,other:/lib/systemd/systemd,cf4,10.00,139,125,126,0,126
1791184620.96,other:/lib/systemd/systemd,cf1,0.00,154,55,56,0,56
1791184620.96,other:/lib/systemd/systemd,cf2,10.00,146,136,138,0,138
1791184620.96,other:/lib/systemd/systemd,cf3,10.00,143,130,130,1,130
1791184620.96,other:/lib/systemd/systemd,cf5,10.00,144,134,135,0,135
1791184620.96,other:/lib/systemd/systemd,cf4,9.60,142,122,123,0,123
1791184621.96,other:/lib/systemd/systemd,cf1,0.00,121,18,19,0,19
1791184621.96,other:/lib/systemd/systemd,cf2,10.00,133,129,130,0,130
1791184621.96,other:/lib/systemd/systemd,cf3,10.00,132,121,123,18446744073709551615,123
1791184621.96,other:/lib/systemd/systemd,cf5,10.00,123,112,113,0,113
1791184621.96,other:/lib/systemd/systemd,cf4,10.00,131,74,74,1,74
1791184622.96,other:/lib/systemd/systemd,cf1,0.00,174,128,130,0,130
1791184622.96,other:/lib/systemd/systemd,cf2,10.00,181,173,174,0,174
1791184622.96,other:/lib/systemd/systemd,cf3,10.00,159,151,152,0,152
1791184622.96,other:/lib/systemd/systemd,cf5,10.00,169,162,163,0,163
1791184622.96,other:/lib/systemd/systemd,cf4,10.00,161,133,134,18446744073709551615,134
1791184623.96,other:/lib/systemd/systemd,cf1,0.00,177,108,108,0,108
1791184623.96,other:/lib/systemd/systemd,cf2,10.00,175,167,168,0,168
1791184623.96,other:/lib/systemd/systemd,cf3,10.00,170,157,158,0,158
1791184623.96,other:/lib/systemd/systemd,cf5,10.00,169,161,162,0,162
1791184623.96,other:/lib/systemd/systemd,cf4,10.00,169,149,151,0,151
1791184624.96,other:/lib/systemd/systemd,cf1,0.00,178,159,161,0,161
1791184624.96,other:/lib/systemd/systemd,cf2,10.00,180,169,170,0,170
1791184624.96,other:/lib/systemd/systemd,cf3,10.00,188,184,184,1,184
1791184624.96,other:/lib/systemd/systemd,cf5,10.00,187,179,179,0,179
1791184624.96,other:/lib/systemd/systemd,cf4,10.00,189,169,170,0,170
1791184625.96,other:/lib/systemd/systemd,cf1,0.00,177,161,162,0,162
1791184625.96,other:/lib/systemd/systemd,cf2,10.00,164,153,154,0,154
1791184625.96,other:/lib/systemd/systemd,cf3,10.00,178,165,167,18446744073709551615,167
1791184625.96,other:/lib/systemd/systemd,cf5,10.00,176,151,152,0,152
1791184625.96,other:/lib/systemd/systemd,cf4,10.40,176,157,158,0,158
1791184626.96,other:/lib/systemd/systemd,cf1,0.00,172,134,135,0,135
1791184626.96,other:/lib/systemd/systemd,cf2,10.00,170,162,163,0,163
1791184626.96,other:/lib/systemd/systemd,cf3,10.00,156,143,144,0,144
1791184626.96,other:/lib/systemd/systemd,cf5,10.00,159,119,120,1,120
1791184626.96,other:/lib/systemd/systemd,cf4,10.00,157,144,145,0,145
1791184627.96,other:/lib/systemd/systemd,cf1,0.00,143,48,48,0,48
1791184627.96,other:/lib/systemd/systemd,cf2,10.00,153,143,144,0,144
1791184627.96,other:/lib/systemd/systemd,cf3,10.00,164,150,151,0,151
1791184627.96,other:/lib/systemd/systemd,cf5,10.00,156,150,152,18446744073709551615,152
1791184627.96,other:/lib/systemd/systemd,cf4,10.00,164,153,154,0,154
1791184628.96,other:/lib/systemd/systemd,cf1,0.00,167,111,112,0,112
1791184628.96,other:/lib/systemd/systemd,cf2,10.00,162,150,151,0,151
1791184628.96,other:/lib/systemd/systemd,cf3,10.00,151,138,138,0,138
1791184628.96,other:/lib/systemd/systemd,cf5,10.00,157,147,148,0,148
1791184628.96,other:/lib/systemd/systemd,cf4,10.00,151,138,139,0,139
1791184629.96,other:/lib/systemd/systemd,cf1,0.00,145,26,27,1,27
1791184629.96,other:/lib/systemd/systemd,cf2,10.00,146,136,137,0,137
1791184629.96,other:/lib/systemd/systemd,cf3,10.00,159,152,153,1,153
1791184629.96,other:/lib/systemd/systemd,cf5,10.00,157,149,150,0,150
1791184629.96,other:/lib/systemd/systemd,cf4,10.00,159,147,147,0,147
1791184630.96,other:/lib/systemd/systemd,cf1,0.00,176,131,132,18446744073709551615,132
1791184630.96,other:/lib/systemd/systemd,cf2,10.00,184,175,176,0,176
1791184630.96,other:/lib/systemd/systemd,cf3,9.80,159,148,150,18446744073709551615,150
1791184630.96,other:/lib/systemd/systemd,cf5,10.00,164,157,157,1,157
1791184630.96,other:/lib/systemd/systemd,cf4,10.00,160,147,149,0,149
1791184631.96,other:/lib/systemd/systemd,cf1,0.00,134,87,88,1,88
1791184631.96,other:/lib/systemd/systemd,cf2,10.00,107,74,74,1,74
1791184631.96,other:/lib/systemd/systemd,cf3,10.00,185,174,175,0,175
1791184631.96,other:/lib/systemd/systemd,cf5,9.80,170,152,154,18446744073709551615,154
1791184631.96,other:/lib/systemd/systemd,cf4,10.00,182,172,172,0,172
1791184632.96,other:/lib/systemd/systemd,cf1,0.00,128,61,63,18446744073709551615,63
1791184632.96,other:/lib/systemd/systemd,cf2,10.00,144,140,141,18446744073709551615,141
1791184632.96,other:/lib/systemd/systemd,cf3,10.00,99,58,59,0,59
1791184632.96,other:/lib/systemd/systemd,cf5,10.00,106,48,48,0,48
1791184632.96,other:/lib/systemd/systemd,cf4,10.00,101,64,66,0,66
1791184633.96,other:/lib/systemd/systemd,cf1,0.00,170,84,85,0,85
1791184633.96,other:/lib/systemd/systemd,cf2,10.00,180,173,174,0,174
1791184633.96,other:/lib/systemd/systemd,cf3,10.00,143,140,140,0,140
1791184633.96,other:/lib/systemd/systemd,cf5,10.00,147,123,125,0,125
1791184633.96,other:/lib/systemd/systemd,cf4,10.00,144,139,140,0,140
1791184634.96,other:/lib/systemd/systemd,cf1,0.00,173,100,100,0,100
1791184634.96,other:/lib/systemd/systemd,cf2,10.00,168,163,165,0,165
1791184634.96,other:/lib/systemd/systemd,cf3,10.00,191,186,188,0,188
1791184634.96,other:/lib/systemd/systemd,cf5,10.00,188,179,179,0,179
1791184634.96,other:/lib/systemd/systemd,cf4,10.00,189,180,180,0,180
1791184635.96,other:/lib/systemd/systemd,cf1,0.00,141,70,71,1,71
1791184635.96,other:/lib/systemd/systemd,cf2,10.00,135,120,121,0,121
1791184635.96,other:/lib/systemd/systemd,cf3,10.20,159,148,148,1,148
1791184635.96,other:/lib/systemd/systemd,cf5,10.00,159,138,140,0,140
1791184635.96,other:/lib/systemd/systemd,cf4,10.00,159,146,148,0,148
1791184636.96,other:/lib/systemd/systemd,cf1,0.00,129,43,45,18446744073709551615,45
1791184636.96,other:/lib/systemd/systemd,cf2,10.00,119,92,93,0,93
1791184636.96,other:/lib/systemd/systemd,cf3,10.00,135,123,125,18446744073709551615,125
1791184636.96,other:/lib/systemd/systemd,cf5,10.20,134,104,104,1,104
1791184636.96,other:/lib/systemd/systemd,cf4,10.00,136,116,116,0,116
1791184637.96,other:/lib/systemd/systemd,cf1,0.00,123,47,48,0,48
1791184637.96,other:/lib/systemd/systemd,cf2,10.00,127,118,119,0,119
1791184637.96,other:/lib/systemd/systemd,cf3,10.00,103,77,78,0,78
1791184637.96,other:/lib/systemd/systemd,cf5,10.00,106,36,38,18446744073709551615,38
1791184637.96,other:/lib/systemd/systemd,cf4,10.00,103,70,72,0,72
1791184638.96,other:/lib/systemd/systemd,cf1,0.00,139,46,46,1,46
1791184638.96,other:/lib/systemd/systemd,cf2,10.00,146,137,138,0,138
1791184638.96,other:/lib/systemd/systemd,cf3,10.00,139,134,135,0,135
1791184638.96,other:/lib/systemd/systemd,cf5,9.80,133,83,84,0,84
1791184638.96,other:/lib/systemd/systemd,cf4,10.00,138,129,129,1,129
1791184639.96,other:/lib/systemd/systemd,cf1,0.00,153,84,85,0,85
1791184639.96,other:/lib/systemd/systemd,cf2,10.00,155,146,147,0,147
1791184639.96,other:/lib/systemd/systemd,cf3,10.00,150,139,140,0,140
1791184639.96,other:/lib/systemd/systemd,cf5,10.00,150,119,119,0,119
1791184639.96,other:/lib/systemd/systemd,cf4,10.00,151,137,139,18446744073709551615,139
1791184640.96,other:/lib/systemd/systemd,cf1,0.00,134,29,31,18446744073709551615,31
1791184640.96,other:/lib/systemd/systemd,cf2,10.00,132,125,126,0,126
1791184640.96,other:/lib/systemd/systemd,cf3,10.00,154,148,149,0,149
1791184640.96,other:/lib/systemd/systemd,cf5,10.00,154,130,132,0,132
1791184640.96,other:/lib/systemd/systemd,cf4,10.00,153,143,143,1,143
1791184641.96,other:/lib/systemd/systemd,cf1,0.00,175,122,122,1,122
1791184641.96,other:/lib/systemd/systemd,cf2,10.00,183,179,180,0,180
1791184641.96,other:/lib/systemd/systemd,cf3,10.00,139,131,132,0,132
1791184641.96,other:/lib/systemd/systemd,cf5,10.00,149,101,102,0,102
1791184641.96,other:/lib/systemd/systemd,cf4,10.00,141,133,135,18446744073709551615,135
1791184642.96,other:/lib/systemd/systemd,cf1,0.00,165,112,113,18446744073709551615,113
1791184642.96,other:/lib/systemd/systemd,cf2,10.00,156,151,152,0,152
1791184642.96,other:/lib/systemd/systemd,cf3,10.00,187,180,180,0,180
1791184642.96,other:/lib/systemd/systemd,cf5,10.00,184,161,162,0,162
1791184642.96,other:/lib/systemd/systemd,cf4,10.00,186,176,176,1,176
1791184643.96,other:/lib/systemd/systemd,cf1,0.00,144,26,27,0,27
1791184643.96,other:/lib/systemd/systemd,cf2,10.00,148,146,147,0,147
1791184643.96,other:/lib/systemd/systemd,cf3,10.00,139,133,134,0,134
1791184643.96,other:/lib/systemd/systemd,cf5,10.20,139,99,100,0,100
1791184643.96,other:/lib/systemd/systemd,cf4,10.00,140,132,134,18446744073709551615,134
1791184644.96,other:/lib/systemd/systemd,cf1,0.00,172,94,96,0,96
1791184644.96,other:/lib/systemd/systemd,cf2,10.00,165,160,160,0,160
1791184644.96,other:/lib/systemd/systemd,cf3,9.80,157,149,150,0,150
1791184644.96,other:/lib/systemd/systemd,cf5,10.00,163,149,150,0,150
1791184644.96,other:/lib/systemd/systemd,cf4,10.00,157,152,152,0,152
1791184645.96,other:/lib/systemd/systemd,cf1,0.00,145,91,92,0,92
1791184645.96,other:/lib/systemd/systemd,cf2,10.00,160,152,153,0,153
1791184645.96,other:/lib/systemd/systemd,cf3,10.00,162,157,159,0,159
1791184645.96,other:/lib/systemd/systemd,cf5,10.00,154,126,126,0,126
1791184645.96,other:/lib/systemd/systemd,cf4,10.00,161,145,147,0,147
1791184646.96,other:/lib/systemd/systemd,cf1,0.00,165,101,101,0,101
1791184646.96,other:/lib/systemd/systemd,cf2,10.00,158,150,151,0,151
1791184646.96,other:/lib/systemd/systemd,cf3,10.00,170,163,163,1,163
1791184646.96,other:/lib/systemd/systemd,cf5,10.00,172,126,127,1,127
1791184646.96,other:/lib/systemd/systemd,cf4,10.00,170,158,159,0,159
1791184647.96,other:/lib/systemd/systemd,cf1,0.00,143,40,41,1,41
1791184647.96,other:/lib/systemd/systemd,cf2,10.00,131,110,112,0,112
1791184647.96,other:/lib/systemd/systemd,cf3,10.00,152,138,140,18446744073709551615,140
1791184647.96,other:/lib/systemd/systemd,cf5,10.00,148,136,137,0,137
1791184647.96,other:/lib/systemd/systemd,cf4,10.00,151,144,144,0,144
1791184648.96,other:/lib/systemd/systemd,cf1,0.00,139,54,55,0,55
1791184648.96,other:/lib/systemd/systemd,cf2,10.00,137,130,130,1,130
1791184648.96,other:/lib/systemd/systemd,cf3,9.80,125,105,106,0,106
1791184648.96,other:/lib/systemd/systemd,cf5,9.80,128,107,109,18446744073709551615,109
1791184648.96,other:/lib/systemd/systemd,cf4,10.00,126,102,104,0,104
1791184649.96,other:/lib/systemd/systemd,cf1,0.00,116,35,37,18446744073709551615,37
1791184649.96,other:/lib/systemd/systemd,cf2,10.00,127,111,112,18446744073709551615,112
1791184649.96,other:/lib/systemd/systemd,cf3,10.00,121,103,104,0,104
1791184649.96,other:/lib/systemd/systemd,cf5,9.80,120,63,63,1,63
1791184649.96,other:/lib/systemd/systemd,cf4,10.00,122,99,100,0,100
1791184650.96,other:/lib/systemd/systemd,cf1,0.00,153,86,86,0,86
1791184650.96,other:/lib/systemd/systemd,cf2,9.80,146,138,139,0,139
1791184650.96,other:/lib/systemd/systemd,cf3,10.00,144,136,137,0,137
1791184650.96,other:/lib/systemd/systemd,cf5,9.20,146,91,92,0,92
1791184650.96,other:/lib/systemd/systemd,cf4,10.00,143,132,132,0,132
1791184651.96,other:/lib/systemd/systemd,cf1,0.00,112,40,41,0,41
1791184651.96,other:/lib/systemd/systemd,cf2,10.00,113,92,94,0,94
1791184651.96,other:/lib/systemd/systemd,cf3,10.00,139,132,133,0,133
1791184651.96,other:/lib/systemd/systemd,cf5,10.00,133,63,64,18446744073709551615,64
1791184651.96,other:/lib/systemd/systemd,cf4,10.00,138,130,131,0,131
1791184652.96,other:/lib/systemd/systemd,cf1,0.00,150,60,61,1,61
1791184652.96,other:/lib/systemd/systemd,cf2,10.00,156,143,144,0,144
1791184652.96,other:/lib/systemd/systemd,cf3,10.00,128,111,112,0,112
1791184652.96,other:/lib/systemd/systemd,cf5,10.00,135,101,103,0,103
1791184652.96,other:/lib/systemd/systemd,cf4,10.00,131,114,116,0,116
1791184653.96,other:/lib/systemd/systemd,cf1,0.00,144,73,74,18446744073709551615,74
1791184653.96,other:/lib/systemd/systemd,cf2,10.00,140,127,128,0,128
1791184653.96,other:/lib/systemd/systemd,cf3,10.20,140,123,124,0,124
1791184653.96,other:/lib/systemd/systemd,cf5,10.00,136,104,105,0,105
1791184653.96,other:/lib/systemd/systemd,cf4,10.00,137,118,118,0,118
1791184654.96,other:/lib/systemd/systemd,cf1,0.00,150,64,65,0,65
1791184654.96,other:/lib/systemd/systemd,cf2,10.00,154,152,153,0,153
1791184654.96,other:/lib/systemd/systemd,cf3,10.20,148,142,143,0,143
1791184654.96,other:/lib/systemd/systemd,cf5,9.60,153,124,125,0,125
1791184654.96,other:/lib/systemd/systemd,cf4,10.00,149,137,139,0,139
1791184655.96,other:/lib/systemd/systemd,cf1,0.00,133,85,87,0,87
1791184655.96,other:/lib/systemd/systemd,cf2,10.20,125,119,120,0,120
1791184655.96,other:/lib/systemd/systemd,cf3,9.80,147,143,144,0,144
1791184655.96,other:/lib/systemd/systemd,cf5,10.80,145,79,80,0,80
1791184655.96,other:/lib/systemd/systemd,cf4,10.00,147,139,140,0,140
1791184656.96,other:/lib/systemd/systemd,cf1,0.00,98,40,40,1,40
1791184656.96,other:/lib/systemd/systemd,cf2,9.60,88,49,49,1,49
1791184656.96,other:/lib/systemd/systemd,cf3,9.80,122,110,111,0,111
1791184656.96,other:/lib/systemd/systemd,cf5,8.20,113,22,22,1,22
1791184656.96,other:/lib/systemd/systemd,cf4,9.80,122,101,102,0,102
1791184657.96,other:/lib/systemd/systemd,cf1,0.00,76,20,21,0,21
1791184657.96,other:/lib/systemd/systemd,cf2,9.40,84,39,40,0,40
1791184657.96,other:/lib/systemd/systemd,cf3,9.40,74,27,27,1,27
1791184657.96,other:/lib/systemd/systemd,cf5,7.60,71,0,1,18446744073709551615,1
1791184657.96,other:/lib/systemd/systemd,cf4,9.60,72,26,26,0,26
1791184658.96,other:/lib/systemd/systemd,cf1,0.00,88,8,9,0,9
1791184658.96,other:/lib/systemd/systemd,cf2,9.40,81,43,45,18446744073709551615,45
1791184658.96,other:/lib/systemd/systemd,cf3,9.20,80,31,32,0,32
1791184658.96,other:/lib/systemd/systemd,cf5,7.40,83,13,14,0,14
1791184658.96,other:/lib/systemd/systemd,cf4,9.20,80,33,34,1,34
1791184659.96,other:/lib/systemd/systemd,cf1,0.00,73,6,7,18446744073709551615,7
1791184659.96,other:/lib/systemd/systemd,cf2,10.00,73,24,24,1,24
1791184659.96,other:/lib/systemd/systemd,cf3,10.00,82,39,41,18446744073709551615,41
1791184659.96,other:/lib/systemd/systemd,cf5,9.00,85,19,21,0,21
1791184659.96,other:/lib/systemd/systemd,cf4,10.00,84,43,45,18446744073709551615,45
1791184660.96,other:/lib/systemd/systemd,cf1,0.00,85,26,27,1,27
1791184660.96,other:/lib/systemd/systemd,cf2,9.80,85,32,33,0,33
1791184660.96,other:/lib/systemd/systemd,cf3,10.00,90,43,44,0,44
1791184660.96,other:/lib/systemd/systemd,cf5,8.80,86,31,31,1,31
1791184660.96,other:/lib/systemd/systemd,cf4,9.80,90,45,45,1,45
1791184661.96,other:/lib/systemd/systemd,cf1,0.00,89,24,25,18446744073709551615,25
1791184661.96,other:/lib/systemd/systemd,cf2,9.60,89,54,55,0,55
1791184661.96,other:/lib/systemd/systemd,cf3,9.40,75,29,29,1,29
1791184661.96,other:/lib/systemd/systemd,cf5,10.60,74,8,9,0,9
1791184661.96,other:/lib/systemd/systemd,cf4,9.60,74,25,26,0,26
1791184662.96,other:/lib/systemd/systemd,cf1,0.00,88,33,34,0,34
1791184662.96,other:/lib/systemd/systemd,cf2,10.00,93,50,51,0,51
1791184662.96,other:/lib/systemd/systemd,cf3,9.80,81,31,33,18446744073709551615,33
1791184662.96,other:/lib/systemd/systemd,cf5,11.60,83,21,22,0,22
1791184662.96,other:/lib/systemd/systemd,cf4,9.80,80,30,31,18446744073709551615,31
1791184663.96,other:/lib/systemd/systemd,cf1,0.00,96,38,39,0,39
1791184663.96,other:/lib/systemd/systemd,cf2,10.60,93,54,55,0,55
1791184663.96,other:/lib/systemd/systemd,cf3,10.80,97,48,49,0,49
1791184663.96,other:/lib/systemd/systemd,cf5,12.80,103,60,62,18446744073709551615,62
1791184663.96,other:/lib/systemd/systemd,cf4,10.80,99,50,52,0,52
1791184664.96,other:/lib/systemd/systemd,cf1,0.00,139,83,85,0,85
1791184664.96,other:/lib/systemd/systemd,cf2,10.00,158,141,143,18446744073709551615,143
1791184664.96,other:/lib/systemd/systemd,cf3,10.00,104,75,75,0,75
1791184664.96,other:/lib/systemd/systemd,cf5,11.60,107,63,64,0,64
1791184664.96,other:/lib/systemd/systemd,cf4,10.00,104,68,69,0,69
1791184665.96,other:/lib/systemd/systemd,cf1,0.00,136,41,41,1,41
1791184665.96,other:/lib/systemd/systemd,cf2,10.20,127,111,112,0,112
1791184665.96,other:/lib/systemd/systemd,cf3,10.20,165,156,158,0,158
1791184665.96,other:/lib/systemd/systemd,cf5,11.20,161,139,140,0,140
1791184665.96,other:/lib/systemd/systemd,cf4,10.20,164,152,152,0,152
1791184666.96,other:/lib/systemd/systemd,cf1,0.00,145,53,54,18446744073709551615,54
1791184666.96,other:/lib/systemd/systemd,cf2,10.80,144,134,135,0,135
1791184666.96,other:/lib/systemd/systemd,cf3,10.80,142,133,134,0,134
1791184666.96,other:/lib/systemd/systemd,cf5,11.20,142,123,124,0,124
1791184666.96,other:/lib/systemd/systemd,cf4,10.60,144,131,133,0,133
1791184667.96,other:/lib/systemd/systemd,cf1,0.00,149,74,76,0,76
1791184667.96,other:/lib/systemd/systemd,cf2,10.60,150,144,145,0,145
1791184667.96,other:/lib/systemd/systemd,cf3,10.80,141,120,121,0,121
1791184667.96,other:/lib/systemd/systemd,cf5,10.80,143,116,117,0,117
1791184667.96,other:/lib/systemd/systemd,cf4,10.60,139,121,122,0,122
1791184668.96,other:/lib/systemd/systemd,cf1,0.00,146,77,77,1,77
1791184668.96,other:/lib/systemd/systemd,cf2,10.00,142,137,138,0,138
1791184668.96,other:/lib/systemd/systemd,cf3,9.80,146,142,143,0,143
1791184668.96,other:/lib/systemd/systemd,cf5,10.00,142,101,101,1,101
1791184668.96,other:/lib/systemd/systemd,cf4,10.00,147,141,142,0,142
1791184669.96,other:/lib/systemd/systemd,cf1,0.00,142,77,78,0,78
1791184669.96,other:/lib/systemd/systemd,cf2,9.60,161,158,158,0,158
1791184669.96,other:/lib/systemd/systemd,cf3,9.60,134,125,126,0,126
1791184669.96,other:/lib/systemd/systemd,cf5,9.80,137,71,72,0,72
1791184669.96,other:/lib/systemd/systemd,cf4,9.60,133,127,128,0,128
1791184670.96,other:/lib/systemd/systemd,cf1,0.00,128,61,63,18446744073709551615,63
1791184670.96,other:/lib/systemd/systemd,cf2,10.00,116,87,89,0,89
1791184670.96,other:/lib/systemd/systemd,cf3,10.00,151,133,133,0,133
1791184670.96,other:/lib/systemd/systemd,cf5,9.60,143,106,107,0,107
1791184670.96,other:/lib/systemd/systemd,cf4,10.00,151,130,130,1,130
1791184671.96,other:/lib/systemd/systemd,cf1,0.00,140,44,44,0,44
1791184671.96,other:/lib/systemd/systemd,cf2,10.00,143,141,141,0,141
1791184671.96,other:/lib/systemd/systemd,cf3,10.00,121,104,106,0,106
1791184671.96,other:/lib/systemd/systemd,cf5,10.00,130,55,56,18446744073709551615,56
1791184671.96,other:/lib/systemd/systemd,cf4,10.00,122,103,105,18446744073709551615,105
1791184672.96,other:/lib/systemd/systemd,cf1,0.00,152,39,40,0,40
1791184672.96,other:/lib/systemd/systemd,cf2,10.00,152,146,148,0,148
1791184672.96,other:/lib/systemd/systemd,cf3,10.00,156,149,150,0,150
1791184672.96,other:/lib/systemd/systemd,cf5,10.00,158,144,146,0,146
1791184672.96,other:/lib/systemd/systemd,cf4,10.00,155,149,150,0,150
1791184673.96,other:/lib/systemd/systemd,cf1,0.00,145,62,63,0,63
1791184673.96,other:/lib/systemd/systemd,cf2,10.00,140,137,138,0,138
1791184673.96,other:/lib/systemd/systemd,cf3,10.20,149,144,145,0,145
1791184673.96,other:/lib/systemd/systemd,cf5,9.80,147,126,127,0,127
1791184673.96,other:/lib/systemd/systemd,cf4,10.00,150,143,143,1,143
1791184674.96,other:/lib/systemd/systemd,cf1,0.00,132,9,10,0,10
1791184674.96,other:/lib/systemd/systemd,cf2,10.40,135,132,133,0,133
1791184674.96,other:/lib/systemd/systemd,cf3,10.40,132,126,127,0,127
1791184674.96,other:/lib/systemd/systemd,cf5,10.20,132,110,111,0,111
1791184674.96,other:/lib/systemd/systemd,cf4,10.40,131,96,97,18446744073709551615,97
1791184675.96,other:/lib/systemd/systemd,cf1,0.00,164,52,53,0,53
1791184675.96,other:/lib/systemd/systemd,cf2,10.00,163,161,161,0,161
1791184675.96,other:/lib/systemd/systemd,cf3,10.00,158,154,155,0,155
1791184675.96,other:/lib/systemd/systemd,cf5,10.40,159,155,155,0,155
1791184675.96,other:/lib/systemd/systemd,cf4,10.00,160,147,149,0,149
1791184676.96,other:/lib/systemd/systemd,cf1,0.00,153,26,27,0,27
1791184676.96,other:/lib/systemd/systemd,cf2,10.00,164,160,161,0,161
1791184676.96,other:/lib/systemd/systemd,cf3,10.00,151,148,149,0,149
1791184676.96,other:/lib/systemd/systemd,cf5,10.00,154,146,148,0,148
1791184676.96,other:/lib/systemd/systemd,cf4,10.00,150,143,143,0,143
1791184677.96,other:/lib/systemd/systemd,cf1,0.00,177,107,108,0,108
1791184677.96,other:/lib/systemd/systemd,cf2,9.80,175,169,171,0,171
1791184677.96,other:/lib/systemd/systemd,cf3,10.00,174,169,169,0,169
1791184677.96,other:/lib/systemd/systemd,cf5,10.00,173,170,171,0,171
1791184677.96,other:/lib/systemd/systemd,cf4,10.00,175,167,168,0,168
1791184678.96,other:/lib/systemd/systemd,cf1,0.00,164,92,93,0,93
1791184678.96,other:/lib/systemd/systemd,cf2,9.80,161,154,155,0,155
1791184678.96,other:/lib/systemd/systemd,cf3,10.00,163,161,163,0,163
1791184678.96,other:/lib/systemd/systemd,cf5,10.20,165,159,160,0,160
1791184678.96,other:/lib/systemd/systemd,cf4,10.00,163,151,153,0,153
1791184679.96,other:/lib/systemd/systemd,cf1,0.00,149,56,57,0,57
1791184679.96,other:/lib/systemd/systemd,cf2,10.00,146,143,143,0,143
1791184679.96,other:/lib/systemd/systemd,cf3,10.00,154,148,149,0,149
1791184679.96,other:/lib/systemd/systemd,cf5,10.00,152,145,146,0,146
1791184679.96,other:/lib/systemd/systemd,cf4,10.00,153,139,140,0,140
1791184680.96,other:/lib/systemd/systemd,cf1,0.00,152,56,57,0,57
1791184680.96,other:/lib/systemd/systemd,cf2,10.00,152,142,144,0,144
1791184680.96,other:/lib/systemd/systemd,cf3,10.00,156,150,151,0,151
1791184680.96,other:/lib/systemd/systemd,cf5,10.00,153,144,145,0,145
1791184680.96,other:/lib/systemd/systemd,cf4,10.00,156,137,138,0,138
1791184681.96,other:/lib/systemd/systemd,cf1,0.00,159,67,69,0,69
1791184681.96,other:/lib/systemd/systemd,cf2,9.80,167,163,163,0,163
1791184681.96,other:/lib/systemd/systemd,cf3,10.00,150,147,147,0,147
1791184681.96,other:/lib/systemd/systemd,cf5,10.00,155,147,148,0,148
1791184681.96,other:/lib/systemd/systemd,cf4,10.00,150,142,142,0,142
1791184682.96,other:/lib/systemd/systemd,cf1,0.00,191,146,147,0,147
1791184682.96,other:/lib/systemd/systemd,cf2,10.20,194,187,189,0,189
1791184682.96,other:/lib/systemd/systemd,cf3,10.00,178,172,173,0,173
1791184682.96,other:/lib/systemd/systemd,cf5,10.00,179,170,171,0,171
1791184682.96,other:/lib/systemd/systemd,cf4,10.00,179,166,168,0,168
1791184683.96,other:/lib/systemd/systemd,cf1,0.00,175,97,97,0,97
1791184683.96,other:/lib/systemd/systemd,cf2,10.00,167,163,164,0,164
1791184683.96,other:/lib/systemd/systemd,cf3,10.00,190,182,184,0,184
1791184683.96,other:/lib/systemd/systemd,cf5,10.00,185,176,177,0,177
1791184683.96,other:/lib/systemd/systemd,cf4,10.00,189,187,188,0,188
1791184684.96,other:/lib/systemd/systemd,cf1,0.00,155,85,86,1,86
1791184684.96,other:/lib/systemd/systemd,cf2,9.60,142,127,128,0,128
1791184684.96,other:/lib/systemd/systemd,cf3,9.80,164,157,158,0,158
1791184684.96,other:/lib/systemd/systemd,cf5,10.00,165,161,162,0,162
1791184684.96,other:/lib/systemd/systemd,cf4,9.60,165,155,156,0,156
1791184685.96,other:/lib/systemd/systemd,cf1,0.00,82,19,20,18446744073709551615,20
1791184685.96,other:/lib/systemd/systemd,cf2,9.80,78,21,22,0,22
1791184685.96,other:/lib/systemd/systemd,cf3,9.80,116,95,95,0,95
1791184685.96,other:/lib/systemd/systemd,cf5,10.00,106,84,84,1,84
1791184685.96,other:/lib/systemd/systemd,cf4,9.80,115,70,70,1,70
1791184686.96,other:/lib/systemd/systemd,cf1,0.00,91,5,6,1,6
1791184686.96,other:/lib/systemd/systemd,cf2,9.80,111,78,79,0,79
1791184686.96,other:/lib/systemd/systemd,cf3,9.40,91,45,46,1,46
1791184686.96,other:/lib/systemd/systemd,cf5,9.80,90,51,52,0,52
1791184686.96,other:/lib/systemd/systemd,cf4,9.60,89,44,45,18446744073709551615,45
1791184687.96,other:/lib/systemd/systemd,cf1,0.00,104,51,52,0,52
1791184687.96,other:/lib/systemd/systemd,cf2,9.80,80,27,27,1,27
1791184687.96,other:/lib/systemd/systemd,cf3,10.00,103,53,54,0,54
1791184687.96,other:/lib/systemd/systemd,cf5,10.00,103,58,59,0,59
1791184687.96,other:/lib/systemd/systemd,cf4,10.00,103,58,59,0,59
1791184688.96,other:/lib/systemd/systemd,cf1,0.00,88,9,10,0,10
1791184688.96,other:/lib/systemd/systemd,cf2,10.00,87,39,40,0,40
1791184688.96,other:/lib/systemd/systemd,cf3,10.00,79,27,29,18446744073709551615,29
1791184688.96,other:/lib/systemd/systemd,cf5,10.00,87,44,46,18446744073709551615,46
1791184688.96,other:/lib/systemd/systemd,cf4,10.00,81,30,32,0,32
1791184689.96,other:/lib/systemd/systemd,cf1,0.00,86,4,5,0,5
1791184689.96,other:/lib/systemd/systemd,cf2,9.60,87,48,49,0,49
1791184689.96,other:/lib/systemd/systemd,cf3,9.00,90,51,52,0,52
1791184689.96,other:/lib/systemd/systemd,cf5,9.40,88,48,48,0,48
1791184689.96,other:/lib/systemd/systemd,cf4,9.00,89,43,43,0,43
1791184690.96,other:/lib/systemd/systemd,cf1,0.00,78,0,0,1,0
1791184690.96,other:/lib/systemd/systemd,cf2,9.20,79,33,34,0,34
1791184690.96,other:/lib/systemd/systemd,cf3,9.20,72,19,19,0,19
1791184690.96,other:/lib/systemd/systemd,cf5,9.60,66,10,11,1,11
1791184690.96,other:/lib/systemd/systemd,cf4,9.40,72,13,14,1,14
1791184691.96,other:/lib/systemd/systemd,cf1,0.00,67,1,3,18446744073709551614,3
1791184691.96,other:/lib/systemd/systemd,cf2,8.60,66,9,10,0,10
1791184691.96,other:/lib/systemd/systemd,cf3,8.80,81,31,32,1,32
1791184691.96,other:/lib/systemd/systemd,cf5,9.00,80,38,39,0,39
1791184691.96,other:/lib/systemd/systemd,cf4,8.60,80,29,30,0,30
1791184692.96,other:/lib/systemd/systemd,cf1,0.00,76,14,15,1,15
1791184692.96,other:/lib/systemd/systemd,cf2,8.60,75,19,20,0,20
1791184692.96,other:/lib/systemd/systemd,cf3,8.60,66,7,8,0,8
1791184692.96,other:/lib/systemd/systemd,cf5,8.80,66,10,11,0,11
1791184692.96,other:/lib/systemd/systemd,cf4,8.40,66,8,9,0,9
1791184693.96,other:/lib/systemd/systemd,cf1,0.00,73,0,0,0,0
1791184693.96,other:/lib/systemd/systemd,cf2,9.40,83,36,37,0,37
1791184693.96,other:/lib/systemd/systemd,cf3,9.40,73,20,21,0,21
1791184693.96,other:/lib/systemd/systemd,cf5,9.60,74,20,21,0,21
1791184693.96,other:/lib/systemd/systemd,cf4,9.40,74,15,16,0,16
1791184694.96,other:/lib/systemd/systemd,cf1,0.00,93,6,9,18446744073709551615,9
1791184694.96,other:/lib/systemd/systemd,cf2,10.60,102,64,66,18446744073709551615,66
1791184694.96,other:/lib/systemd/systemd,cf3,11.20,84,43,44,0,44
1791184694.96,other:/lib/systemd/systemd,cf5,10.60,85,41,42,0,42
1791184694.96,other:/lib/systemd/systemd,cf4,11.40,84,32,33,0,33
1791184695.96,other:/lib/systemd/systemd,cf1,0.00,113,28,28,1,28
1791184695.96,other:/lib/systemd/systemd,cf2,10.80,115,85,86,0,86
1791184695.96,other:/lib/systemd/systemd,cf3,11.00,128,105,106,18446744073709551615,106
1791184695.96,other:/lib/systemd/systemd,cf5,10.40,128,103,105,18446744073709551615,105
1791184695.96,other:/lib/systemd/systemd,cf4,10.80,128,106,107,0,107
1791184696.96,other:/lib/systemd/systemd,cf1,0.00,174,107,109,18446744073709551615,109
1791184696.96,other:/lib/systemd/systemd,cf2,11.60,170,164,164,0,164
1791184696.96,other:/lib/systemd/systemd,cf3,11.80,128,101,103,0,103
1791184696.96,other:/lib/systemd/systemd,cf5,11.20,141,122,123,0,123
1791184696.96,other:/lib/systemd/systemd,cf4,11.80,130,97,99,18446744073709551615,99
1791184697.96,other:/lib/systemd/systemd,cf1,0.00,122,35,35,1,35
1791184697.96,other:/lib/systemd/systemd,cf2,11.40,106,67,68,1,68
1791184697.96,other:/lib/systemd/systemd,cf3,11.40,155,136,137,0,137
1791184697.96,other:/lib/systemd/systemd,cf5,11.20,153,143,144,0,144
1791184697.96,other:/lib/systemd/systemd,cf4,11.60,155,136,137,0,137
1791184698.96,other:/lib/systemd/systemd,cf1,0.00,92,16,18,18446744073709551615,18
1791184698.96,other:/lib/systemd/systemd,cf2,10.20,116,81,83,18446744073709551615,83
1791184698.96,other:/lib/systemd/systemd,cf3,10.00,95,49,50,0,50
1791184698.96,other:/lib/systemd/systemd,cf5,10.20,95,55,56,0,56
1791184698.96,other:/lib/systemd/systemd,cf4,10.20,94,49,49,1,49
1791184699.96,other:/lib/systemd/systemd,cf1,0.00,114,46,46,1,46
1791184699.96,other:/lib/systemd/systemd,cf2,10.00,101,65,66,0,66
1791184699.96,other:/lib/systemd/systemd,cf3,10.00,108,70,71,0,71
1791184699.96,other:/lib/systemd/systemd,cf5,10.00,96,53,53,1,53
1791184699.96,other:/lib/systemd/systemd,cf4,10.00,107,64,65,0,65
1791184700.96,other:/lib/systemd/systemd,cf1,0.00,111,1,2,0,2
1791184700.96,other:/lib/systemd/systemd,cf2,9.20,99,66,66,1,66
1791184700.96,other:/lib/systemd/systemd,cf3,8.80,119,94,95,0,95
1791184700.96,other:/lib/systemd/systemd,cf5,9.60,128,115,117,18446744073709551615,117
1791184700.96,other:/lib/systemd/systemd,cf4,8.80,119,96,97,18446744073709551615,97
1791184701.96,other:/lib/systemd/systemd,cf1,0.00,64,2,3,0,3
1791184701.96,other:/lib/systemd/systemd,cf2,10.00,68,13,14,18446744073709551615,14
1791184701.96,other:/lib/systemd/systemd,cf3,10.00,76,25,25,1,25
1791184701.96,other:/lib/systemd/systemd,cf5,10.20,67,13,13,1,13
1791184701.96,other:/lib/systemd/systemd,cf4,10.00,75,20,21,0,21
1791184702.96,other:/lib/systemd/systemd,cf1,0.00,136,88,89,0,89
1791184702.96,other:/lib/systemd/systemd,cf2,9.00,133,104,105,0,105
1791184702.96,other:/lib/systemd/systemd,cf3,9.00,110,67,69,18446744073709551615,69
1791184702.96,other:/lib/systemd/systemd,cf5,9.60,114,78,79,0,79
1791184702.96,other:/lib/systemd/systemd,cf4,9.00,111,65,67,0,67
1791184703.96,other:/lib/systemd/systemd,cf1,0.00,65,1,2,0,2
1791184703.96,other:/lib/systemd/systemd,cf2,10.40,65,2,4,0,4
1791184703.96,other:/lib/systemd/systemd,cf3,10.60,90,44,44,0,44
1791184703.96,other:/lib/systemd/systemd,cf5,10.20,86,39,40,0,40
1791184703.96,other:/lib/systemd/systemd,cf4,10.40,90,41,41,1,41
1791184704.96,other:/lib/systemd/systemd,cf1,0.00,133,96,97,18446744073709551615,97
1791184704.96,other:/lib/systemd/systemd,cf2,10.00,154,133,133,1,133
1791184704.96,other:/lib/systemd/systemd,cf3,9.80,89,43,44,0,44
1791184704.96,other:/lib/systemd/systemd,cf5,10.00,93,45,46,18446744073709551615,46
1791184704.96,other:/lib/systemd/systemd,cf4,9.80,89,36,37,0,37
1791184705.96,other:/lib/systemd/systemd,cf1,0.00,134,88,89,0,89
1791184705.96,other:/lib/systemd/systemd,cf2,10.80,126,102,104,18446744073709551615,104
1791184705.96,other:/lib/systemd/systemd,cf3,11.20,168,148,149,1,149
1791184705.96,other:/lib/systemd/systemd,cf5,10.60,165,146,147,1,147
1791184705.96,other:/lib/systemd/systemd,cf4,11.20,168,145,147,18446744073709551615,147
1791184706.96,other:/lib/systemd/systemd,cf1,0.00,150,89,91,0,91
1791184706.96,other:/lib/systemd/systemd,cf2,10.00,149,123,123,0,123
1791184706.96,other:/lib/systemd/systemd,cf3,10.00,127,103,104,18446744073709551615,104
1791184706.96,other:/lib/systemd/systemd,cf5,10.00,136,108,109,0,109
1791184706.96,other:/lib/systemd/systemd,cf4,10.00,129,101,102,0,102
1791184707.96,other:/lib/systemd/systemd,cf1,0.00,141,104,104,0,104
1791184707.96,other:/lib/systemd/systemd,cf2,10.80,154,127,129,0,129
1791184707.96,other:/lib/systemd/systemd,cf3,10.60,142,113,114,0,114
1791184707.96,other:/lib/systemd/systemd,cf5,10.40,136,111,112,18446744073709551615,112
1791184707.96,other:/lib/systemd/systemd,cf4,10.80,143,108,109,0,109
1791184708.96,other:/lib/systemd/systemd,cf1,0.00,122,60,61,1,61
1791184708.96,other:/lib/systemd/systemd,cf2,10.00,97,59,59,1,59
1791184708.96,other:/lib/systemd/systemd,cf3,9.80,139,107,108,1,108
1791184708.96,other:/lib/systemd/systemd,cf5,10.00,135,110,111,0,111
1791184708.96,other:/lib/systemd/systemd,cf4,9.80,136,105,106,0,106
1791184709.96,other:/lib/systemd/systemd,cf1,0.00,77,17,19,18446744073709551615,19
1791184709.96,other:/lib/systemd/systemd,cf2,10.00,98,55,57,18446744073709551615,57
1791184709.96,other:/lib/systemd/systemd,cf3,10.20,92,40,41,0,41
1791184709.96,other:/lib/systemd/systemd,cf5,10.20,92,54,55,1,55
1791184709.96,other:/lib/systemd/systemd,cf4,10.20,92,40,40,1,40
1791184710.96,other:/lib/systemd/systemd,cf1,0.00,171,123,123,0,123
1791184710.96,other:/lib/systemd/systemd,cf2,10.00,168,157,158,0,158
1791184710.96,other:/lib/systemd/systemd,cf3,10.00,131,99,100,0,100
1791184710.96,other:/lib/systemd/systemd,cf5,10.00,141,108,110,18446744073709551615,110
1791184710.96,other:/lib/systemd/systemd,cf4,10.00,130,96,97,0,97
1791184711.96,other:/lib/systemd/systemd,cf1,0.00,142,71,73,0,73
1791184711.96,other:/lib/systemd/systemd,cf2,10.00,133,111,112,0,112
1791184711.96,other:/lib/systemd/systemd,cf3,9.80,155,139,141,18446744073709551615,141
1791184711.96,other:/lib/systemd/systemd,cf5,9.80,148,130,131,0,131
1791184711.96,other:/lib/systemd/systemd,cf4,10.00,156,131,133,18446744073709551615,133
1791184712.96,other:/lib/systemd/systemd,cf1,0.00,149,67,67,0,67
1791184712.96,other:/lib/systemd/systemd,cf2,10.20,145,134,134,1,134
1791184712.96,other:/lib/systemd/systemd,cf3,10.40,131,106,106,0,106
1791184712.96,other:/lib/systemd/systemd,cf5,10.00,145,129,130,0,130
1791184712.96,other:/lib/systemd/systemd,cf4,10.00,133,109,110,0,110
1791184713.96,other:/lib/systemd/systemd,cf1,0.00,82,16,17,0,17
1791184713.96,other:/lib/systemd/systemd,cf2,10.00,77,32,33,0,33
1791184713.96,other:/lib/systemd/systemd,cf3,10.20,121,97,98,1,98
1791184713.96,other:/lib/systemd/systemd,cf5,10.20,108,78,78,1,78
1791184713.96,other:/lib/systemd/systemd,cf4,10.20,120,80,81,0,81
1791184714.96,other:/lib/systemd/systemd,cf1,0.00,97,27,28,0,28
1791184714.96,other:/lib/systemd/systemd,cf2,10.00,110,74,76,18446744073709551615,76
1791184714.96,other:/lib/systemd/systemd,cf3,10.00,101,63,64,18446744073709551615,64
1791184714.96,other:/lib/systemd/systemd,cf5,10.00,97,59,60,18446744073709551615,60
1791184714.96,other:/lib/systemd/systemd,cf4,10.00,100,60,60,1,60
1791184715.96,other:/lib/systemd/systemd,cf1,0.00,115,33,35,0,35
1791184715.96,other:/lib/systemd/systemd,cf2,10.00,103,77,77,1,77
1791184715.96,other:/lib/systemd/systemd,cf3,10.00,109,73,75,0,75
1791184715.96,other:/lib/systemd/systemd,cf5,10.00,115,91,92,0,92
1791184715.96,other:/lib/systemd/systemd,cf4,10.00,109,72,73,18446744073709551615,73
1791184716.96,other:/lib/systemd/systemd,cf1,0.00,142,86,86,1,86
1791184716.96,other:/lib/systemd/systemd,cf2,9.00,140,113,114,0,114
1791184716.96,other:/lib/systemd/systemd,cf3,9.20,93,51,52,0,52
1791184716.96,other:/lib/systemd/systemd,cf5,9.80,105,68,70,0,70
1791184716.96,other:/lib/systemd/systemd,cf4,9.20,95,47,49,0,49
1791184717.96,other:/lib/systemd/systemd,cf1,0.00,65,3,4,0,4
1791184717.96,other:/lib/systemd/systemd,cf2,9.80,73,14,16,18446744073709551615,16
1791184717.96,other:/lib/systemd/systemd,cf3,9.80,122,84,84,1,84
1791184717.96,other:/lib/systemd/systemd,cf5,10.00,104,66,66,1,66
1791184717.96,other:/lib/systemd/systemd,cf4,10.20,119,79,79,0,79
1791184718.96,other:/lib/systemd/systemd,cf1,0.00,129,84,85,0,85
1791184718.96,other:/lib/systemd/systemd,cf2,10.00,149,126,127,0,127
1791184718.96,other:/lib/systemd/systemd,cf3,10.00,99,56,57,18446744073709551615,57
1791184718.96,other:/lib/systemd/systemd,cf5,10.00,101,56,57,0,57
1791184718.96,other:/lib/systemd/systemd,cf4,10.00,100,52,54,0,54
1791184719.96,other:/lib/systemd/systemd,cf1,0.00,167,127,129,18446744073709551615,129
1791184719.96,other:/lib/systemd/systemd,cf2,10.00,162,150,151,0,151
1791184719.96,other:/lib/systemd/systemd,cf3,10.00,153,130,132,0,132
1791184719.96,other:/lib/systemd/systemd,cf5,10.00,154,140,141,0,141
1791184719.96,other:/lib/systemd/systemd,cf4,10.00,153,121,121,0,121
1791184720.96,other:/lib/systemd/systemd,cf1,0.00,190,157,158,0,158
1791184720.96,other:/lib/systemd/systemd,cf2,10.00,195,192,193,0,193
1791184720.96,other:/lib/systemd/systemd,cf3,10.00,177,169,170,0,170
1791184720.96,other:/lib/systemd/systemd,cf5,10.00,191,185,187,18446744073709551615,187
1791184720.96,other:/lib/systemd/systemd,cf4,10.00,179,152,154,0,154
1791184721.96,other:/lib/systemd/systemd,cf1,0.00,200,165,165,1,165
1791184721.96,other:/lib/systemd/systemd,cf2,11.00,199,194,195,0,195
1791184721.96,other:/lib/systemd/systemd,cf3,11.00,193,188,189,0,189
1791184721.96,other:/lib/systemd/systemd,cf5,10.20,195,191,191,0,191
1791184721.96,other:/lib/systemd/systemd,cf4,10.80,192,174,175,0,175
1791184722.96,other:/lib/systemd/systemd,cf1,0.00,189,157,158,0,158
1791184722.96,other:/lib/systemd/systemd,cf2,10.20,177,173,174,0,174
1791184722.96,other:/lib/systemd/systemd,cf3,10.20,191,184,185,0,185
1791184722.96,other:/lib/systemd/systemd,cf5,10.20,185,160,162,0,162
1791184722.96,other:/lib/systemd/systemd,cf4,10.00,191,176,177,0,177
1791184723.96,other:/lib/systemd/systemd,cf1,0.00,167,106,108,18446744073709551615,108
1791184723.96,other:/lib/systemd/systemd,cf2,10.00,166,162,162,0,162
1791184723.96,other:/lib/systemd/systemd,cf3,10.00,181,173,174,0,174
1791184723.96,other:/lib/systemd/systemd,cf5,10.00,183,176,177,0,177
1791184723.96,other:/lib/systemd/systemd,cf4,9.60,181,176,177,0,177
1791184724.96,other:/lib/systemd/systemd,cf1,0.00,153,109,109,1,109
1791184724.96,other:/lib/systemd/systemd,cf2,10.00,157,153,155,0,155
1791184724.96,other:/lib/systemd/systemd,cf3,10.00,154,150,151,0,151
1791184724.96,other:/lib/systemd/systemd,cf5,10.00,149,147,148,0,148
1791184724.96,other:/lib/systemd/systemd,cf4,10.00,153,55,55,1,55
1791184725.96,other:/lib/systemd/systemd,cf1,0.00,159,112,113,18446744073709551615,113
1791184725.96,other:/lib/systemd/systemd,cf2,10.00,163,148,148,0,148
1791184725.96,other:/lib/systemd/systemd,cf3,10.00,174,169,170,0,170
1791184725.96,other:/lib/systemd/systemd,cf5,10.00,177,172,173,0,173
1791184725.96,other:/lib/systemd/systemd,cf4,10.00,177,153,155,18446744073709551615,155
1791184726.96,other:/lib/systemd/systemd,cf1,0.00,193,162,164,0,164
1791184726.96,other:/lib/systemd/systemd,cf2,10.00,200,195,196,0,196
1791184726.96,other:/lib/systemd/systemd,cf3,10.00,161,147,147,1,147
1791184726.96,other:/lib/systemd/systemd,cf5,10.20,161,151,152,0,152
1791184726.96,other:/lib/systemd/systemd,cf4,10.00,159,138,139,0,139
1791184727.96,other:/lib/systemd/systemd,cf1,0.00,208,196,197,0,197
1791184727.96,other:/lib/systemd/systemd,cf2,10.00,201,189,191,0,191
1791184727.96,other:/lib/systemd/systemd,cf3,10.00,206,199,201,18446744073709551615,201
1791184727.96,other:/lib/systemd/systemd,cf5,10.00,212,211,212,0,212
1791184727.96,other:/lib/systemd/systemd,cf4,10.00,207,191,192,0,192
1791184728.96,other:/lib/systemd/systemd,cf1,0.00,197,169,169,0,169
1791184728.96,other:/lib/systemd/systemd,cf2,10.00,201,196,196,1,196
1791184728.96,other:/lib/systemd/systemd,cf3,10.00,200,196,197,0,197
1791184728.96,other:/lib/systemd/systemd,cf5,10.00,197,196,197,0,197
1791184728.96,other:/lib/systemd/systemd,cf4,10.40,199,191,191,1,191
1791184729.96,other:/lib/systemd/systemd,cf1,0.00,176,115,116,0,116
1791184729.96,other:/lib/systemd/systemd,cf2,10.00,169,165,167,18446744073709551615,167
1791184729.96,other:/lib/systemd/systemd,cf3,10.00,198,193,194,0,194
1791184729.96,other:/lib/systemd/systemd,cf5,10.00,194,193,194,0,194
1791184729.96,other:/lib/systemd/systemd,cf4,10.00,198,186,187,18446744073709551615,187
1791184730.96,other:/lib/systemd/systemd,cf1,0.00,166,77,78,1,78
1791184730.96,other:/lib/systemd/systemd,cf2,10.00,168,160,160,0,160
1791184730.96,other:/lib/systemd/systemd,cf3,10.00,160,157,158,0,158
1791184730.96,other:/lib/systemd/systemd,cf5,10.00,160,152,153,0,153
1791184730.96,other:/lib/systemd/systemd,cf4,10.00,160,149,151,0,151
1791184731.96,other:/lib/systemd/systemd,cf1,0.00,200,181,182,18446744073709551615,182
1791184731.96,other:/lib/systemd/systemd,cf2,10.00,204,199,201,0,201
1791184731.96,other:/lib/systemd/systemd,cf3,10.00,181,177,178,0,178
1791184731.96,other:/lib/systemd/systemd,cf5,10.00,187,183,183,0,183
1791184731.96,other:/lib/systemd/systemd,cf4,10.00,182,177,177,0,177
1791184732.96,other:/lib/systemd/systemd,cf1,0.00,189,163,164,0,164
1791184732.96,other:/lib/systemd/systemd,cf2,10.00,185,175,175,1,175
1791184732.96,other:/lib/systemd/systemd,cf3,10.00,210,207,208,0,208
1791184732.96,other:/lib/systemd/systemd,cf5,10.00,208,201,202,0,202
1791184732.96,other:/lib/systemd/systemd,cf4,10.00,210,201,203,0,203
1791184733.96,other:/lib/systemd/systemd,cf1,0.00,174,129,131,0,131
1791184733.96,other:/lib/systemd/systemd,cf2,10.00,178,167,169,18446744073709551615,169
1791184733.96,other:/lib/systemd/systemd,cf3,10.00,166,148,149,0,149
1791184733.96,other:/lib/systemd/systemd,cf5,10.00,168,155,157,0,157
1791184733.96,other:/lib/systemd/systemd,cf4,10.00,166,144,145,0,145
1791184734.96,other:/lib/systemd/systemd,cf1,0.00,193,161,161,1,161
1791184734.96,other:/lib/systemd/systemd,cf2,10.00,186,181,182,0,182
1791184734.96,other:/lib/systemd/systemd,cf3,10.00,188,185,186,0,186
1791184734.96,other:/lib/systemd/systemd,cf5,10.00,186,183,183,0,183
1791184734.96,other:/lib/systemd/systemd,cf4,10.00,188,176,177,0,177
1791184735.96,other:/lib/systemd/systemd,cf1,0.00,184,129,131,18446744073709551615,131
1791184735.96,other:/lib/systemd/systemd,cf2,9.80,183,176,176,0,176
1791184735.96,other:/lib/systemd/systemd,cf3,9.80,176,169,170,0,170
1791184735.96,other:/lib/systemd/systemd,cf5,9.80,179,176,177,0,177
1791184735.96,other:/lib/systemd/systemd,cf4,9.80,177,162,163,0,163
1791184736.96,other:/lib/systemd/systemd,cf1,0.00,137,51,51,1,51
1791184736.96,other:/lib/systemd/systemd,cf2,10.00,136,120,122,0,122
1791184736.96,other:/lib/systemd/systemd,cf3,10.00,165,147,148,0,148
1791184736.96,other:/lib/systemd/systemd,cf5,10.00,151,136,138,0,138
1791184736.96,other:/lib/systemd/systemd,cf4,10.00,162,142,142,1,142
1791184737.96,other:/lib/systemd/systemd,cf1,0.00,163,50,52,18446744073709551615,52
1791184737.96,other:/lib/systemd/systemd,cf2,10.00,170,167,167,0,167
1791184737.96,other:/lib/systemd/systemd,cf3,10.00,151,140,141,0,141
1791184737.96,other:/lib/systemd/systemd,cf5,10.00,156,153,154,0,154
1791184737.96,other:/lib/systemd/systemd,cf4,10.00,153,143,145,18446744073709551615,145
1791184738.96,other:/lib/systemd/systemd,cf1,0.00,160,56,56,1,56
1791184738.96,other:/lib/systemd/systemd,cf2,10.00,153,147,149,0,149
1791184738.96,other:/lib/systemd/systemd,cf3,10.00,166,162,162,0,162
1791184738.96,other:/lib/systemd/systemd,cf5,10.00,165,163,164,0,164
1791184738.96,other:/lib/systemd/systemd,cf4,10.00,165,158,158,0,158
1791184739.96,other:/lib/systemd/systemd,cf1,0.00,151,5,6,0,6
1791184739.96,other:/lib/systemd/systemd,cf2,10.00,151,148,149,0,149
1791184739.96,other:/lib/systemd/systemd,cf3,10.00,156,150,152,0,152
1791184739.96,other:/lib/systemd/systemd,cf5,10.00,158,156,157,0,157
1791184739.96,other:/lib/systemd/systemd,cf4,10.00,156,144,145,0,145
1791184740.96,other:/lib/systemd/systemd,cf1,0.00,162,69,70,0,70
1791184740.96,other:/lib/systemd/systemd,cf2,10.20,159,155,156,0,156
1791184740.96,other:/lib/systemd/systemd,cf3,10.20,157,150,151,0,151
1791184740.96,other:/lib/systemd/systemd,cf5,10.20,160,156,157,0,157
1791184740.96,other:/lib/systemd/systemd,cf4,10.20,157,152,154,0,154
1791184741.96,other:/lib/systemd/systemd,cf1,0.00,152,31,32,18446744073709551615,32
1791184741.96,other:/lib/systemd/systemd,cf2,10.00,154,151,152,0,152
1791184741.96,other:/lib/systemd/systemd,cf3,10.00,151,145,146,0,146
1791184741.96,other:/lib/systemd/systemd,cf5,10.00,148,145,146,0,146
1791184741.96,other:/lib/systemd/systemd,cf4,10.00,151,144,144,0,144
1791184742.96,other:/lib/systemd/systemd,cf1,0.00,135,22,23,0,23
1791184742.96,other:/lib/systemd/systemd,cf2,10.00,142,122,123,0,123
1791184742.96,other:/lib/systemd/systemd,cf3,10.00,157,149,150,0,150
1791184742.96,other:/lib/systemd/systemd,cf5,10.00,159,158,159,0,159
1791184742.96,other:/lib/systemd/systemd,cf4,10.00,158,147,149,0,149
1791184743.96,other:/lib/systemd/systemd,cf1,0.00,170,84,86,0,86
1791184743.96,other:/lib/systemd/systemd,cf2,10.00,169,165,165,0,165
1791184743.96,other:/lib/systemd/systemd,cf3,10.00,146,125,126,0,126
1791184743.96,other:/lib/systemd/systemd,cf5,10.00,143,140,141,0,141
1791184743.96,other:/lib/systemd/systemd,cf4,10.00,145,124,125,0,125
1791184744.96,other:/lib/systemd/systemd,cf1,0.00,184,121,121,1,121
1791184744.96,other:/lib/systemd/systemd,cf2,10.00,181,175,177,0,177
1791184744.96,other:/lib/systemd/systemd,cf3,10.00,176,170,171,0,171
1791184744.96,other:/lib/systemd/systemd,cf5,10.00,178,175,176,0,176
1791184744.96,other:/lib/systemd/systemd,cf4,10.00,176,169,170,0,170
1791184745.96,other:/lib/systemd/systemd,cf1,0.00,156,23,24,18446744073709551615,24
1791184745.96,other:/lib/systemd/systemd,cf2,10.00,159,154,155,0,155
1791184745.96,other:/lib/systemd/systemd,cf3,10.00,171,166,166,0,166
1791184745.96,other:/lib/systemd/systemd,cf5,10.00,170,169,169,0,169
1791184745.96,other:/lib/systemd/systemd,cf4,10.00,172,165,166,0,166
1791184746.96,other:/lib/systemd/systemd,cf1,0.00,150,29,30,1,30
1791184746.96,other:/lib/systemd/systemd,cf2,10.00,145,142,143,0,143
1791184746.96,other:/lib/systemd/systemd,cf3,10.00,153,145,147,0,147
1791184746.96,other:/lib/systemd/systemd,cf5,10.00,151,145,147,0,147
1791184746.96,other:/lib/systemd/systemd,cf4,10.00,152,143,144,0,144
1791184747.96,other:/lib/systemd/systemd,cf1,0.00,175,87,89,18446744073709551615,89
1791184747.96,other:/lib/systemd/systemd,cf2,10.00,179,177,178,0,178
1791184747.96,other:/lib/systemd/systemd,cf3,10.00,156,148,149,0,149
1791184747.96,other:/lib/systemd/systemd,cf5,10.00,161,157,158,0,158
1791184747.96,other:/lib/systemd/systemd,cf4,10.00,157,151,152,0,152
1791184748.96,other:/lib/systemd/systemd,cf1,0.00,174,88,89,0,89
1791184748.96,other:/lib/systemd/systemd,cf2,10.00,175,174,175,0,175
1791184748.96,other:/lib/systemd/systemd,cf3,10.00,172,165,166,0,166
1791184748.96,other:/lib/systemd/systemd,cf5,10.00,171,167,168,0,168
1791184748.96,other:/lib/systemd/systemd,cf4,10.00,171,164,165,0,165
1791184749.96,other:/lib/systemd/systemd,cf1,0.00,159,58,58,0,58
1791184749.96,other:/lib/systemd/systemd,cf2,10.00,154,151,151,0,151
1791184749.96,other:/lib/systemd/systemd,cf3,10.00,179,174,175,0,175
1791184749.96,other:/lib/systemd/systemd,cf5,10.00,176,175,176,0,176
1791184749.96,other:/lib/systemd/systemd,cf4,10.00,179,173,174,0,174
1791184750.96,other:/lib/systemd/systemd,cf1,0.00,177,101,102,0,102
1791184750.96,other:/lib/systemd/systemd,cf2,10.00,188,182,184,0,184
1791184750.96,other:/lib/systemd/systemd,cf3,10.00,160,152,153,0,153
1791184750.96,other:/lib/systemd/systemd,cf5,10.00,164,158,159,0,159
1791184750.96,other:/lib/systemd/systemd,cf4,10.00,160,153,153,0,153
1791184751.96,other:/lib/systemd/systemd,cf1,0.00,208,193,194,0,194
1791184751.96,other:/lib/systemd/systemd,cf2,10.00,209,204,205,0,205
1791184751.96,other:/lib/systemd/systemd,cf3,10.00,199,192,193,0,193
1791184751.96,other:/lib/systemd/systemd,cf5,10.00,201,197,198,0,198
1791184751.96,other:/lib/systemd/systemd,cf4,10.00,199,190,192,0,192
1791184752.96,other:/lib/systemd/systemd,cf1,0.00,171,75,76,0,76
1791184752.96,other:/lib/systemd/systemd,cf2,10.00,156,153,154,0,154
1791184752.96,other:/lib/systemd/systemd,cf3,10.00,195,188,189,0,189
1791184752.96,other:/lib/systemd/systemd,cf5,10.00,187,184,185,0,185
1791184752.96,other:/lib/systemd/systemd,cf4,10.00,195,191,192,0,192
1791184753.96,other:/lib/systemd/systemd,cf1,0.00,159,68,69,1,69
1791184753.96,other:/lib/systemd/systemd,cf2,10.00,159,154,155,0,155
1791184753.96,other:/lib/systemd/systemd,cf3,10.00,151,146,147,0,147
1791184753.96,other:/lib/systemd/systemd,cf5,10.00,157,150,151,0,151
1791184753.96,other:/lib/systemd/systemd,cf4,10.00,151,144,145,0,145
1791184754.96,other:/lib/systemd/systemd,cf1,0.00,156,62,63,0,63
1791184754.96,other:/lib/systemd/systemd,cf2,10.00,158,156,156,1,156
1791184754.96,other:/lib/systemd/systemd,cf3,10.00,161,156,157,0,157
1791184754.96,other:/lib/systemd/systemd,cf5,10.00,159,154,155,0,155
1791184754.96,other:/lib/systemd/systemd,cf4,10.00,162,150,151,0,151
1791184755.96,other:/lib/systemd/systemd,cf1,0.00,154,43,44,0,44
1791184755.96,other:/lib/systemd/systemd,cf2,10.00,159,157,159,18446744073709551615,159
1791184755.96,other:/lib/systemd/systemd,cf3,10.00,157,150,151,0,151
1791184755.96,other:/lib/systemd/systemd,cf5,10.00,154,153,153,0,153
1791184755.96,other:/lib/systemd/systemd,cf4,10.00,156,145,145,0,145
1791184756.96,other:/lib/systemd/systemd,cf1,0.00,152,40,41,0,41
1791184756.96,other:/lib/systemd/systemd,cf2,10.00,149,144,144,0,144
1791184756.96,other:/lib/systemd/systemd,cf3,10.00,158,155,156,0,156
1791184756.96,other:/lib/systemd/systemd,cf5,10.00,158,153,154,0,154
1791184756.96,other:/lib/systemd/systemd,cf4,10.00,158,148,150,0,150
1791184757.96,other:/lib/systemd/systemd,cf1,0.00,151,27,29,18446744073709551615,29
1791184757.96,other:/lib/systemd/systemd,cf2,10.00,153,147,149,0,149
1791184757.96,other:/lib/systemd/systemd,cf3,10.00,147,138,139,0,139
1791184757.96,other:/lib/systemd/systemd,cf5,10.00,149,143,145,0,145
1791184757.96,other:/lib/systemd/systemd,cf4,10.00,147,136,137,0,137
1791184758.96,other:/lib/systemd/systemd,cf1,0.00,168,93,93,1,93
1791184758.96,other:/lib/systemd/systemd,cf2,10.00,163,157,158,0,158
1791184758.96,other:/lib/systemd/systemd,cf3,10.00,157,153,154,0,154
1791184758.96,other:/lib/systemd/systemd,cf5,10.00,156,152,153,0,153
1791184758.96,other:/lib/systemd/systemd,cf4,10.00,157,150,151,0,151
1791184759.96,other:/lib/systemd/systemd,cf1,0.00,145,19,20,0,20
1791184759.96,other:/lib/systemd/systemd,cf2,10.00,156,149,150,0,150
1791184759.96,other:/lib/systemd/systemd,cf3,10.00,155,149,150,0,150
1791184759.96,other:/lib/systemd/systemd,cf5,10.00,154,150,151,0,151
1791184759.96,other:/lib/systemd/systemd,cf4,10.00,155,133,134,0,134
1791184760.96,other:/lib/systemd/systemd,cf1,0.00,170,109,110,0,110
1791184760.96,other:/lib/systemd/systemd,cf2,9.80,152,141,142,0,142
1791184760.96,other:/lib/systemd/systemd,cf3,9.80,171,169,169,0,169
1791184760.96,other:/lib/systemd/systemd,cf5,9.80,169,167,167,0,167
1791184760.96,other:/lib/systemd/systemd,cf4,9.80,171,161,162,0,162
1791184761.96,other:/lib/systemd/systemd,cf1,0.00,99,20,21,18446744073709551615,21
1791184761.96,other:/lib/systemd/systemd,cf2,10.00,110,75,76,0,76
1791184761.96,other:/lib/systemd/systemd,cf3,10.00,116,93,94,1,94
1791184761.96,other:/lib/systemd/systemd,cf5,10.00,110,94,95,0,95
1791184761.96,other:/lib/systemd/systemd,cf4,10.00,115,88,88,1,88
1791184762.96,other:/lib/systemd/systemd,cf1,0.00,134,34,35,1,35
1791184762.96,other:/lib/systemd/systemd,cf2,10.00,118,97,97,1,97
1791184762.96,other:/lib/systemd/systemd,cf3,10.00,133,112,113,18446744073709551615,113
1791184762.96,other:/lib/systemd/systemd,cf5,10.00,143,127,129,0,129
1791184762.96,other:/lib/systemd/systemd,cf4,10.00,135,117,119,18446744073709551615,119
1791184763.96,other:/lib/systemd/systemd,cf1,0.00,149,92,93,0,93
1791184763.96,other:/lib/systemd/systemd,cf2,10.00,176,157,159,18446744073709551615,159
1791184763.96,other:/lib/systemd/systemd,cf3,10.00,114,80,82,0,82
1791184763.96,other:/lib/systemd/systemd,cf5,10.00,122,89,90,0,90
1791184763.96,other:/lib/systemd/systemd,cf4,10.00,114,76,77,0,77
1791184764.96,other:/lib/systemd/systemd,cf1,0.00,196,152,154,18446744073709551615,154
1791184764.96,other:/lib/systemd/systemd,cf2,10.00,190,185,186,0,186
1791184764.96,other:/lib/systemd/systemd,cf3,10.00,188,186,187,0,187
1791184764.96,other:/lib/systemd/systemd,cf5,10.00,187,186,187,0,187
1791184764.96,other:/lib/systemd/systemd,cf4,10.00,189,179,180,0,180
1791184765.96,other:/lib/systemd/systemd,cf1,0.00,132,86,87,0,87
1791184765.96,other:/lib/systemd/systemd,cf2,10.00,114,83,84,0,84
1791184765.96,other:/lib/systemd/systemd,cf3,10.20,191,181,181,0,181
1791184765.96,other:/lib/systemd/systemd,cf5,10.00,175,162,162,1,162
1791184765.96,other:/lib/systemd/systemd,cf4,10.00,188,179,179,1,179
1791184766.96,other:/lib/systemd/systemd,cf1,0.00,106,51,51,1,51
1791184766.96,other:/lib/systemd/systemd,cf2,10.00,105,75,75,1,75
1791184766.96,other:/lib/systemd/systemd,cf3,10.00,86,45,47,0,47
1791184766.96,other:/lib/systemd/systemd,cf5,10.00,86,37,38,18446744073709551615,38
1791184766.96,other:/lib/systemd/systemd,cf4,10.00,86,26,27,18446744073709551615,27
1791184767.96,other:/lib/systemd/systemd,cf1,0.00,131,88,90,18446744073709551615,90
1791184767.96,other:/lib/systemd/systemd,cf2,9.80,134,119,121,18446744073709551615,121
1791184767.96,other:/lib/systemd/systemd,cf3,10.00,126,96,96,0,96
1791184767.96,other:/lib/systemd/systemd,cf5,10.00,135,108,110,0,110
1791184767.96,other:/lib/systemd/systemd,cf4,9.60,126,81,82,1,82
1791184768.96,other:/lib/systemd/systemd,cf1,0.00,93,23,24,0,24
1791184768.96,other:/lib/systemd/systemd,cf2,10.00,92,58,59,0,59
1791184768.96,other:/lib/systemd/systemd,cf3,10.00,112,67,69,0,69
1791184768.96,other:/lib/systemd/systemd,cf5,10.00,103,81,81,1,81
1791184768.96,other:/lib/systemd/systemd,cf4,10.20,112,59,60,0,60
1791184769.96,other:/lib/systemd/systemd,cf1,0.00,134,86,87,0,87
1791184769.96,other:/lib/systemd/systemd,cf2,10.00,139,128,129,0,129
1791184769.96,other:/lib/systemd/systemd,cf3,10.00,126,90,91,0,91
1791184769.96,other:/lib/systemd/systemd,cf5,10.00,137,124,126,18446744073709551615,126
1791184769.96,other:/lib/systemd/systemd,cf4,10.00,128,81,83,18446744073709551615,83
1791184770.96,other:/lib/systemd/systemd,cf1,0.00,128,55,55,0,55
1791184770.96,other:/lib/systemd/systemd,cf2,10.20,142,129,130,0,130
1791184770.96,other:/lib/systemd/systemd,cf3,10.00,129,93,93,0,93
1791184770.96,other:/lib/systemd/systemd,cf5,10.20,129,106,106,1,106
1791184770.96,other:/lib/systemd/systemd,cf4,10.40,129,94,95,0,95
1791184771.96,other:/lib/systemd/systemd,cf1,0.00,206,191,192,0,192
1791184771.96,other:/lib/systemd/systemd,cf2,10.00,193,186,186,0,186
1791184771.96,other:/lib/systemd/systemd,cf3,10.00,165,139,141,0,141
1791184771.96,other:/lib/systemd/systemd,cf5,10.00,169,150,152,18446744073709551615,152
1791184771.96,other:/lib/systemd/systemd,cf4,10.00,165,139,140,0,140
1791184772.96,other:/lib/systemd/systemd,cf1,0.00,124,76,78,0,78
1791184772.96,other:/lib/systemd/systemd,cf2,10.20,121,94,96,0,96
1791184772.96,other:/lib/systemd/systemd,cf3,10.00,168,150,151,0,151
1791184772.96,other:/lib/systemd/systemd,cf5,10.00,157,145,145,0,145
1791184772.96,other:/lib/systemd/systemd,cf4,10.40,168,144,145,0,145
1791184773.96,other:/lib/systemd/systemd,cf1,0.00,113,56,57,0,57
1791184773.96,other:/lib/systemd/systemd,cf2,10.00,113,85,86,0,86
1791184773.96,other:/lib/systemd/systemd,cf3,10.00,103,61,61,1,61
1791184773.96,other:/lib/systemd/systemd,cf5,10.00,104,88,90,0,90
1791184773.96,other:/lib/systemd/systemd,cf4,10.00,101,48,48,1,48
1791184774.96,other:/lib/systemd/systemd,cf1,0.00,196,173,173,0,173
1791184774.96,other:/lib/systemd/systemd,cf2,10.00,217,213,214,0,214
1791184774.96,other:/lib/systemd/systemd,cf3,10.00,157,125,127,18446744073709551615,127
1791184774.96,other:/lib/systemd/systemd,cf5,10.00,164,160,161,0,161
1791184774.96,other:/lib/systemd/systemd,cf4,10.20,159,127,129,18446744073709551615,129
1791184775.96,other:/lib/systemd/systemd,cf1,0.00,165,127,129,0,129
1791184775.96,other:/lib/systemd/systemd,cf2,10.00,142,116,117,0,117
1791184775.96,other:/lib/systemd/systemd,cf3,10.00,194,186,187,0,187
1791184775.96,other:/lib/systemd/systemd,cf5,10.00,192,187,187,0,187
1791184775.96,other:/lib/systemd/systemd,cf4,10.00,194,174,175,0,175
1791184776.96,other:/lib/systemd/systemd,cf1,0.00,201,187,187,0,187
1791184776.96,other:/lib/systemd/systemd,cf2,10.00,226,222,223,0,223
1791184776.96,other:/lib/systemd/systemd,cf3,10.00,165,145,146,0,146
1791184776.96,other:/lib/systemd/systemd,cf5,10.00,173,159,161,0,161
1791184776.96,other:/lib/systemd/systemd,cf4,10.00,166,130,131,0,131
1791184777.96,other:/lib/systemd/systemd,cf1,0.00,179,146,148,0,148
1791184777.96,other:/lib/systemd/systemd,cf2,10.00,170,162,163,0,163
1791184777.96,other:/lib/systemd/systemd,cf3,10.00,223,221,221,0,221
1791184777.96,other:/lib/systemd/systemd,cf5,10.00,212,208,209,0,209
1791184777.96,other:/lib/systemd/systemd,cf4,10.20,223,213,214,0,214
1791184778.96,other:/lib/systemd/systemd,cf1,0.00,210,195,196,0,196
1791184778.96,other:/lib/systemd/systemd,cf2,10.00,200,197,198,0,198
1791184778.96,other:/lib/systemd/systemd,cf3,10.00,166,150,152,0,152
1791184778.96,other:/lib/systemd/systemd,cf5,10.00,174,166,167,0,167
1791184778.96,other:/lib/systemd/systemd,cf4,10.00,165,130,131,0,131
1791184779.96,other:/lib/systemd/systemd,cf1,0.00,142,85,85,1,85
1791184779.96,other:/lib/systemd/systemd,cf2,9.80,139,122,123,0,123
1791184779.96,other:/lib/systemd/systemd,cf3,9.80,188,177,178,0,178
1791184779.96,other:/lib/systemd/systemd,cf5,10.00,181,175,176,0,176
1791184779.96,other:/lib/systemd/systemd,cf4,9.80,189,166,167,0,167
1791184780.96,other:/lib/systemd/systemd,cf1,0.00,109,36,37,18446744073709551615,37
1791184780.96,other:/lib/systemd/systemd,cf2,10.00,108,73,73,1,73
1791184780.96,other:/lib/systemd/systemd,cf3,10.00,118,95,95,1,95
1791184780.96,other:/lib/systemd/systemd,cf5,10.00,113,111,112,0,112
1791184780.96,other:/lib/systemd/systemd,cf4,10.00,115,45,45,1,45
1791184781.96,other:/lib/systemd/systemd,cf1,0.00,159,121,122,1,122
1791184781.96,other:/lib/systemd/systemd,cf2,10.00,154,126,127,18446744073709551615,127
1791184781.96,other:/lib/systemd/systemd,cf3,10.00,122,101,102,18446744073709551615,102
1791184781.96,other:/lib/systemd/systemd,cf5,10.00,136,131,132,0,132
1791184781.96,other:/lib/systemd/systemd,cf4,10.00,125,62,64,18446744073709551615,64
1791184782.96,other:/lib/systemd/systemd,cf1,0.00,168,137,138,18446744073709551615,138
1791184782.96,other:/lib/systemd/systemd,cf2,10.00,169,149,150,1,150
1791184782.96,other:/lib/systemd/systemd,cf3,10.00,173,159,161,0,161
1791184782.96,other:/lib/systemd/systemd,cf5,10.00,170,163,163,0,163
1791184782.96,other:/lib/systemd/systemd,cf4,10.00,172,147,148,0,148
1791184783.96,other:/lib/systemd/systemd,cf1,0.00,132,65,67,0,67
1791184783.96,other:/lib/systemd/systemd,cf2,9.80,157,129,131,18446744073709551615,131
1791184783.96,other:/lib/systemd/systemd,cf3,10.00,139,110,111,0,111
1791184783.96,other:/lib/systemd/systemd,cf5,9.80,134,111,113,0,113
1791184783.96,other:/lib/systemd/systemd,cf4,9.80,138,101,102,0,102
1791184784.96,other:/lib/systemd/systemd,cf1,0.00,184,152,152,1,152
1791184784.96,other:/lib/systemd/systemd,cf2,10.20,182,171,172,0,172
1791184784.96,other:/lib/systemd/systemd,cf3,10.20,179,164,164,1,164
1791184784.96,other:/lib/systemd/systemd,cf5,10.00,170,151,152,0,152
1791184784.96,other:/lib/systemd/systemd,cf4,10.20,177,157,157,0,157
1791184785.96,other:/lib/systemd/systemd,cf1,0.00,211,177,179,18446744073709551615,179
1791184785.96,other:/lib/systemd/systemd,cf2,9.80,203,191,191,1,191
1791184785.96,other:/lib/systemd/systemd,cf3,10.00,183,173,175,18446744073709551615,175
1791184785.96,other:/lib/systemd/systemd,cf5,10.00,199,193,193,0,193
1791184785.96,other:/lib/systemd/systemd,cf4,9.80,186,175,176,0,176
1791184786.96,other:/lib/systemd/systemd,cf1,0.00,117,52,52,1,52
1791184786.96,other:/lib/systemd/systemd,cf2,10.00,101,74,75,18446744073709551615,75
1791184786.96,other:/lib/systemd/systemd,cf3,10.00,183,167,167,1,167
1791184786.96,other:/lib/systemd/systemd,cf5,10.00,168,145,146,0,146
1791184786.96,other:/lib/systemd/systemd,cf4,10.00,180,163,164,0,164
1791184787.96,other:/lib/systemd/systemd,cf1,0.00,115,52,53,18446744073709551615,53
1791184787.96,other:/lib/systemd/systemd,cf2,9.60,119,86,88,0,88
1791184787.96,other:/lib/systemd/systemd,cf3,9.80,95,49,51,18446744073709551615,51
1791184787.96,other:/lib/systemd/systemd,cf5,10.00,107,72,74,0,74
1791184787.96,other:/lib/systemd/systemd,cf4,9.40,98,43,45,0,45
1791184788.96,other:/lib/systemd/systemd,cf1,0.00,88,23,24,1,24
1791184788.96,other:/lib/systemd/systemd,cf2,10.00,85,43,44,0,44
1791184788.96,other:/lib/systemd/systemd,cf3,10.00,107,63,63,1,63
1791184788.96,other:/lib/systemd/systemd,cf5,10.20,97,76,76,0,76
1791184788.96,other:/lib/systemd/systemd,cf4,10.00,105,52,52,1,52
1791184789.96,other:/lib/systemd/systemd,cf1,0.00,130,63,64,18446744073709551615,64
1791184789.96,other:/lib/systemd/systemd,cf2,10.00,144,124,124,0,124
1791184789.96,other:/lib/systemd/systemd,cf3,10.00,106,62,63,0,63
1791184789.96,other:/lib/systemd/systemd,cf5,10.00,105,84,85,1,85
1791184789.96,other:/lib/systemd/systemd,cf4,10.00,106,56,57,0,57
1791184790.96,other:/lib/systemd/systemd,cf1,0.00,188,152,154,0,154
1791184790.96,other:/lib/systemd/systemd,cf2,10.20,201,193,195,0,195
1791184790.96,other:/lib/systemd/systemd,cf3,10.00,150,129,130,18446744073709551615,130
1791184790.96,other:/lib/systemd/systemd,cf5,10.00,162,147,149,18446744073709551615,149
1791184790.96,other:/lib/systemd/systemd,cf4,10.20,153,125,127,18446744073709551615,127
1791184791.96,other:/lib/systemd/systemd,cf1,0.00,203,167,168,0,168
1791184791.96,other:/lib/systemd/systemd,cf2,10.00,189,187,188,0,188
1791184791.96,other:/lib/systemd/systemd,cf3,10.00,211,206,208,0,208
1791184791.96,other:/lib/systemd/systemd,cf5,10.00,210,204,205,0,205
1791184791.96,other:/lib/systemd/systemd,cf4,10.20,209,202,202,0,202
1791184792.96,other:/lib/systemd/systemd,cf1,0.00,154,70,70,0,70
1791184792.96,other:/lib/systemd/systemd,cf2,10.20,140,125,125,0,125
1791184792.96,other:/lib/systemd/systemd,cf3,10.20,189,185,185,0,185
1791184792.96,other:/lib/systemd/systemd,cf5,9.80,186,176,177,0,177
1791184792.96,other:/lib/systemd/systemd,cf4,10.40,189,181,182,0,182
1791184793.96,other:/lib/systemd/systemd,cf1,0.00,96,23,24,0,24
1791184793.96,other:/lib/systemd/systemd,cf2,10.00,98,69,71,0,71
1791184793.96,other:/lib/systemd/systemd,cf3,10.00,108,73,75,0,75
1791184793.96,other:/lib/systemd/systemd,cf5,10.00,99,64,64,0,64
1791184793.96,other:/lib/systemd/systemd,cf4,10.00,107,70,71,0,71
1791184794.96,other:/lib/systemd/systemd,cf1,0.00,120,2,3,0,3
1791184794.96,other:/lib/systemd/systemd,cf2,10.00,131,120,121,0,121
1791184794.96,other:/lib/systemd/systemd,cf3,10.00,102,82,82,0,82
1791184794.96,other:/lib/systemd/systemd,cf5,10.00,106,93,95,0,95
1791184794.96,other:/lib/systemd/systemd,cf4,10.00,103,34,35,1,35
1791184795.96,other:/lib/systemd/systemd,cf1,0.00,127,26,27,1,27
1791184795.96,other:/lib/systemd/systemd,cf2,9.60,115,95,95,1,95
1791184795.96,other:/lib/systemd/systemd,cf3,9.80,139,127,128,0,128
1791184795.96,other:/lib/systemd/systemd,cf5,10.00,145,138,139,0,139
1791184795.96,other:/lib/systemd/systemd,cf4,9.80,141,121,123,18446744073709551615,123
1791184796.96,other:/lib/systemd/systemd,cf1,0.00,122,62,63,0,63
1791184796.96,other:/lib/systemd/systemd,cf2,9.80,120,87,89,18446744073709551615,89
1791184796.96,other:/lib/systemd/systemd,cf3,10.00,99,57,58,0,58
1791184796.96,other:/lib/systemd/systemd,cf5,9.80,103,80,81,0,81
1791184796.96,other:/lib/systemd/systemd,cf4,9.60,97,48,49,0,49
1791184797.96,other:/lib/systemd/systemd,cf1,0.00,113,23,24,0,24
1791184797.96,other:/lib/systemd/systemd,cf2,10.20,126,112,113,0,113
1791184797.96,other:/lib/systemd/systemd,cf3,10.00,122,95,97,0,97
1791184797.96,other:/lib/systemd/systemd,cf5,10.20,111,82,82,0,82
1791184797.96,other:/lib/systemd/systemd,cf4,10.00,121,80,80,1,80
1791184798.96,other:/lib/systemd/systemd,cf1,0.00,121,38,39,0,39
1791184798.96,other:/lib/systemd/systemd,cf2,10.20,119,93,94,0,94
1791184798.96,other:/lib/systemd/systemd,cf3,10.00,147,133,133,0,133
1791184798.96,other:/lib/systemd/systemd,cf5,10.00,147,135,137,0,137
1791184798.96,other:/lib/systemd/systemd,cf4,10.20,149,134,136,18446744073709551615,136
1791184799.96,other:/lib/systemd/systemd,cf1,0.00,115,45,46,0,46
1791184799.96,other:/lib/systemd/systemd,cf2,9.80,110,79,80,0,80
1791184799.96,other:/lib/systemd/systemd,cf3,10.00,118,76,77,1,77
1791184799.96,other:/lib/systemd/systemd,cf5,10.00,115,100,100,1,100
1791184799.96,other:/lib/systemd/systemd,cf4,9.80,117,74,75,0,75
1791184800.96,other:/lib/systemd/systemd,cf1,0.00,136,48,50,18446744073709551615,50
1791184800.96,other:/lib/systemd/systemd,cf2,10.40,151,139,140,0,140
1791184800.96,other:/lib/systemd/systemd,cf3,10.20,103,63,64,18446744073709551615,64
1791184800.96,other:/lib/systemd/systemd,cf5,10.00,104,78,80,18446744073709551615,80
1791184800.96,other:/lib/systemd/systemd,cf4,10.20,102,59,59,0,59
1791184801.96,other:/lib/systemd/systemd,cf1,0.00,161,113,114,0,114
1791184801.96,other:/lib/systemd/systemd,cf2,10.00,154,135,135,1,135
1791184801.96,other:/lib/systemd/systemd,cf3,9.80,161,143,144,0,144
1791184801.96,other:/lib/systemd/systemd,cf5,10.20,164,158,159,0,159
1791184801.96,other:/lib/systemd/systemd,cf4,10.00,164,146,148,0,148
1791184802.96,other:/lib/systemd/systemd,cf1,0.00,136,70,70,1,70
1791184802.96,other:/lib/systemd/systemd,cf2,9.80,139,115,117,18446744073709551615,117
1791184802.96,other:/lib/systemd/systemd,cf3,10.00,145,115,116,1,116
1791184802.96,other:/lib/systemd/systemd,cf5,10.00,140,128,128,1,128
1791184802.96,other:/lib/systemd/systemd,cf4,10.00,142,111,111,0,111
1791184803.96,other:/lib/systemd/systemd,cf1,0.00,138,61,62,0,62
1791184803.96,other:/lib/systemd/systemd,cf2,9.80,143,122,123,0,123
1791184803.96,other:/lib/systemd/systemd,cf3,10.00,145,124,125,0,125
1791184803.96,other:/lib/systemd/systemd,cf5,10.00,145,136,138,18446744073709551615,138
1791184803.96,other:/lib/systemd/systemd,cf4,9.80,145,122,123,1,123
1791184804.96,other:/lib/systemd/systemd,cf1,0.00,158,77,79,18446744073709551615,79
1791184804.96,other:/lib/systemd/systemd,cf2,10.00,155,141,142,0,142
1791184804.96,other:/lib/systemd/systemd,cf3,10.00,154,138,140,18446744073709551615,140
1791184804.96,other:/lib/systemd/systemd,cf5,10.00,156,152,152,1,152
1791184804.96,other:/lib/systemd/systemd,cf4,10.20,154,128,130,18446744073709551615,130
1791184805.96,other:/lib/systemd/systemd,cf1,0.00,174,89,89,0,89
1791184805.96,other:/lib/systemd/systemd,cf2,9.80,168,165,166,0,166
1791184805.96,other:/lib/systemd/systemd,cf3,10.00,149,133,133,0,133
1791184805.96,other:/lib/systemd/systemd,cf5,10.00,159,153,155,18446744073709551615,155
1791184805.96,other:/lib/systemd/systemd,cf4,10.00,151,128,129,0,129
1791184806.96,other:/lib/systemd/systemd,cf1,0.00,153,95,96,1,96
1791184806.96,other:/lib/systemd/systemd,cf2,10.00,159,140,141,0,141
1791184806.96,other:/lib/systemd/systemd,cf3,10.20,165,152,154,0,154
1791184806.96,other:/lib/systemd/systemd,cf5,10.00,158,142,143,0,143
1791184806.96,other:/lib/systemd/systemd,cf4,10.40,165,147,148,0,148
1791184807.96,other:/lib/systemd/systemd,cf1,0.00,180,155,157,18446744073709551615,157
1791184807.96,other:/lib/systemd/systemd,cf2,10.00,165,141,141,1,141
1791184807.96,other:/lib/systemd/systemd,cf3,9.80,187,175,176,0,176
1791184807.96,other:/lib/systemd/systemd,cf5,10.00,201,193,194,0,194
1791184807.96,other:/lib/systemd/systemd,cf4,10.00,188,170,171,0,171
1791184808.96,other:/lib/systemd/systemd,cf1,0.00,120,69,69,0,69
1791184808.96,other:/lib/systemd/systemd,cf2,9.80,118,78,79,18446744073709551615,79
1791184808.96,other:/lib/systemd/systemd,cf3,10.00,113,70,71,0,71
1791184808.96,other:/lib/systemd/systemd,cf5,10.00,105,78,78,1,78
1791184808.96,other:/lib/systemd/systemd,cf4,10.00,112,63,64,0,64
1791184809.96,other:/lib/systemd/systemd,cf1,0.00,92,29,30,1,30
1791184809.96,other:/lib/systemd/systemd,cf2,9.80,89,42,43,0,43
1791184809.96,other:/lib/systemd/systemd,cf3,10.00,120,87,87,1,87
1791184809.96,other:/lib/systemd/systemd,cf5,9.80,111,89,90,18446744073709551615,90
1791184809.96,other:/lib/systemd/systemd,cf4,9.40,119,76,77,0,77
1791184810.96,other:/lib/systemd/systemd,cf1,0.00,80,21,22,18446744073709551615,22
1791184810.96,other:/lib/systemd/systemd,cf2,9.80,82,31,32,1,32
1791184810.96,other:/lib/systemd/systemd,cf3,9.80,89,40,41,0,41
1791184810.96,other:/lib/systemd/systemd,cf5,9.80,85,48,50,0,50
1791184810.96,other:/lib/systemd/systemd,cf4,9.40,87,28,28,0,28
1791184811.96,other:/lib/systemd/systemd,cf1,0.00,78,14,15,1,15
1791184811.96,other:/lib/systemd/systemd,cf2,10.00,76,27,28,18446744073709551615,28
1791184811.96,other:/lib/systemd/systemd,cf3,9.60,77,24,25,0,25
1791184811.96,other:/lib/systemd/systemd,cf5,9.80,77,29,30,0,30
1791184811.96,other:/lib/systemd/systemd,cf4,9.60,77,18,19,1,19
1791184812.96,other:/lib/systemd/systemd,cf1,0.00,79,12,13,0,13
1791184812.96,other:/lib/systemd/systemd,cf2,10.00,83,37,39,0,39
1791184812.96,other:/lib/systemd/systemd,cf3,10.20,81,24,25,0,25
1791184812.96,other:/lib/systemd/systemd,cf5,10.00,81,51,51,1,51
1791184812.96,other:/lib/systemd/systemd,cf4,10.20,81,22,23,0,23
1791184813.96,other:/lib/systemd/systemd,cf1,0.00,168,115,116,0,116
1791184813.96,other:/lib/systemd/systemd,cf2,10.20,174,160,160,1,160
1791184813.96,other:/lib/systemd/systemd,cf3,10.00,117,87,88,18446744073709551615,88
1791184813.96,other:/lib/systemd/systemd,cf5,10.00,130,107,109,18446744073709551615,109
1791184813.96,other:/lib/systemd/systemd,cf4,10.00,120,77,79,18446744073709551615,79
1791184814.96,other:/lib/systemd/systemd,cf1,0.00,110,48,49,0,49
1791184814.96,other:/lib/systemd/systemd,cf2,10.20,102,70,72,18446744073709551615,72
1791184814.96,other:/lib/systemd/systemd,cf3,9.80,152,133,135,0,135
1791184814.96,other:/lib/systemd/systemd,cf5,10.00,142,125,125,1,125
1791184814.96,other:/lib/systemd/systemd,cf4,10.40,150,120,120,1,120
1791184815.96,other:/lib/systemd/systemd,cf1,0.00,124,73,74,18446744073709551615,74
1791184815.96,other:/lib/systemd/systemd,cf2,10.20,141,122,123,0,123
1791184815.96,other:/lib/systemd/systemd,cf3,10.20,89,33,33,1,33
1791184815.96,other:/lib/systemd/systemd,cf5,10.20,97,68,70,18446744073709551615,70
1791184815.96,other:/lib/systemd/systemd,cf4,10.40,89,28,29,0,29
1791184816.96,other:/lib/systemd/systemd,cf1,0.00,176,105,106,0,106
1791184816.96,other:/lib/systemd/systemd,cf2,10.00,173,168,169,0,169
1791184816.96,other:/lib/systemd/systemd,cf3,10.40,172,155,156,0,156
1791184816.96,other:/lib/systemd/systemd,cf5,10.20,177,166,167,0,167
1791184816.96,other:/lib/systemd/systemd,cf4,10.40,175,159,161,18446744073709551615,161
1791184817.96,other:/lib/systemd/systemd,cf1,0.00,174,94,95,0,95
1791184817.96,other:/lib/systemd/systemd,cf2,10.00,178,174,175,0,175
1791184817.96,other:/lib/systemd/systemd,cf3,10.00,179,171,172,18446744073709551615,172
1791184817.96,other:/lib/systemd/systemd,cf5,10.00,178,170,171,0,171
1791184817.96,other:/lib/systemd/systemd,cf4,10.00,177,174,174,0,174
1791184818.96,other:/lib/systemd/systemd,cf1,0.00,192,137,139,0,139
1791184818.96,other:/lib/systemd/systemd,cf2,10.00,198,195,195,0,195
1791184818.96,other:/lib/systemd/systemd,cf3,10.00,177,168,170,0,170
1791184818.96,other:/lib/systemd/systemd,cf5,10.00,179,174,175,0,175
1791184818.96,other:/lib/systemd/systemd,cf4,10.20,177,168,170,0,170
1791184819.96,other:/lib/systemd/systemd,cf1,0.00,193,147,147,1,147
1791184819.96,other:/lib/systemd/systemd,cf2,10.00,190,187,189,0,189
1791184819.96,other:/lib/systemd/systemd,cf3,10.00,202,197,198,0,198
1791184819.96,other:/lib/systemd/systemd,cf5,10.20,200,196,197,0,197
1791184819.96,other:/lib/systemd/systemd,cf4,10.00,202,194,194,0,194
1791184820.96,other:/lib/systemd/systemd,cf1,0.00,156,70,71,18446744073709551615,71
1791184820.96,other:/lib/systemd/systemd,cf2,10.00,138,121,121,0,121
1791184820.96,other:/lib/systemd/systemd,cf3,10.00,168,154,155,0,155
1791184820.96,other:/lib/systemd/systemd,cf5,10.00,162,157,158,0,158
1791184820.96,other:/lib/systemd/systemd,cf4,10.20,167,154,155,1,155
1791184821.96,other:/lib/systemd/systemd,cf1,0.00,155,81,83,0,83
1791184821.96,other:/lib/systemd/systemd,cf2,10.00,170,164,166,0,166
1791184821.96,other:/lib/systemd/systemd,cf3,10.00,138,124,124,1,124
1791184821.96,other:/lib/systemd/systemd,cf5,10.00,144,132,132,0,132
1791184821.96,other:/lib/systemd/systemd,cf4,10.00,139,122,123,18446744073709551615,123
1791184822.96,other:/lib/systemd/systemd,cf1,0.00,176,98,98,1,98
1791184822.96,other:/lib/systemd/systemd,cf2,10.00,174,166,167,0,167
1791184822.96,other:/lib/systemd/systemd,cf3,10.00,177,170,171,18446744073709551615,171
1791184822.96,other:/lib/systemd/systemd,cf5,10.00,182,176,178,0,178
1791184822.96,other:/lib/systemd/systemd,cf4,10.00,179,175,177,0,177
1791184823.96,other:/lib/systemd/systemd,cf1,0.00,187,118,119,0,119
1791184823.96,other:/lib/systemd/systemd,cf2,10.00,196,195,196,0,196
1791184823.96,other:/lib/systemd/systemd,cf3,10.00,188,181,183,0,183
1791184823.96,other:/lib/systemd/systemd,cf5,10.00,185,182,182,0,182
1791184823.96,other:/lib/systemd/systemd,cf4,10.00,187,180,180,0,180
1791184824.96,other:/lib/systemd/systemd,cf1,0.00,184,123,125,18446744073709551615,125
1791184824.96,other:/lib/systemd/systemd,cf2,10.00,173,168,169,0,169
1791184824.96,other:/lib/systemd/systemd,cf3,10.20,189,183,184,0,184
1791184824.96,other:/lib/systemd/systemd,cf5,10.00,190,185,187,0,187
1791184824.96,other:/lib/systemd/systemd,cf4,10.20,190,182,184,0,184
1791184825.96,other:/lib/systemd/systemd,cf1,0.00,176,78,78,0,78
1791184825.96,other:/lib/systemd/systemd,cf2,10.00,186,182,183,0,183
1791184825.96,other:/lib/systemd/systemd,cf3,10.00,167,165,166,0,166
1791184825.96,other:/lib/systemd/systemd,cf5,10.00,163,155,156,0,156
1791184825.96,other:/lib/systemd/systemd,cf4,10.00,166,159,159,0,159
1791184826.96,other:/lib/systemd/systemd,cf1,0.00,170,111,113,0,113
1791184826.96,other:/lib/systemd/systemd,cf2,10.00,162,155,155,1,155
1791184826.96,other:/lib/systemd/systemd,cf3,10.00,182,172,173,0,173
1791184826.96,other:/lib/systemd/systemd,cf5,10.00,181,173,174,0,174
1791184826.96,other:/lib/systemd/systemd,cf4,10.00,182,168,170,0,170
1791184827.96,other:/lib/systemd/systemd,cf1,0.00,174,104,104,0,104
1791184827.96,other:/lib/systemd/systemd,cf2,10.00,171,162,164,18446744073709551615,164
1791184827.96,other:/lib/systemd/systemd,cf3,10.00,168,165,166,0,166
1791184827.96,other:/lib/systemd/systemd,cf5,10.00,169,167,168,0,168
1791184827.96,other:/lib/systemd/systemd,cf4,10.00,168,149,150,0,150
1791184828.96,other:/lib/systemd/systemd,cf1,0.00,168,86,88,0,88
1791184828.96,other:/lib/systemd/systemd,cf2,10.00,174,171,171,0,171
1791184828.96,other:/lib/systemd/systemd,cf3,10.00,162,157,158,0,158
1791184828.96,other:/lib/systemd/systemd,cf5,9.80,164,152,153,0,153
1791184828.96,other:/lib/systemd/systemd,cf4,10.00,161,152,153,0,153
1791184829.96,other:/lib/systemd/systemd,cf1,0.00,178,146,146,0,146
1791184829.96,other:/lib/systemd/systemd,cf2,10.00,178,173,175,0,175
1791184829.96,other:/lib/systemd/systemd,cf3,10.00,193,186,187,0,187
1791184829.96,other:/lib/systemd/systemd,cf5,10.00,187,155,156,0,156
1791184829.96,other:/lib/systemd/systemd,cf4,10.00,193,184,185,0,185
1791184830.96,other:/lib/systemd/systemd,cf1,0.00,164,80,81,1,81
1791184830.96,other:/lib/systemd/systemd,cf2,10.00,159,154,155,0,155
1791184830.96,other:/lib/systemd/systemd,cf3,10.00,169,160,161,0,161
1791184830.96,other:/lib/systemd/systemd,cf5,10.00,167,161,162,0,162
1791184830.96,other:/lib/systemd/systemd,cf4,10.00,168,163,163,0,163
1791184831.96,other:/lib/systemd/systemd,cf1,0.00,163,80,81,18446744073709551615,81
1791184831.96,other:/lib/systemd/systemd,cf2,10.00,163,160,161,0,161
1791184831.96,other:/lib/systemd/systemd,cf3,10.00,156,148,149,0,149
1791184831.96,other:/lib/systemd/systemd,cf5,10.00,160,157,158,0,158
1791184831.96,other:/lib/systemd/systemd,cf4,10.00,158,147,149,0,149
1791184832.96,other:/lib/systemd/systemd,cf1,0.00,163,80,81,0,81
1791184832.96,other:/lib/systemd/systemd,cf2,10.00,162,160,161,0,161
1791184832.96,other:/lib/systemd/systemd,cf3,10.00,172,170,171,0,171
1791184832.96,other:/lib/systemd/systemd,cf5,10.00,175,170,171,0,171
1791184832.96,other:/lib/systemd/systemd,cf4,10.00,172,159,159,0,159
1791184833.96,other:/lib/systemd/systemd,cf1,0.00,188,138,139,1,139
1791184833.96,other:/lib/systemd/systemd,cf2,10.00,199,196,197,0,197
1791184833.96,other:/lib/systemd/systemd,cf3,10.00,159,149,150,0,150
1791184833.96,other:/lib/systemd/systemd,cf5,10.20,159,153,154,0,154
1791184833.96,other:/lib/systemd/systemd,cf4,9.80,158,133,134,0,134
1791184834.96,other:/lib/systemd/systemd,cf1,0.00,159,90,91,0,91
1791184834.96,other:/lib/systemd/systemd,cf2,10.00,149,142,143,0,143
1791184834.96,other:/lib/systemd/systemd,cf3,10.00,184,181,181,0,181
1791184834.96,other:/lib/systemd/systemd,cf5,10.00,177,174,174,0,174
1791184834.96,other:/lib/systemd/systemd,cf4,10.00,183,149,150,1,150
1791184835.96,other:/lib/systemd/systemd,cf1,0.00,164,66,67,0,67
1791184835.96,other:/lib/systemd/systemd,cf2,10.00,170,166,167,0,167
1791184835.96,other:/lib/systemd/systemd,cf3,10.00,158,152,154,0,154
1791184835.96,other:/lib/systemd/systemd,cf5,10.00,163,159,161,0,161
1791184835.96,other:/lib/systemd/systemd,cf4,10.00,160,142,144,18446744073709551615,144
1791184836.96,other:/lib/systemd/systemd,cf1,0.00,178,98,99,0,99
1791184836.96,other:/lib/systemd/systemd,cf2,10.00,173,171,172,0,172
1791184836.96,other:/lib/systemd/systemd,cf3,10.00,176,170,171,0,171
1791184836.96,other:/lib/systemd/systemd,cf5,10.00,180,177,178,0,178
1791184836.96,other:/lib/systemd/systemd,cf4,10.00,176,164,165,0,165
1791184837.96,other:/lib/systemd/systemd,cf1,0.00,162,78,79,18446744073709551615,79
1791184837.96,other:/lib/systemd/systemd,cf2,10.00,166,162,162,0,162
1791184837.96,other:/lib/systemd/systemd,cf3,10.00,166,160,160,0,160
1791184837.96,other:/lib/systemd/systemd,cf5,10.00,162,158,159,0,159
1791184837.96,other:/lib/systemd/systemd,cf4,10.00,166,159,160,0,160
1791184838.96,other:/lib/systemd/systemd,cf1,0.00,190,147,149,0,149
1791184838.96,other:/lib/systemd/systemd,cf2,10.00,192,186,188,0,188
1791184838.96,other:/lib/systemd/systemd,cf3,10.00,183,176,177,1,177
1791184838.96,other:/lib/systemd/systemd,cf5,10.00,183,178,179,0,179
1791184838.96,other:/lib/systemd/systemd,cf4,10.20,183,170,171,0,171
1791184839.96,other:/lib/systemd/systemd,cf1,0.00,195,175,175,0,175
1791184839.96,other:/lib/systemd/systemd,cf2,10.00,196,190,191,0,191
1791184839.96,other:/lib/systemd/systemd,cf3,10.00,192,186,188,18446744073709551615,188
1791184839.96,other:/lib/systemd/systemd,cf5,10.00,197,196,197,0,197
1791184839.96,other:/lib/systemd/systemd,cf4,10.00,192,171,172,0,172
1791184840.96,other:/lib/systemd/systemd,cf1,0.00,193,155,156,1,156
1791184840.96,other:/lib/systemd/systemd,cf2,10.00,192,187,188,0,188
1791184840.96,other:/lib/systemd/systemd,cf3,10.00,192,185,186,0,186
1791184840.96,other:/lib/systemd/systemd,cf5,10.00,188,181,182,0,182
1791184840.96,other:/lib/systemd/systemd,cf4,10.00,191,175,175,0,175
1791184841.96,other:/lib/systemd/systemd,cf1,0.00,198,178,179,18446744073709551615,179
1791184841.96,other:/lib/systemd/systemd,cf2,10.00,193,187,188,0,188
1791184841.96,other:/lib/systemd/systemd,cf3,10.00,193,186,187,0,187
1791184841.96,other:/lib/systemd/systemd,cf5,10.00,193,189,190,0,190
1791184841.96,other:/lib/systemd/systemd,cf4,10.00,193,184,185,0,185
1791184842.96,other:/lib/systemd/systemd,cf1,0.00,195,149,150,0,150
1791184842.96,other:/lib/systemd/systemd,cf2,10.00,194,182,183,0,183
1791184842.96,other:/lib/systemd/systemd,cf3,10.00,199,194,195,0,195
1791184842.96,other:/lib/systemd/systemd,cf5,10.00,197,190,191,0,191
1791184842.96,other:/lib/systemd/systemd,cf4,10.00,199,190,192,0,192
1791184843.96,other:/lib/systemd/systemd,cf1,0.00,153,60,61,0,61
1791184843.96,other:/lib/systemd/systemd,cf2,10.00,152,149,149,1,149
1791184843.96,other:/lib/systemd/systemd,cf3,10.20,174,170,171,0,171
1791184843.96,other:/lib/systemd/systemd,cf5,10.00,171,165,165,1,165
1791184843.96,other:/lib/systemd/systemd,cf4,10.00,174,164,165,0,165
1791184844.96,other:/lib/systemd/systemd,cf1,0.00,189,150,152,0,152
1791184844.96,other:/lib/systemd/systemd,cf2,10.00,201,197,199,18446744073709551615,199
1791184844.96,other:/lib/systemd/systemd,cf3,10.00,171,166,167,0,167
1791184844.96,other:/lib/systemd/systemd,cf5,10.00,174,169,171,18446744073709551615,171
1791184844.96,other:/lib/systemd/systemd,cf4,10.00,172,155,155,0,155
1791184845.96,other:/lib/systemd/systemd,cf1,0.00,224,218,218,1,218
1791184845.96,other:/lib/systemd/systemd,cf2,10.00,223,220,221,0,221
1791184845.96,other:/lib/systemd/systemd,cf3,10.00,206,202,203,0,203
1791184845.96,other:/lib/systemd/systemd,cf5,10.00,212,208,208,0,208
1791184845.96,other:/lib/systemd/systemd,cf4,10.00,206,184,186,0,186
1791184846.96,other:/lib/systemd/systemd,cf1,0.00,204,168,170,18446744073709551615,170
1791184846.96,other:/lib/systemd/systemd,cf2,10.00,201,194,195,0,195
1791184846.96,other:/lib/systemd/systemd,cf3,10.00,221,215,216,0,216
1791184846.96,other:/lib/systemd/systemd,cf5,10.00,221,217,219,0,219
1791184846.96,other:/lib/systemd/systemd,cf4,10.00,221,216,216,0,216
1791184847.96,other:/lib/systemd/systemd,cf1,0.00,223,210,211,0,211
1791184847.96,other:/lib/systemd/systemd,cf2,10.00,224,217,218,0,218
1791184847.96,other:/lib/systemd/systemd,cf3,10.00,209,203,204,0,204
1791184847.96,other:/lib/systemd/systemd,cf5,10.00,209,202,202,1,202
1791184847.96,other:/lib/systemd/systemd,cf4,10.00,208,202,204,0,204
1791184848.96,other:/lib/systemd/systemd,cf1,0.00,198,163,164,0,164
1791184848.96,other:/lib/systemd/systemd,cf2,10.00,191,187,188,0,188
1791184848.96,other:/lib/systemd/systemd,cf3,10.00,210,207,208,0,208
1791184848.96,other:/lib/systemd/systemd,cf5,10.00,211,205,207,18446744073709551615,207
1791184848.96,other:/lib/systemd/systemd,cf4,10.00,212,204,205,0,205
1791184849.96,other:/lib/systemd/systemd,cf1,0.00,193,145,146,0,146
1791184849.96,other:/lib/systemd/systemd,cf2,10.00,201,196,197,0,197
1791184849.96,other:/lib/systemd/systemd,cf3,10.00,199,195,196,0,196
1791184849.96,other:/lib/systemd/systemd,cf5,10.00,194,178,179,0,179
1791184849.96,other:/lib/systemd/systemd,cf4,10.00,198,191,191,0,191
1791184850.96,other:/lib/systemd/systemd,cf1,0.00,192,165,166,0,166
1791184850.96,other:/lib/systemd/systemd,cf2,10.00,188,185,185,0,185
1791184850.96,other:/lib/systemd/systemd,cf3,10.00,182,176,176,0,176
1791184850.96,other:/lib/systemd/systemd,cf5,10.00,183,174,175,0,175
1791184850.96,other:/lib/systemd/systemd,cf4,10.00,182,169,171,0,171
1791184851.96,other:/lib/systemd/systemd,cf1,0.00,198,159,159,0,159
1791184851.96,other:/lib/systemd/systemd,cf2,10.00,202,194,196,0,196
1791184851.96,other:/lib/systemd/systemd,cf3,10.20,197,189,191,0,191
1791184851.96,other:/lib/systemd/systemd,cf5,10.00,197,193,194,0,194
1791184851.96,other:/lib/systemd/systemd,cf4,10.00,197,174,175,0,175
1791184852.96,other:/lib/systemd/systemd,cf1,0.00,186,130,131,1,131
1791184852.96,other:/lib/systemd/systemd,cf2,10.00,182,180,181,0,181
1791184852.96,other:/lib/systemd/systemd,cf3,10.00,190,188,189,0,189
1791184852.96,other:/lib/systemd/systemd,cf5,10.00,190,179,180,0,180
1791184852.96,other:/lib/systemd/systemd,cf4,10.00,190,183,184,0,184
1791184853.96,other:/lib/systemd/systemd,cf1,0.00,167,112,113,0,113
1791184853.96,other:/lib/systemd/systemd,cf2,10.00,166,163,163,0,163
1791184853.96,other:/lib/systemd/systemd,cf3,10.00,185,182,183,0,183
1791184853.96,other:/lib/systemd/systemd,cf5,10.00,180,173,174,0,174
1791184853.96,other:/lib/systemd/systemd,cf4,10.00,184,175,176,0,176
1791184854.96,other:/lib/systemd/systemd,cf1,0.00,208,180,181,18446744073709551615,181
1791184854.96,other:/lib/systemd/systemd,cf2,10.00,205,200,202,0,202
1791184854.96,other:/lib/systemd/systemd,cf3,10.00,178,173,174,0,174
1791184854.96,other:/lib/systemd/systemd,cf5,10.00,186,158,159,0,159
1791184854.96,other:/lib/systemd/systemd,cf4,10.00,180,165,166,0,166
1791184855.96,other:/lib/systemd/systemd,cf1,0.00,189,149,151,0,151
1791184855.96,other:/lib/systemd/systemd,cf2,10.00,196,192,193,0,193
1791184855.96,other:/lib/systemd/systemd,cf3,10.20,198,189,190,0,190
1791184855.96,other:/lib/systemd/systemd,cf5,10.00,199,187,188,0,188
1791184855.96,other:/lib/systemd/systemd,cf4,10.00,197,189,190,0,190
1791184856.96,other:/lib/systemd/systemd,cf1,0.00,202,169,170,0,170
1791184856.96,other:/lib/systemd/systemd,cf2,10.00,205,202,203,0,203
1791184856.96,other:/lib/systemd/systemd,cf3,10.00,197,192,193,0,193
1791184856.96,other:/lib/systemd/systemd,cf5,10.00,194,192,193,0,193
1791184856.96,other:/lib/systemd/systemd,cf4,10.00,196,191,191,0,191
1791184857.96,other:/lib/systemd/systemd,cf1,0.00,220,207,207,0,207
1791184857.96,other:/lib/systemd/systemd,cf2,10.00,221,219,219,0,219
1791184857.96,other:/lib/systemd/systemd,cf3,10.20,218,212,212,0,212
1791184857.96,other:/lib/systemd/systemd,cf5,10.00,220,215,216,0,216
1791184857.96,other:/lib/systemd/systemd,cf4,10.00,219,210,212,0,212
1791184858.96,other:/lib/systemd/systemd,cf1,0.00,227,221,223,0,223
1791184858.96,other:/lib/systemd/systemd,cf2,10.00,225,220,221,0,221
1791184858.96,other:/lib/systemd/systemd,cf3,9.80,222,217,218,0,218
1791184858.96,other:/lib/systemd/systemd,cf5,10.00,225,220,221,0,221
1791184858.96,other:/lib/systemd/systemd,cf4,10.00,223,216,216,0,216
1791184859.96,other:/lib/systemd/systemd,cf1,0.00,208,187,188,0,188
1791184859.96,other:/lib/systemd/systemd,cf2,9.80,193,185,187,0,187
1791184859.96,other:/lib/systemd/systemd,cf3,10.00,218,214,216,0,216
1791184859.96,other:/lib/systemd/systemd,cf5,9.80,214,197,198,0,198
1791184859.96,other:/lib/systemd/systemd,cf4,9.80,217,209,211,0,211
1791184860.96,other:/lib/systemd/systemd,cf1,0.00,118,72,72,1,72
1791184860.96,other:/lib/systemd/systemd,cf2,10.00,110,89,89,0,89
1791184860.96,other:/lib/systemd/systemd,cf3,10.00,158,133,133,0,133
1791184860.96,other:/lib/systemd/systemd,cf5,10.00,147,105,105,1,105
1791184860.96,other:/lib/systemd/systemd,cf4,10.00,157,138,138,1,138
1791184861.96,other:/lib/systemd/systemd,cf1,0.00,197,168,170,18446744073709551615,170
1791184861.96,other:/lib/systemd/systemd,cf2,10.00,222,217,219,0,219
1791184861.96,other:/lib/systemd/systemd,cf3,10.00,148,120,121,0,121
1791184861.96,other:/lib/systemd/systemd,cf5,10.00,162,132,134,18446744073709551615,134
1791184861.96,other:/lib/systemd/systemd,cf4,10.00,150,123,125,18446744073709551615,125
1791184862.96,other:/lib/systemd/systemd,cf1,0.00,223,220,221,0,221
1791184862.96,other:/lib/systemd/systemd,cf2,10.00,224,221,222,0,222
1791184862.96,other:/lib/systemd/systemd,cf3,10.00,218,211,213,0,213
1791184862.96,other:/lib/systemd/systemd,cf5,10.00,219,200,201,0,201
1791184862.96,other:/lib/systemd/systemd,cf4,10.00,218,211,212,0,212
1791184863.96,other:/lib/systemd/systemd,cf1,0.00,231,222,223,0,223
1791184863.96,other:/lib/systemd/systemd,cf2,10.00,228,224,225,0,225
1791184863.96,other:/lib/systemd/systemd,cf3,10.20,232,226,227,0,227
1791184863.96,other:/lib/systemd/systemd,cf5,9.60,233,228,229,0,229
1791184863.96,other:/lib/systemd/systemd,cf4,10.00,232,229,230,0,230
1791184864.96,other:/lib/systemd/systemd,cf1,0.00,212,208,209,0,209
1791184864.96,other:/lib/systemd/systemd,cf2,10.20,201,193,194,0,194
1791184864.96,other:/lib/systemd/systemd,cf3,10.20,213,204,205,0,205
1791184864.96,other:/lib/systemd/systemd,cf5,10.20,209,172,173,0,173
1791184864.96,other:/lib/systemd/systemd,cf4,10.20,211,203,204,0,204
1791184865.96,other:/lib/systemd/systemd,cf1,0.00,206,192,193,0,193
1791184865.96,other:/lib/systemd/systemd,cf2,10.00,215,209,210,0,210
1791184865.96,other:/lib/systemd/systemd,cf3,10.00,215,206,207,0,207
1791184865.96,other:/lib/systemd/systemd,cf5,10.00,214,206,206,0,206
1791184865.96,other:/lib/systemd/systemd,cf4,10.00,217,201,202,0,202
1791184866.96,other:/lib/systemd/systemd,cf1,0.00,215,202,203,0,203
1791184866.96,other:/lib/systemd/systemd,cf2,10.00,216,212,213,0,213
1791184866.96,other:/lib/systemd/systemd,cf3,10.00,211,205,206,0,206
1791184866.96,other:/lib/systemd/systemd,cf5,10.00,213,195,196,0,196
1791184866.96,other:/lib/systemd/systemd,cf4,10.00,210,200,201,0,201
1791184867.96,other:/lib/systemd/systemd,cf1,0.00,213,205,205,0,205
1791184867.96,other:/lib/systemd/systemd,cf2,10.00,205,203,203,0,203
1791184867.96,other:/lib/systemd/systemd,cf3,9.80,218,213,213,0,213
1791184867.96,other:/lib/systemd/systemd,cf5,10.00,219,198,200,0,200
1791184867.96,other:/lib/systemd/systemd,cf4,10.00,219,213,214,0,214
1791184868.96,other:/lib/systemd/systemd,cf1,0.00,185,123,124,1,124
1791184868.96,other:/lib/systemd/systemd,cf2,10.00,183,178,180,0,180
1791184868.96,other:/lib/systemd/systemd,cf3,10.00,193,186,187,0,187
1791184868.96,other:/lib/systemd/systemd,cf5,10.40,188,180,180,0,180
1791184868.96,other:/lib/systemd/systemd,cf4,10.00,192,183,184,0,184
1791184869.96,other:/lib/systemd/systemd,cf1,0.00,204,176,178,18446744073709551615,178
1791184869.96,other:/lib/systemd/systemd,cf2,10.00,213,209,210,0,210
1791184869.96,other:/lib/systemd/systemd,cf3,10.00,195,187,189,0,189
1791184869.96,other:/lib/systemd/systemd,cf5,10.00,197,190,191,0,191
1791184869.96,other:/lib/systemd/systemd,cf4,10.00,196,191,192,0,192
1791184870.96,other:/lib/systemd/systemd,cf1,0.00,206,177,178,0,178
1791184870.96,other:/lib/systemd/systemd,cf2,10.00,206,204,205,0,205
1791184870.96,other:/lib/systemd/systemd,cf3,10.00,200,193,194,0,194
1791184870.96,other:/lib/systemd/systemd,cf5,10.00,202,195,197,0,197
1791184870.96,other:/lib/systemd/systemd,cf4,10.00,199,192,193,0,193
1791184871.96,other:/lib/systemd/systemd,cf1,0.00,183,136,136,1,136
1791184871.96,other:/lib/systemd/systemd,cf2,10.00,182,179,180,0,180
1791184871.96,other:/lib/systemd/systemd,cf3,9.80,211,207,208,0,208
1791184871.96,other:/lib/systemd/systemd,cf5,10.00,206,197,198,0,198
1791184871.96,other:/lib/systemd/systemd,cf4,10.00,211,200,201,0,201
1791184872.96,other:/lib/systemd/systemd,cf1,0.00,201,182,184,18446744073709551615,184
1791184872.96,other:/lib/systemd/systemd,cf2,10.00,202,196,197,0,197
1791184872.96,other:/lib/systemd/systemd,cf3,10.20,181,176,177,0,177
1791184872.96,other:/lib/systemd/systemd,cf5,10.00,183,164,165,0,165
1791184872.96,other:/lib/systemd/systemd,cf4,10.00,181,175,176,0,176
1791184873.96,other:/lib/systemd/systemd,cf1,0.00,215,209,209,0,209
1791184873.96,other:/lib/systemd/systemd,cf2,10.00,214,213,214,0,214
1791184873.96,other:/lib/systemd/systemd,cf3,10.00,210,202,203,0,203
1791184873.96,other:/lib/systemd/systemd,cf5,10.00,214,210,211,0,211
1791184873.96,other:/lib/systemd/systemd,cf4,10.00,210,193,194,0,194
1791184874.96,other:/lib/systemd/systemd,cf1,0.00,174,112,113,1,113
1791184874.96,other:/lib/systemd/systemd,cf2,10.00,164,160,161,0,161
1791184874.96,other:/lib/systemd/systemd,cf3,10.00,200,193,194,0,194
1791184874.96,other:/lib/systemd/systemd,cf5,10.00,195,191,192,0,192
1791184874.96,other:/lib/systemd/systemd,cf4,10.00,200,187,188,0,188
1791184875.96,other:/lib/systemd/systemd,cf1,0.00,158,59,61,18446744073709551615,61
1791184875.96,other:/lib/systemd/systemd,cf2,10.00,170,169,170,0,170
1791184875.96,other:/lib/systemd/systemd,cf3,9.80,148,143,144,0,144
1791184875.96,other:/lib/systemd/systemd,cf5,10.00,144,129,130,0,130
1791184875.96,other:/lib/systemd/systemd,cf4,10.00,147,138,138,0,138
1791184876.96,other:/lib/systemd/systemd,cf1,0.00,194,149,150,0,150
1791184876.96,other:/lib/systemd/systemd,cf2,10.00,192,187,188,0,188
1791184876.96,other:/lib/systemd/systemd,cf3,10.20,190,184,185,0,185
1791184876.96,other:/lib/systemd/systemd,cf5,10.00,191,186,186,0,186
1791184876.96,other:/lib/systemd/systemd,cf4,10.00,190,184,186,0,186
1791184877.96,other:/lib/systemd/systemd,cf1,0.00,177,111,112,0,112
1791184877.96,other:/lib/systemd/systemd,cf2,10.00,172,168,169,0,169
1791184877.96,other:/lib/systemd/systemd,cf3,10.00,187,184,184,0,184
1791184877.96,other:/lib/systemd/systemd,cf5,10.00,186,182,184,0,184
1791184877.96,other:/lib/systemd/systemd,cf4,10.00,187,177,178,0,178
1791184878.96,other:/lib/systemd/systemd,cf1,0.00,160,43,43,1,43
1791184878.96,other:/lib/systemd/systemd,cf2,10.00,163,159,160,0,160
1791184878.96,other:/lib/systemd/systemd,cf3,10.00,167,163,165,0,165
1791184878.96,other:/lib/systemd/systemd,cf5,10.00,166,164,165,0,165
1791184878.96,other:/lib/systemd/systemd,cf4,10.00,167,161,162,0,162
1791184879.96,other:/lib/systemd/systemd,cf1,0.00,201,154,156,18446744073709551615,156
1791184879.96,other:/lib/systemd/systemd,cf2,10.00,208,206,207,0,207
1791184879.96,other:/lib/systemd/systemd,cf3,9.80,167,162,163,0,163
1791184879.96,other:/lib/systemd/systemd,cf5,10.00,178,176,177,0,177
1791184879.96,other:/lib/systemd/systemd,cf4,10.00,168,163,164,0,164
1791184880.96,other:/lib/systemd/systemd,cf1,0.00,201,190,191,0,191
1791184880.96,other:/lib/systemd/systemd,cf2,10.00,188,180,181,0,181
1791184880.96,other:/lib/systemd/systemd,cf3,10.20,219,213,213,1,213
1791184880.96,other:/lib/systemd/systemd,cf5,10.00,211,204,205,0,205
1791184880.96,other:/lib/systemd/systemd,cf4,10.00,217,204,204,1,204
1791184881.96,other:/lib/systemd/systemd,cf1,0.00,171,151,151,0,151
1791184881.96,other:/lib/systemd/systemd,cf2,10.00,184,178,179,0,179
1791184881.96,other:/lib/systemd/systemd,cf3,10.00,167,155,157,18446744073709551615,157
1791184881.96,other:/lib/systemd/systemd,cf5,10.00,170,122,123,0,123
1791184881.96,other:/lib/systemd/systemd,cf4,10.00,168,158,160,18446744073709551615,160
1791184882.96,other:/lib/systemd/systemd,cf1,0.00,211,188,190,0,190
1791184882.96,other:/lib/systemd/systemd,cf2,10.00,210,207,208,0,208
1791184882.96,other:/lib/systemd/systemd,cf3,10.00,202,197,198,0,198
1791184882.96,other:/lib/systemd/systemd,cf5,10.00,206,196,197,0,197
1791184882.96,other:/lib/systemd/systemd,cf4,10.00,204,200,201,0,201
1791184883.96,other:/lib/systemd/systemd,cf1,0.00,204,192,193,0,193
1791184883.96,other:/lib/systemd/systemd,cf2,10.00,200,194,195,0,195
1791184883.96,other:/lib/systemd/systemd,cf3,10.00,214,208,209,0,209
1791184883.96,other:/lib/systemd/systemd,cf5,10.00,213,210,211,0,211
1791184883.96,other:/lib/systemd/systemd,cf4,10.00,214,202,203,0,203
1791184884.96,other:/lib/systemd/systemd,cf1,0.00,205,192,193,0,193
1791184884.96,other:/lib/systemd/systemd,cf2,10.00,202,196,197,0,197
1791184884.96,other:/lib/systemd/systemd,cf3,10.20,196,185,186,0,186
1791184884.96,other:/lib/systemd/systemd,cf5,9.40,193,172,173,0,173
1791184884.96,other:/lib/systemd/systemd,cf4,10.00,195,191,191,0,191
1791184885.96,other:/lib/systemd/systemd,cf1,0.00,163,157,157,0,157
1791184885.96,other:/lib/systemd/systemd,cf2,10.00,158,149,150,0,150
1791184885.96,other:/lib/systemd/systemd,cf3,10.00,188,181,182,0,182
1791184885.96,other:/lib/systemd/systemd,cf5,9.40,179,113,113,0,113
1791184885.96,other:/lib/systemd/systemd,cf4,10.00,187,181,183,0,183
1791184886.96,other:/lib/systemd/systemd,cf1,0.00,147,142,144,0,144
1791184886.96,other:/lib/systemd/systemd,cf2,10.00,145,142,143,0,143
1791184886.96,other:/lib/systemd/systemd,cf3,10.00,156,151,152,0,152
1791184886.96,other:/lib/systemd/systemd,cf5,7.80,157,42,43,1,43
1791184886.96,other:/lib/systemd/systemd,cf4,10.00,155,145,145,1,145
1791184887.96,other:/lib/systemd/systemd,cf1,0.00,162,157,157,1,157
1791184887.96,other:/lib/systemd/systemd,cf2,10.00,161,157,158,0,158
1791184887.96,other:/lib/systemd/systemd,cf3,10.00,148,146,147,0,147
1791184887.96,other:/lib/systemd/systemd,cf5,5.80,157,36,38,18446744073709551615,38
1791184887.96,other:/lib/systemd/systemd,cf4,10.00,150,140,142,18446744073709551615,142
1791184888.96,other:/lib/systemd/systemd,cf1,0.00,192,185,187,18446744073709551615,187
1791184888.96,other:/lib/systemd/systemd,cf2,10.00,196,192,193,0,193
1791184888.96,other:/lib/systemd/systemd,cf3,10.00,190,185,186,0,186
1791184888.96,other:/lib/systemd/systemd,cf5,3.80,174,96,96,0,96
1791184888.96,other:/lib/systemd/systemd,cf4,10.00,177,167,168,0,168
1791184889.96,other:/lib/systemd/systemd,cf1,0.00,188,173,174,0,174
1791184889.96,other:/lib/systemd/systemd,cf2,10.00,195,191,191,0,191
1791184889.96,other:/lib/systemd/systemd,cf3,10.00,184,172,173,0,173
1791184889.96,other:/lib/systemd/systemd,cf5,2.40,196,161,163,0,163
1791184889.96,other:/lib/systemd/systemd,cf4,10.00,191,181,182,0,182
1791184890.96,other:/lib/systemd/systemd,cf1,0.00,164,101,101,1,101
1791184890.96,other:/lib/systemd/systemd,cf2,10.00,158,145,147,0,147
1791184890.96,other:/lib/systemd/systemd,cf3,10.00,161,153,153,0,153
1791184890.96,other:/lib/systemd/systemd,cf5,0.40,174,161,162,0,162
1791184890.96,other:/lib/systemd/systemd,cf4,10.00,182,169,170,0,170
1791184891.96,other:/lib/systemd/systemd,cf1,0.00,176,109,110,0,110
1791184891.96,other:/lib/systemd/systemd,cf2,10.00,172,166,167,0,167
1791184891.96,other:/lib/systemd/systemd,cf3,10.00,181,175,177,0,177
1791184891.96,other:/lib/systemd/systemd,cf5,0.00,169,166,167,0,167
1791184891.96,other:/lib/systemd/systemd,cf4,10.00,162,158,158,0,158
1791184892.96,other:/lib/systemd/systemd,cf1,0.00,180,145,146,0,146
1791184892.96,other:/lib/systemd/systemd,cf2,9.80,180,178,179,0,179
1791184892.96,other:/lib/systemd/systemd,cf3,9.80,175,171,172,0,172
1791184892.96,other:/lib/systemd/systemd,cf5,0.00,177,152,153,0,153
1791184892.96,other:/lib/systemd/systemd,cf4,10.00,180,173,175,0,175
1791184893.96,other:/lib/systemd/systemd,cf1,0.00,163,64,65,0,65
1791184893.96,other:/lib/systemd/systemd,cf2,10.00,170,166,167,0,167
1791184893.96,other:/lib/systemd/systemd,cf3,10.00,180,174,175,0,175
1791184893.96,other:/lib/systemd/systemd,cf5,0.00,169,150,151,0,151
1791184893.96,other:/lib/systemd/systemd,cf4,10.00,175,172,173,0,173
1791184894.96,other:/lib/systemd/systemd,cf1,0.00,185,128,129,18446744073709551615,129
1791184894.96,other:/lib/systemd/systemd,cf2,10.00,184,181,182,0,182
1791184894.96,other:/lib/systemd/systemd,cf3,10.00,184,177,178,0,178
1791184894.96,other:/lib/systemd/systemd,cf5,0.00,184,181,182,0,182
1791184894.96,other:/lib/systemd/systemd,cf4,10.00,180,174,175,0,175
1791184895.96,other:/lib/systemd/systemd,cf1,0.00,197,161,163,0,163
1791184895.96,other:/lib/systemd/systemd,cf2,10.00,206,202,202,0,202
1791184895.96,other:/lib/systemd/systemd,cf3,10.00,210,206,207,0,207
1791184895.96,other:/lib/systemd/systemd,cf5,0.00,186,175,175,0,175
1791184895.96,other:/lib/systemd/systemd,cf4,10.00,185,178,179,0,179
1791184896.96,other:/lib/systemd/systemd,cf1,0.00,214,203,204,0,204
1791184896.96,other:/lib/systemd/systemd,cf2,10.00,212,206,207,0,207
1791184896.96,other:/lib/systemd/systemd,cf3,10.00,214,212,213,0,213
1791184896.96,other:/lib/systemd/systemd,cf5,0.00,215,207,209,0,209
1791184896.96,other:/lib/systemd/systemd,cf4,10.00,210,198,199,0,199
1791184897.96,other:/lib/systemd/systemd,cf1,0.00,217,203,204,0,204
1791184897.96,other:/lib/systemd/systemd,cf2,10.20,215,213,214,0,214
1791184897.96,other:/lib/systemd/systemd,cf3,10.20,209,205,206,0,206
1791184897.96,other:/lib/systemd/systemd,cf5,0.00,212,194,195,0,195
1791184897.96,other:/lib/systemd/systemd,cf4,10.00,214,207,207,0,207
1791184898.96,other:/lib/systemd/systemd,cf1,0.00,197,167,168,0,168
1791184898.96,other:/lib/systemd/systemd,cf2,10.00,196,191,192,0,192
1791184898.96,other:/lib/systemd/systemd,cf3,10.00,200,196,197,0,197
1791184898.96,other:/lib/systemd/systemd,cf5,0.00,204,197,198,0,198
1791184898.96,other:/lib/systemd/systemd,cf4,10.00,209,201,203,0,203
1791184899.96,other:/lib/systemd/systemd,cf1,0.00,207,189,190,0,190
1791184899.96,other:/lib/systemd/systemd,cf2,9.80,210,206,208,0,208
1791184899.96,other:/lib/systemd/systemd,cf3,10.00,205,202,203,0,203
1791184899.96,other:/lib/systemd/systemd,cf5,0.00,206,199,199,0,199
1791184899.96,other:/lib/systemd/systemd,cf4,10.00,201,194,194,0,194
1791184900.96,other:/lib/systemd/systemd,cf1,0.00,197,167,168,0,168
1791184900.96,other:/lib/systemd/systemd,cf2,10.00,193,190,191,0,191
1791184900.96,other:/lib/systemd/systemd,cf3,10.00,200,192,193,0,193
1791184900.96,other:/lib/systemd/systemd,cf5,0.00,201,188,190,0,190
1791184900.96,other:/lib/systemd/systemd,cf4,10.00,204,192,194,0,194
1791184901.96,other:/lib/systemd/systemd,cf1,0.00,205,184,184,0,184
1791184901.96,other:/lib/systemd/systemd,cf2,10.00,205,199,200,0,200
1791184901.96,other:/lib/systemd/systemd,cf3,10.00,207,200,201,0,201
1791184901.96,other:/lib/systemd/systemd,cf5,0.00,200,189,190,0,190
1791184901.96,other:/lib/systemd/systemd,cf4,10.00,199,195,195,0,195
1791184902.96,other:/lib/systemd/systemd,cf1,0.00,217,206,208,0,208
1791184902.96,other:/lib/systemd/systemd,cf2,9.80,223,220,221,0,221
1791184902.96,other:/lib/systemd/systemd,cf3,10.00,224,223,223,0,223
1791184902.96,other:/lib/systemd/systemd,cf5,0.00,214,202,203,0,203
1791184902.96,other:/lib/systemd/systemd,cf4,10.00,208,204,205,0,205
1791184903.96,other:/lib/systemd/systemd,cf1,0.00,221,213,214,0,214
1791184903.96,other:/lib/systemd/systemd,cf2,9.80,216,210,211,0,211
1791184903.96,other:/lib/systemd/systemd,cf3,10.00,213,207,209,0,209
1791184903.96,other:/lib/systemd/systemd,cf5,0.00,222,214,215,0,215
1791184903.96,other:/lib/systemd/systemd,cf4,10.00,225,217,219,0,219
1791184904.96,other:/lib/systemd/systemd,cf1,0.00,195,170,170,0,170
1791184904.96,other:/lib/systemd/systemd,cf2,10.00,196,194,195,0,195
1791184904.96,other:/lib/systemd/systemd,cf3,10.00,190,181,181,0,181
1791184904.96,other:/lib/systemd/systemd,cf5,0.00,210,194,195,0,195
1791184904.96,other:/lib/systemd/systemd,cf4,10.00,212,199,200,0,200
1791184905.96,other:/lib/systemd/systemd,cf1,0.00,197,170,172,0,172
1791184905.96,other:/lib/systemd/systemd,cf2,9.80,194,188,189,0,189
1791184905.96,other:/lib/systemd/systemd,cf3,10.00,192,187,189,0,189
1791184905.96,other:/lib/systemd/systemd,cf5,0.00,191,178,179,0,179
1791184905.96,other:/lib/systemd/systemd,cf4,10.00,191,182,182,0,182
1791184906.96,other:/lib/systemd/systemd,cf1,0.00,192,151,152,0,152
1791184906.96,other:/lib/systemd/systemd,cf2,9.80,190,185,186,0,186
1791184906.96,other:/lib/systemd/systemd,cf3,10.00,200,194,194,0,194
1791184906.96,other:/lib/systemd/systemd,cf5,0.00,187,177,177,0,177
1791184906.96,other:/lib/systemd/systemd,cf4,10.00,190,177,178,0,178
1791184907.96,other:/lib/systemd/systemd,cf1,0.00,216,213,213,0,213
1791184907.96,other:/lib/systemd/systemd,cf2,10.00,222,219,220,0,220
1791184907.96,other:/lib/systemd/systemd,cf3,10.00,221,215,217,0,217
1791184907.96,other:/lib/systemd/systemd,cf5,0.00,208,177,179,0,179
1791184907.96,other:/lib/systemd/systemd,cf4,10.00,201,195,197,0,197
1791184908.96,other:/lib/systemd/systemd,cf1,0.00,221,213,215,0,215
1791184908.96,other:/lib/systemd/systemd,cf2,10.00,216,212,212,0,212
1791184908.96,other:/lib/systemd/systemd,cf3,10.00,210,203,204,0,204
1791184908.96,other:/lib/systemd/systemd,cf5,0.00,218,208,208,0,208
1791184908.96,other:/lib/systemd/systemd,cf4,10.00,221,210,211,0,211
1791184909.96,other:/lib/systemd/systemd,cf1,0.00,205,187,187,0,187
1791184909.96,other:/lib/systemd/systemd,cf2,10.00,201,192,194,0,194
1791184909.96,other:/lib/systemd/systemd,cf3,10.00,197,193,193,0,193
1791184909.96,other:/lib/systemd/systemd,cf5,0.00,210,203,205,0,205
1791184909.96,other:/lib/systemd/systemd,cf4,10.00,211,200,201,0,201
1791184910.96,other:/lib/systemd/systemd,cf1,0.00,187,156,157,0,157
1791184910.96,other:/lib/systemd/systemd,cf2,10.00,195,187,188,0,188
1791184910.96,other:/lib/systemd/systemd,cf3,10.00,206,199,201,0,201
1791184910.96,other:/lib/systemd/systemd,cf5,0.00,194,184,184,0,184
1791184910.96,other:/lib/systemd/systemd,cf4,10.00,197,189,190,0,190
1791184911.96,other:/lib/systemd/systemd,cf1,0.00,217,202,204,0,204
1791184911.96,other:/lib/systemd/systemd,cf2,10.00,221,217,218,0,218
1791184911.96,other:/lib/systemd/systemd,cf3,10.00,216,214,214,0,214
1791184911.96,other:/lib/systemd/systemd,cf5,0.00,209,201,202,1,202
1791184911.96,other:/lib/systemd/systemd,cf4,10.00,205,194,195,0,195
1791184912.96,other:/lib/systemd/systemd,cf1,0.00,197,192,193,0,193
1791184912.96,other:/lib/systemd/systemd,cf2,10.00,190,183,184,0,184
1791184912.96,other:/lib/systemd/systemd,cf3,10.00,179,175,177,0,177
1791184912.96,other:/lib/systemd/systemd,cf5,0.00,214,201,202,0,202
1791184912.96,other:/lib/systemd/systemd,cf4,10.00,217,209,210,0,210
1791184913.96,other:/lib/systemd/systemd,cf1,0.00,200,161,162,0,162
1791184913.96,other:/lib/systemd/systemd,cf2,10.00,205,200,201,0,201
1791184913.96,other:/lib/systemd/systemd,cf3,10.00,221,215,216,0,216
1791184913.96,other:/lib/systemd/systemd,cf5,0.00,182,150,152,18446744073709551615,152
1791184913.96,other:/lib/systemd/systemd,cf4,10.00,178,170,171,0,171
1791184914.96,other:/lib/systemd/systemd,cf1,0.00,214,202,202,0,202
1791184914.96,other:/lib/systemd/systemd,cf2,10.00,212,207,208,0,208
1791184914.96,other:/lib/systemd/systemd,cf3,10.00,206,201,202,0,202
1791184914.96,other:/lib/systemd/systemd,cf5,0.00,220,212,212,0,212
1791184914.96,other:/lib/systemd/systemd,cf4,10.00,221,213,213,0,213
1791184915.96,other:/lib/systemd/systemd,cf1,0.00,202,183,185,0,185
1791184915.96,other:/lib/systemd/systemd,cf2,10.00,204,198,198,0,198
1791184915.96,other:/lib/systemd/systemd,cf3,10.00,208,200,201,0,201
1791184915.96,other:/lib/systemd/systemd,cf5,0.00,205,198,200,0,200
1791184915.96,other:/lib/systemd/systemd,cf4,10.00,205,191,192,1,192
1791184916.96,other:/lib/systemd/systemd,cf1,0.00,203,195,195,0,195
1791184916.96,other:/lib/systemd/systemd,cf2,10.00,204,198,200,0,200
1791184916.96,other:/lib/systemd/systemd,cf3,10.00,202,200,200,0,200
1791184916.96,other:/lib/systemd/systemd,cf5,0.00,206,202,203,0,203
1791184916.96,other:/lib/systemd/systemd,cf4,10.00,210,202,204,18446744073709551615,204
1791184917.96,other:/lib/systemd/systemd,cf1,0.00,211,201,203,0,203
1791184917.96,other:/lib/systemd/systemd,cf2,10.00,207,204,204,0,204
1791184917.96,other:/lib/systemd/systemd,cf3,10.00,209,203,205,0,205
1791184917.96,other:/lib/systemd/systemd,cf5,0.00,206,174,175,0,175
1791184917.96,other:/lib/systemd/systemd,cf4,10.00,201,188,189,0,189
1791184918.96,other:/lib/systemd/systemd,cf1,0.00,219,203,204,0,204
1791184918.96,other:/lib/systemd/systemd,cf2,10.00,224,219,221,0,221
1791184918.96,other:/lib/systemd/systemd,cf3,10.00,225,219,220,0,220
1791184918.96,other:/lib/systemd/systemd,cf5,0.00,209,188,188,0,188
1791184918.96,other:/lib/systemd/systemd,cf4,10.00,210,204,205,0,205
1791184919.96,other:/lib/systemd/systemd,cf1,0.00,218,203,204,0,204
1791184919.96,other:/lib/systemd/systemd,cf2,10.00,212,208,209,0,209
1791184919.96,other:/lib/systemd/systemd,cf3,10.00,207,203,204,0,204
1791184919.96,other:/lib/systemd/systemd,cf5,0.00,226,220,222,0,222
1791184919.96,other:/lib/systemd/systemd,cf4,10.00,224,216,217,0,217
1791184920.96,other:/lib/systemd/systemd,cf1,0.00,211,193,193,0,193
1791184920.96,other:/lib/systemd/systemd,cf2,10.00,219,213,213,0,213
1791184920.96,other:/lib/systemd/systemd,cf3,10.00,226,222,223,0,223
1791184920.96,other:/lib/systemd/systemd,cf5,0.00,206,202,203,0,203
1791184920.96,other:/lib/systemd/systemd,cf4,10.00,206,195,196,0,196
1791184921.96,other:/lib/systemd/systemd,cf1,0.00,209,180,182,0,182
1791184921.96,other:/lib/systemd/systemd,cf2,10.00,201,197,199,0,199
1791184921.96,other:/lib/systemd/systemd,cf3,10.00,193,191,192,0,192
1791184921.96,other:/lib/systemd/systemd,cf5,0.00,221,218,219,0,219
1791184921.96,other:/lib/systemd/systemd,cf4,10.00,226,216,217,0,217
1791184922.96,other:/lib/systemd/systemd,cf1,0.00,207,176,177,0,177
1791184922.96,other:/lib/systemd/systemd,cf2,10.00,215,207,208,0,208
1791184922.96,other:/lib/systemd/systemd,cf3,10.00,222,222,222,0,222
1791184922.96,other:/lib/systemd/systemd,cf5,0.00,194,192,192,0,192
1791184922.96,other:/lib/systemd/systemd,cf4,10.00,193,180,181,0,181
1791184923.96,other:/lib/systemd/systemd,cf1,0.00,230,221,222,0,222
1791184923.96,other:/lib/systemd/systemd,cf2,10.00,226,220,221,0,221
1791184923.96,other:/lib/systemd/systemd,cf3,10.00,227,223,225,0,225
1791184923.96,other:/lib/systemd/systemd,cf5,0.00,228,223,225,0,225
1791184923.96,other:/lib/systemd/systemd,cf4,10.00,224,215,216,0,216
1791184924.96,other:/lib/systemd/systemd,cf1,0.00,221,208,209,0,209
1791184924.96,other:/lib/systemd/systemd,cf2,10.00,223,218,219,0,219
1791184924.96,other:/lib/systemd/systemd,cf3,10.00,226,222,222,0,222
1791184924.96,other:/lib/systemd/systemd,cf5,0.00,224,223,224,0,224
1791184924.96,other:/lib/systemd/systemd,cf4,10.00,224,219,219,0,219
1791184925.96,other:/lib/systemd/systemd,cf1,0.00,215,197,198,0,198
1791184925.96,other:/lib/systemd/systemd,cf2,10.00,212,207,208,0,208
1791184925.96,other:/lib/systemd/systemd,cf3,10.00,198,191,193,0,193
1791184925.96,other:/lib/systemd/systemd,cf5,0.00,228,227,228,0,228
1791184925.96,other:/lib/systemd/systemd,cf4,10.00,229,222,223,0,223
1791184926.96,other:/lib/systemd/systemd,cf1,0.00,210,185,186,0,186
1791184926.96,other:/lib/systemd/systemd,cf2,10.00,213,206,207,0,207
1791184926.96,other:/lib/systemd/systemd,cf3,10.00,217,213,214,0,214
1791184926.96,other:/lib/systemd/systemd,cf5,0.00,196,194,194,0,194
1791184926.96,other:/lib/systemd/systemd,cf4,10.00,196,180,181,0,181
1791184927.96,other:/lib/systemd/systemd,cf1,0.00,206,174,174,0,174
1791184927.96,other:/lib/systemd/systemd,cf2,10.00,200,194,195,0,195
1791184927.96,other:/lib/systemd/systemd,cf3,10.00,185,182,182,0,182
1791184927.96,other:/lib/systemd/systemd,cf5,0.00,218,215,217,0,217
1791184927.96,other:/lib/systemd/systemd,cf4,10.00,218,209,211,0,211
1791184928.96,other:/lib/systemd/systemd,cf1,0.00,186,147,149,0,149
1791184928.96,other:/lib/systemd/systemd,cf2,10.00,193,191,192,0,192
1791184928.96,other:/lib/systemd/systemd,cf3,10.00,213,208,210,0,210
1791184928.96,other:/lib/systemd/systemd,cf5,0.00,178,176,177,0,177
1791184928.96,other:/lib/systemd/systemd,cf4,10.00,184,172,173,0,173
1791184929.96,other:/lib/systemd/systemd,cf1,0.00,194,133,133,0,133
1791184929.96,other:/lib/systemd/systemd,cf2,10.00,188,180,181,0,181
1791184929.96,other:/lib/systemd/systemd,cf3,10.00,191,189,190,0,190
1791184929.96,other:/lib/systemd/systemd,cf5,0.00,215,214,215,0,215
1791184929.96,other:/lib/systemd/systemd,cf4,10.00,213,201,202,0,202
1791184930.96,other:/lib/systemd/systemd,cf1,0.00,219,201,203,0,203
1791184930.96,other:/lib/systemd/systemd,cf2,10.00,218,211,212,0,212
1791184930.96,other:/lib/systemd/systemd,cf3,10.00,206,203,204,0,204
1791184930.96,other:/lib/systemd/systemd,cf5,0.00,197,196,197,0,197
1791184930.96,other:/lib/systemd/systemd,cf4,10.00,192,186,187,0,187
1791184931.96,other:/lib/systemd/systemd,cf1,0.00,201,168,168,1,168
1791184931.96,other:/lib/systemd/systemd,cf2,10.00,205,201,202,0,202
1791184931.96,other:/lib/systemd/systemd,cf3,10.00,196,192,193,0,193
1791184931.96,other:/lib/systemd/systemd,cf5,0.00,202,199,200,0,200
1791184931.96,other:/lib/systemd/systemd,cf4,10.00,206,197,197,0,197
1791184932.96,other:/lib/systemd/systemd,cf1,0.00,188,129,130,0,130
1791184932.96,other:/lib/systemd/systemd,cf2,10.00,183,176,177,0,177
1791184932.96,other:/lib/systemd/systemd,cf3,10.00,195,193,193,0,193
1791184932.96,other:/lib/systemd/systemd,cf5,0.00,191,190,191,0,191
1791184932.96,other:/lib/systemd/systemd,cf4,10.00,194,185,186,1,186
1791184933.96,other:/lib/systemd/systemd,cf1,0.00,199,157,159,18446744073709551615,159
1791184933.96,other:/lib/systemd/systemd,cf2,10.00,200,194,195,0,195
1791184933.96,other:/lib/systemd/systemd,cf3,10.00,204,201,203,0,203
1791184933.96,other:/lib/systemd/systemd,cf5,0.00,205,203,204,0,204
1791184933.96,other:/lib/systemd/systemd,cf4,10.00,198,189,191,18446744073709551615,191
1791184934.96,other:/lib/systemd/systemd,cf1,0.00,189,138,138,0,138
1791184934.96,other:/lib/systemd/systemd,cf2,10.00,180,178,178,0,178
1791184934.96,other:/lib/systemd/systemd,cf3,10.00,171,170,171,0,171
1791184934.96,other:/lib/systemd/systemd,cf5,0.00,199,197,198,0,198
1791184934.96,other:/lib/systemd/systemd,cf4,10.00,204,196,196,0,196
1791184935.96,other:/lib/systemd/systemd,cf1,0.00,199,143,145,0,145
1791184935.96,other:/lib/systemd/systemd,cf2,10.00,209,204,206,0,206
1791184935.96,other:/lib/systemd/systemd,cf3,10.00,223,221,221,0,221
1791184935.96,other:/lib/systemd/systemd,cf5,0.00,175,173,173,0,173
1791184935.96,other:/lib/systemd/systemd,cf4,10.00,171,153,155,0,155
1791184936.96,other:/lib/systemd/systemd,cf1,0.00,215,193,194,0,194
1791184936.96,other:/lib/systemd/systemd,cf2,10.00,212,209,209,0,209
1791184936.96,other:/lib/systemd/systemd,cf3,10.00,197,193,195,0,195
1791184936.96,other:/lib/systemd/systemd,cf5,0.00,223,220,222,0,222
1791184936.96,other:/lib/systemd/systemd,cf4,10.00,223,210,211,0,211
1791184937.96,other:/lib/systemd/systemd,cf1,0.00,175,84,84,0,84
1791184937.96,other:/lib/systemd/systemd,cf2,10.00,169,164,166,0,166
1791184937.96,other:/lib/systemd/systemd,cf3,10.00,177,177,177,0,177
1791184937.96,other:/lib/systemd/systemd,cf5,0.00,190,188,189,0,189
1791184937.96,other:/lib/systemd/systemd,cf4,10.00,195,190,190,1,190
1791184938.96,other:/lib/systemd/systemd,cf1,0.00,188,103,104,0,104
1791184938.96,other:/lib/systemd/systemd,cf2,10.00,194,190,191,0,191
1791184938.96,other:/lib/systemd/systemd,cf3,10.00,196,194,196,0,196
1791184938.96,other:/lib/systemd/systemd,cf5,0.00,184,181,182,0,182
1791184938.96,other:/lib/systemd/systemd,cf4,10.00,178,170,172,18446744073709551615,172
1791184939.96,other:/lib/systemd/systemd,cf1,0.00,194,122,123,1,123
1791184939.96,other:/lib/systemd/systemd,cf2,10.00,190,184,185,0,185
1791184939.96,other:/lib/systemd/systemd,cf3,10.00,173,172,172,1,172
1791184939.96,other:/lib/systemd/systemd,cf5,0.00,190,186,187,0,187
1791184939.96,other:/lib/systemd/systemd,cf4,10.00,196,190,191,0,191
1791184940.96,other:/lib/systemd/systemd,cf1,0.00,184,106,108,18446744073709551615,108
1791184940.96,other:/lib/systemd/systemd,cf2,10.00,184,181,182,0,182
1791184940.96,other:/lib/systemd/systemd,cf3,10.00,195,189,190,0,190
1791184940.96,other:/lib/systemd/systemd,cf5,0.00,172,170,171,0,171
1791184940.96,other:/lib/systemd/systemd,cf4,10.00,172,166,167,0,167
1791184941.96,other:/lib/systemd/systemd,cf1,0.00,186,128,128,1,128
1791184941.96,other:/lib/systemd/systemd,cf2,10.00,186,179,179,0,179
1791184941.96,other:/lib/systemd/systemd,cf3,10.00,176,171,173,18446744073709551615,173
1791184941.96,other:/lib/systemd/systemd,cf5,0.00,202,200,201,0,201
1791184941.96,other:/lib/systemd/systemd,cf4,10.00,196,184,185,0,185
1791184942.96,other:/lib/systemd/systemd,cf1,0.00,184,111,113,18446744073709551615,113
1791184942.96,other:/lib/systemd/systemd,cf2,10.00,194,188,189,0,189
1791184942.96,other:/lib/systemd/systemd,cf3,10.00,210,207,208,0,208
1791184942.96,other:/lib/systemd/systemd,cf5,0.00,172,170,171,0,171
1791184942.96,other:/lib/systemd/systemd,cf4,10.00,176,167,168,0,168
1791184943.96,other:/lib/systemd/systemd,cf1,0.00,211,180,181,0,181
1791184943.96,other:/lib/systemd/systemd,cf2,10.00,210,204,206,0,206
1791184943.96,other:/lib/systemd/systemd,cf3,10.00,212,209,210,0,210
1791184943.96,other:/lib/systemd/systemd,cf5,0.00,211,210,211,0,211
1791184943.96,other:/lib/systemd/systemd,cf4,10.00,210,202,203,0,203
1791184944.96,other:/lib/systemd/systemd,cf1,0.00,217,208,208,1,208
1791184944.96,other:/lib/systemd/systemd,cf2,10.00,209,202,203,0,203
1791184944.96,other:/lib/systemd/systemd,cf3,10.00,184,182,183,0,183
1791184944.96,other:/lib/systemd/systemd,cf5,0.00,214,214,214,0,214
1791184944.96,other:/lib/systemd/systemd,cf4,10.00,213,200,201,0,201
1791184945.96,other:/lib/systemd/systemd,cf1,0.00,155,33,34,18446744073709551615,34
1791184945.96,other:/lib/systemd/systemd,cf2,10.00,153,147,148,0,148
1791184945.96,other:/lib/systemd/systemd,cf3,10.00,158,156,157,0,157
1791184945.96,other:/lib/systemd/systemd,cf5,0.00,176,174,176,0,176
1791184945.96,other:/lib/systemd/systemd,cf4,10.00,181,176,176,0,176
1791184946.96,other:/lib/systemd/systemd,cf1,0.00,161,45,46,0,46
1791184946.96,other:/lib/systemd/systemd,cf2,10.00,167,164,164,1,164
1791184946.96,other:/lib/systemd/systemd,cf3,10.00,187,186,187,0,187
1791184946.96,other:/lib/systemd/systemd,cf5,0.00,158,156,157,0,157
1791184946.96,other:/lib/systemd/systemd,cf4,10.00,159,149,151,0,151
1791184947.96,other:/lib/systemd/systemd,cf1,0.00,192,139,140,1,140
1791184947.96,other:/lib/systemd/systemd,cf2,10.00,187,181,182,18446744073709551615,182
1791184947.96,other:/lib/systemd/systemd,cf3,10.00,183,182,183,0,183
1791184947.96,other:/lib/systemd/systemd,cf5,0.00,194,193,194,0,194
1791184947.96,other:/lib/systemd/systemd,cf4,10.00,189,178,179,0,179
1791184948.96,other:/lib/systemd/systemd,cf1,0.00,204,171,172,18446744073709551615,172
1791184948.96,other:/lib/systemd/systemd,cf2,10.00,213,206,208,0,208
1791184948.96,other:/lib/systemd/systemd,cf3,10.00,201,200,201,0,201
1791184948.96,other:/lib/systemd/systemd,cf5,0.00,185,183,184,0,184
1791184948.96,other:/lib/systemd/systemd,cf4,10.00,182,171,172,0,172
1791184949.96,other:/lib/systemd/systemd,cf1,0.00,181,92,94,0,94
1791184949.96,other:/lib/systemd/systemd,cf2,10.00,173,166,167,0,167
1791184949.96,other:/lib/systemd/systemd,cf3,10.00,181,179,180,0,180
1791184949.96,other:/lib/systemd/systemd,cf5,0.00,192,191,192,0,192
1791184949.96,other:/lib/systemd/systemd,cf4,10.00,200,193,193,0,193
1791184950.96,other:/lib/systemd/systemd,cf1,0.00,206,164,165,0,165
1791184950.96,other:/lib/systemd/systemd,cf2,10.00,216,212,213,0,213
1791184950.96,other:/lib/systemd/systemd,cf3,10.00,227,224,225,0,225
1791184950.96,other:/lib/systemd/systemd,cf5,0.00,190,189,189,0,189
1791184950.96,other:/lib/systemd/systemd,cf4,10.00,183,177,179,0,179
1791184951.96,other:/lib/systemd/systemd,cf1,0.00,227,211,212,0,212
1791184951.96,other:/lib/systemd/systemd,cf2,10.00,219,215,216,0,216
1791184951.96,other:/lib/systemd/systemd,cf3,10.00,219,216,217,0,217
1791184951.96,other:/lib/systemd/systemd,cf5,0.00,229,227,229,0,229
1791184951.96,other:/lib/systemd/systemd,cf4,10.00,226,218,219,0,219
1791184952.96,other:/lib/systemd/systemd,cf1,0.00,201,156,156,1,156
1791184952.96,other:/lib/systemd/systemd,cf2,10.00,194,189,190,0,190
1791184952.96,other:/lib/systemd/systemd,cf3,10.00,179,178,179,0,179
1791184952.96,other:/lib/systemd/systemd,cf5,0.00,218,215,216,0,216
1791184952.96,other:/lib/systemd/systemd,cf4,10.00,220,214,215,0,215
1791184953.96,other:/lib/systemd/systemd,cf1,0.00,165,67,68,18446744073709551615,68
1791184953.96,other:/lib/systemd/systemd,cf2,10.00,166,162,163,0,163
1791184953.96,other:/lib/systemd/systemd,cf3,10.00,175,173,174,0,174
1791184953.96,other:/lib/systemd/systemd,cf5,0.00,176,174,175,0,175
1791184953.96,other:/lib/systemd/systemd,cf4,10.00,178,170,171,0,171
1791184954.96,other:/lib/systemd/systemd,cf1,0.00,182,108,109,0,109
1791184954.96,other:/lib/systemd/systemd,cf2,10.00,184,183,184,0,184
1791184954.96,other:/lib/systemd/systemd,cf3,10.00,164,163,164,0,164
1791184954.96,other:/lib/systemd/systemd,cf5,0.00,171,167,168,0,168
1791184954.96,other:/lib/systemd/systemd,cf4,10.00,174,160,161,0,161
1791184955.96,other:/lib/systemd/systemd,cf1,0.00,155,19,20,1,20
1791184955.96,other:/lib/systemd/systemd,cf2,10.00,154,151,151,0,151
1791184955.96,other:/lib/systemd/systemd,cf3,10.00,156,154,155,0,155
1791184955.96,other:/lib/systemd/systemd,cf5,0.00,162,161,162,0,162
1791184955.96,other:/lib/systemd/systemd,cf4,10.00,164,150,151,0,151
1791184956.96,other:/lib/systemd/systemd,cf1,0.00,167,77,78,18446744073709551615,78
1791184956.96,other:/lib/systemd/systemd,cf2,10.00,166,157,158,0,158
1791184956.96,other:/lib/systemd/systemd,cf3,10.00,165,163,164,0,164
1791184956.96,other:/lib/systemd/systemd,cf5,0.00,156,152,153,0,153
1791184956.96,other:/lib/systemd/systemd,cf4,10.00,156,148,149,0,149
1791184957.96,other:/lib/systemd/systemd,cf1,0.00,157,35,36,1,36
1791184957.96,other:/lib/systemd/systemd,cf2,10.00,155,151,152,0,152
1791184957.96,other:/lib/systemd/systemd,cf3,10.00,159,155,156,0,156
1791184957.96,other:/lib/systemd/systemd,cf5,0.00,164,164,164,0,164
1791184957.96,other:/lib/systemd/systemd,cf4,10.00,165,160,161,0,161
1791184958.96,other:/lib/systemd/systemd,cf1,0.00,154,32,33,0,33
1791184958.96,other:/lib/systemd/systemd,cf2,10.00,157,155,157,0,157
1791184958.96,other:/lib/systemd/systemd,cf3,10.00,154,153,153,0,153
1791184958.96,other:/lib/systemd/systemd,cf5,0.00,158,154,156,0,156
1791184958.96,other:/lib/systemd/systemd,cf4,10.00,159,149,150,0,150
1791184959.96,other:/lib/systemd/systemd,cf1,0.00,164,57,58,18446744073709551615,58
1791184959.96,other:/lib/systemd/systemd,cf2,10.00,165,160,160,0,160
1791184959.96,other:/lib/systemd/systemd,cf3,10.00,170,167,169,0,169
1791184959.96,other:/lib/systemd/systemd,cf5,0.00,158,156,157,0,157
1791184959.96,other:/lib/systemd/systemd,cf4,10.00,156,148,149,0,149
1791184960.96,other:/lib/systemd/systemd,cf1,0.00,182,104,105,0,105
1791184960.96,other:/lib/systemd/systemd,cf2,10.00,188,183,185,0,185
1791184960.96,other:/lib/systemd/systemd,cf3,10.00,199,197,198,0,198
1791184960.96,other:/lib/systemd/systemd,cf5,0.00,173,170,171,0,171
1791184960.96,other:/lib/systemd/systemd,cf4,10.00,168,163,163,0,163
1791184961.96,other:/lib/systemd/systemd,cf1,0.00,214,182,184,0,184
1791184961.96,other:/lib/systemd/systemd,cf2,10.00,219,211,211,0,211
1791184961.96,other:/lib/systemd/systemd,cf3,10.00,213,210,210,0,210
1791184961.96,other:/lib/systemd/systemd,cf5,0.00,201,200,201,0,201
1791184961.96,other:/lib/systemd/systemd,cf4,10.00,200,193,195,0,195
1791184962.96,other:/lib/systemd/systemd,cf1,0.00,201,177,177,0,177
1791184962.96,other:/lib/systemd/systemd,cf2,10.00,202,185,187,0,187
1791184962.96,other:/lib/systemd/systemd,cf3,10.00,200,198,199,0,199
1791184962.96,other:/lib/systemd/systemd,cf5,0.00,212,210,211,0,211
1791184962.96,other:/lib/systemd/systemd,cf4,10.00,213,201,202,0,202
1791184963.96,other:/lib/systemd/systemd,cf1,0.00,209,174,176,0,176
1791184963.96,other:/lib/systemd/systemd,cf2,10.00,210,207,208,0,208
1791184963.96,other:/lib/systemd/systemd,cf3,10.00,228,225,227,0,227
1791184963.96,other:/lib/systemd/systemd,cf5,0.00,202,200,200,0,200
1791184963.96,other:/lib/systemd/systemd,cf4,10.00,200,192,192,0,192
1791184964.96,other:/lib/systemd/systemd,cf1,0.00,223,213,214,0,214
1791184964.96,other:/lib/systemd/systemd,cf2,10.00,217,213,213,0,213
1791184964.96,other:/lib/systemd/systemd,cf3,10.00,206,203,204,0,204
1791184964.96,other:/lib/systemd/systemd,cf5,0.00,226,224,226,0,226
1791184964.96,other:/lib/systemd/systemd,cf4,10.00,229,219,221,0,221
1791184965.96,other:/lib/systemd/systemd,cf1,0.00,213,198,199,0,199
1791184965.96,other:/lib/systemd/systemd,cf2,10.00,220,209,211,0,211
1791184965.96,other:/lib/systemd/systemd,cf3,10.00,219,217,218,0,218
1791184965.96,other:/lib/systemd/systemd,cf5,0.00,210,209,210,0,210
1791184965.96,other:/lib/systemd/systemd,cf4,10.00,206,194,195,0,195
1791184966.96,other:/lib/systemd/systemd,cf1,0.00,211,190,191,0,191
1791184966.96,other:/lib/systemd/systemd,cf2,10.00,210,205,206,0,206
1791184966.96,other:/lib/systemd/systemd,cf3,10.00,217,212,213,0,213
1791184966.96,other:/lib/systemd/systemd,cf5,0.00,216,214,215,0,215
1791184966.96,other:/lib/systemd/systemd,cf4,10.00,218,207,208,0,208
1791184967.96,other:/lib/systemd/systemd,cf1,0.00,223,210,211,0,211
1791184967.96,other:/lib/systemd/systemd,cf2,10.00,216,214,215,0,215
1791184967.96,other:/lib/systemd/systemd,cf3,10.00,218,216,217,0,217
1791184967.96,other:/lib/systemd/systemd,cf5,0.00,217,214,215,0,215
1791184967.96,other:/lib/systemd/systemd,cf4,10.00,216,208,208,0,208
1791184968.96,other:/lib/systemd/systemd,cf1,0.00,221,209,210,0,210
1791184968.96,other:/lib/systemd/systemd,cf2,10.00,229,223,224,0,224
1791184968.96,other:/lib/systemd/systemd,cf3,10.00,231,227,228,0,228
1791184968.96,other:/lib/systemd/systemd,cf5,0.00,222,219,220,0,220
1791184968.96,other:/lib/systemd/systemd,cf4,10.00,220,198,200,0,200
1791184969.96,other:/lib/systemd/systemd,cf1,0.00,240,233,233,0,233
1791184969.96,other:/lib/systemd/systemd,cf2,10.00,242,238,239,0,239
1791184969.96,other:/lib/systemd/systemd,cf3,10.00,243,240,241,0,241
1791184969.96,other:/lib/systemd/systemd,cf5,0.00,232,226,227,0,227
1791184969.96,other:/lib/systemd/systemd,cf4,10.00,231,224,225,0,225
1791184970.96,other:/lib/systemd/systemd,cf1,0.00,239,231,233,0,233
1791184970.96,other:/lib/systemd/systemd,cf2,10.00,237,231,232,0,232
1791184970.96,other:/lib/systemd/systemd,cf3,10.00,239,234,235,0,235
1791184970.96,other:/lib/systemd/systemd,cf5,0.00,239,233,234,0,234
1791184970.96,other:/lib/systemd/systemd,cf4,10.00,242,237,238,0,238
1791184971.96,other:/lib/systemd/systemd,cf1,0.00,238,234,235,0,235
1791184971.96,other:/lib/systemd/systemd,cf2,10.00,239,234,234,0,234
1791184971.96,other:/lib/systemd/systemd,cf3,10.00,241,236,236,0,236
1791184971.96,other:/lib/systemd/systemd,cf5,0.00,237,235,236,0,236
1791184971.96,other:/lib/systemd/systemd,cf4,10.00,238,229,229,0,229
1791184972.96,other:/lib/systemd/systemd,cf1,0.00,243,236,237,0,237
1791184972.96,other:/lib/systemd/systemd,cf2,10.00,245,242,244,0,244
1791184972.96,other:/lib/systemd/systemd,cf3,10.00,240,235,237,0,237
1791184972.96,other:/lib/systemd/systemd,cf5,0.00,246,245,246,0,246
1791184972.96,other:/lib/systemd/systemd,cf4,10.00,243,232,233,0,233
1791184973.96,other:/lib/systemd/systemd,cf1,0.00,243,232,233,0,233
1791184973.96,other:/lib/systemd/systemd,cf2,10.00,240,238,239,0,239
1791184973.96,other:/lib/systemd/systemd,cf3,10.00,241,232,233,0,233
1791184973.96,other:/lib/systemd/systemd,cf5,0.00,240,238,239,0,239
1791184973.96,other:/lib/systemd/systemd,cf4,10.00,240,230,232,0,232
1791184974.96,other:/lib/systemd/systemd,cf1,0.00,231,222,223,0,223
1791184974.96,other:/lib/systemd/systemd,cf2,10.00,231,227,228,0,228
1791184974.96,other:/lib/systemd/systemd,cf3,10.00,231,225,225,0,225
1791184974.96,other:/lib/systemd/systemd,cf5,0.00,239,237,238,0,238
1791184974.96,other:/lib/systemd/systemd,cf4,10.00,241,232,233,0,233
1791184975.96,other:/lib/systemd/systemd,cf1,0.00,237,231,232,0,232
1791184975.96,other:/lib/systemd/systemd,cf2,10.00,241,240,241,0,241
1791184975.96,other:/lib/systemd/systemd,cf3,10.00,237,230,231,0,231
1791184975.96,other:/lib/systemd/systemd,cf5,0.00,229,227,227,0,227
1791184975.96,other:/lib/systemd/systemd,cf4,10.00,230,219,220,0,220
1791184976.96,other:/lib/systemd/systemd,cf1,0.00,237,229,230,0,230
1791184976.96,other:/lib/systemd/systemd,cf2,10.00,234,226,227,0,227
1791184976.96,other:/lib/systemd/systemd,cf3,10.00,236,230,231,0,231
1791184976.96,other:/lib/systemd/systemd,cf5,0.00,241,238,239,0,239
1791184976.96,other:/lib/systemd/systemd,cf4,10.00,238,228,228,0,228
1791184977.96,other:/lib/systemd/systemd,cf1,0.00,238,230,230,0,230
1791184977.96,other:/lib/systemd/systemd,cf2,10.00,240,237,238,0,238
1791184977.96,other:/lib/systemd/systemd,cf3,10.00,236,232,234,0,234
1791184977.96,other:/lib/systemd/systemd,cf5,0.00,236,234,236,0,236
1791184977.96,other:/lib/systemd/systemd,cf4,10.00,236,221,222,0,222
1791184978.96,other:/lib/systemd/systemd,cf1,0.00,233,223,224,0,224
1791184978.96,other:/lib/systemd/systemd,cf2,10.00,230,221,221,0,221
1791184978.96,other:/lib/systemd/systemd,cf3,10.00,235,231,232,0,232
1791184978.96,other:/lib/systemd/systemd,cf5,0.00,233,228,229,0,229
1791184978.96,other:/lib/systemd/systemd,cf4,10.00,237,227,229,0,229
1791184979.96,other:/lib/systemd/systemd,cf1,0.00,228,216,218,0,218
1791184979.96,other:/lib/systemd/systemd,cf2,10.00,220,215,217,0,217
1791184979.96,other:/lib/systemd/systemd,cf3,10.00,216,206,207,0,207
1791184979.96,other:/lib/systemd/systemd,cf5,0.00,231,226,227,0,227
1791184979.96,other:/lib/systemd/systemd,cf4,10.00,232,225,225,0,225
1791184980.96,other:/lib/systemd/systemd,cf1,0.00,223,207,208,0,208
1791184980.96,other:/lib/systemd/systemd,cf2,10.00,221,215,215,0,215
1791184980.96,other:/lib/systemd/systemd,cf3,10.00,217,203,204,0,204
1791184980.96,other:/lib/systemd/systemd,cf5,0.00,222,218,219,0,219
1791184980.96,other:/lib/systemd/systemd,cf4,10.00,217,207,208,0,208
1791184981.96,other:/lib/systemd/systemd,cf1,0.00,192,170,170,1,170
1791184981.96,other:/lib/systemd/systemd,cf2,10.00,206,196,198,0,198
1791184981.96,other:/lib/systemd/systemd,cf3,10.00,215,209,210,0,210
1791184981.96,other:/lib/systemd/systemd,cf5,0.00,214,212,213,0,213
1791184981.96,other:/lib/systemd/systemd,cf4,10.00,218,202,204,0,204
1791184982.96,other:/lib/systemd/systemd,cf1,0.00,242,238,240,18446744073709551615,240
1791184982.96,other:/lib/systemd/systemd,cf2,10.00,235,231,232,0,232
1791184982.96,other:/lib/systemd/systemd,cf3,10.00,233,230,231,0,231
1791184982.96,other:/lib/systemd/systemd,cf5,0.00,219,214,214,0,214
1791184982.96,other:/lib/systemd/systemd,cf4,10.00,214,200,200,0,200
1791184983.96,other:/lib/systemd/systemd,cf1,0.00,232,225,226,0,226
1791184983.96,other:/lib/systemd/systemd,cf2,10.00,236,233,234,0,234
1791184983.96,other:/lib/systemd/systemd,cf3,10.00,221,219,220,0,220
1791184983.96,other:/lib/systemd/systemd,cf5,0.00,232,220,222,0,222
1791184983.96,other:/lib/systemd/systemd,cf4,10.00,233,223,225,0,225
1791184984.96,other:/lib/systemd/systemd,cf1,0.00,184,173,174,0,174
1791184984.96,other:/lib/systemd/systemd,cf2,10.00,184,175,176,0,176
1791184984.96,other:/lib/systemd/systemd,cf3,10.00,199,177,178,0,178
1791184984.96,other:/lib/systemd/systemd,cf5,0.00,214,173,173,1,173
1791184984.96,other:/lib/systemd/systemd,cf4,10.00,220,214,215,0,215
1791184985.96,other:/lib/systemd/systemd,cf1,0.00,216,212,213,0,213
1791184985.96,other:/lib/systemd/systemd,cf2,10.00,212,211,211,0,211
1791184985.96,other:/lib/systemd/systemd,cf3,10.00,216,208,208,0,208
1791184985.96,other:/lib/systemd/systemd,cf5,0.00,204,193,195,18446744073709551615,195
1791184985.96,other:/lib/systemd/systemd,cf4,10.00,201,179,180,0,180
1791184986.96,other:/lib/systemd/systemd,cf1,0.00,225,215,216,0,216
1791184986.96,other:/lib/systemd/systemd,cf2,10.00,229,223,225,0,225
1791184986.96,other:/lib/systemd/systemd,cf3,10.00,225,218,220,0,220
1791184986.96,other:/lib/systemd/systemd,cf5,0.00,219,197,197,0,197
1791184986.96,other:/lib/systemd/systemd,cf4,10.00,217,205,206,0,206
1791184987.96,other:/lib/systemd/systemd,cf1,0.00,230,224,225,0,225
1791184987.96,other:/lib/systemd/systemd,cf2,10.00,229,223,224,0,224
1791184987.96,other:/lib/systemd/systemd,cf3,10.00,232,227,228,0,228
1791184987.96,other:/lib/systemd/systemd,cf5,0.00,222,217,218,0,218
1791184987.96,other:/lib/systemd/systemd,cf4,10.00,223,214,215,0,215
1791184988.96,other:/lib/systemd/systemd,cf1,0.00,236,233,233,0,233
1791184988.96,other:/lib/systemd/systemd,cf2,10.00,237,233,234,0,234
1791184988.96,other:/lib/systemd/systemd,cf3,10.00,236,232,233,0,233
1791184988.96,other:/lib/systemd/systemd,cf5,0.00,233,229,230,0,230
1791184988.96,other:/lib/systemd/systemd,cf4,10.00,232,216,217,0,217
1791184989.96,other:/lib/systemd/systemd,cf1,0.00,229,216,218,0,218
1791184989.96,other:/lib/systemd/systemd,cf2,10.00,225,221,222,0,222
1791184989.96,other:/lib/systemd/systemd,cf3,10.00,220,214,215,0,215
1791184989.96,other:/lib/systemd/systemd,cf5,0.00,237,234,236,0,236
1791184989.96,other:/lib/systemd/systemd,cf4,10.00,236,226,226,0,226
1791184990.96,other:/lib/systemd/systemd,cf1,0.00,219,203,204,0,204
1791184990.96,other:/lib/systemd/systemd,cf2,10.00,224,216,217,0,217
1791184990.96,other:/lib/systemd/systemd,cf3,10.00,230,224,225,0,225
1791184990.96,other:/lib/systemd/systemd,cf5,0.00,219,215,216,0,216
1791184990.96,other:/lib/systemd/systemd,cf4,10.00,220,209,211,0,211
1791184991.96,other:/lib/systemd/systemd,cf1,0.00,238,229,230,0,230
1791184991.96,other:/lib/systemd/systemd,cf2,9.80,234,230,231,0,231
1791184991.96,other:/lib/systemd/systemd,cf3,10.00,229,223,224,0,224
1791184991.96,other:/lib/systemd/systemd,cf5,0.00,230,227,228,0,228
1791184991.96,other:/lib/systemd/systemd,cf4,10.00,231,223,224,0,224
1791184992.96,other:/lib/systemd/systemd,cf1,0.00,219,210,210,0,210
1791184992.96,other:/lib/systemd/systemd,cf2,10.00,221,213,214,0,214
1791184992.96,other:/lib/systemd/systemd,cf3,10.00,226,219,220,0,220
1791184992.96,other:/lib/systemd/systemd,cf5,0.00,227,222,222,1,222
1791184992.96,other:/lib/systemd/systemd,cf4,10.00,227,218,219,0,219
1791184993.96,other:/lib/systemd/systemd,cf1,0.00,240,235,237,0,237
1791184993.96,other:/lib/systemd/systemd,cf2,9.80,235,232,233,0,233
1791184993.96,other:/lib/systemd/systemd,cf3,10.00,231,226,227,0,227
1791184993.96,other:/lib/systemd/systemd,cf5,0.00,230,225,227,18446744073709551615,227
1791184993.96,other:/lib/systemd/systemd,cf4,10.00,228,218,219,0,219
1791184994.96,other:/lib/systemd/systemd,cf1,0.00,228,222,223,0,223
1791184994.96,other:/lib/systemd/systemd,cf2,9.80,233,230,231,0,231
1791184994.96,other:/lib/systemd/systemd,cf3,10.00,232,228,228,0,228
1791184994.96,other:/lib/systemd/systemd,cf5,0.00,230,221,222,0,222
1791184994.96,other:/lib/systemd/systemd,cf4,10.00,231,226,226,0,226
1791184995.96,other:/lib/systemd/systemd,cf1,0.00,233,227,228,0,228
1791184995.96,other:/lib/systemd/systemd,cf2,9.80,235,233,233,0,233
1791184995.96,other:/lib/systemd/systemd,cf3,10.00,244,240,242,0,242
1791184995.96,other:/lib/systemd/systemd,cf5,0.00,233,229,230,0,230
1791184995.96,other:/lib/systemd/systemd,cf4,10.00,232,224,226,0,226
1791184996.96,other:/lib/systemd/systemd,cf1,0.00,240,236,236,0,236
1791184996.96,other:/lib/systemd/systemd,cf2,10.00,239,233,235,0,235
1791184996.96,other:/lib/systemd/systemd,cf3,10.00,239,231,232,0,232
1791184996.96,other:/lib/systemd/systemd,cf5,0.00,242,240,241,0,241
1791184996.96,other:/lib/systemd/systemd,cf4,10.00,243,232,233,0,233
1791184997.96,other:/lib/systemd/systemd,cf1,0.00,243,239,241,0,241
1791184997.96,other:/lib/systemd/systemd,cf2,9.80,244,239,240,0,240
1791184997.96,other:/lib/systemd/systemd,cf3,10.00,244,239,240,0,240
1791184997.96,other:/lib/systemd/systemd,cf5,0.00,239,238,239,0,239
1791184997.96,other:/lib/systemd/systemd,cf4,10.00,240,233,234,0,234
1791184998.96,other:/lib/systemd/systemd,cf1,0.00,245,242,242,0,242
1791184998.96,other:/lib/systemd/systemd,cf2,10.00,245,240,241,0,241
1791184998.96,other:/lib/systemd/systemd,cf3,10.00,240,230,231,0,231
1791184998.96,other:/lib/systemd/systemd,cf5,0.00,246,245,246,0,246
1791184998.96,other:/lib/systemd/systemd,cf4,10.00,244,232,233,0,233
1791184999.96,other:/lib/systemd/systemd,cf1,0.00,237,229,231,0,231
1791184999.96,other:/lib/systemd/systemd,cf2,10.00,239,236,237,0,237
1791184999.96,other:/lib/systemd/systemd,cf3,10.00,228,224,224,0,224
1791184999.96,other:/lib/systemd/systemd,cf5,0.00,238,237,238,0,238
1791184999.96,other:/lib/systemd/systemd,cf4,10.00,240,229,230,0,230
1791185000.96,other:/lib/systemd/systemd,cf1,0.00,229,223,224,0,224
1791185000.96,other:/lib/systemd/systemd,cf2,10.00,224,213,214,0,214
1791185000.96,other:/lib/systemd/systemd,cf3,10.00,232,219,221,0,221
1791185000.96,other:/lib/systemd/systemd,cf5,0.00,230,226,227,0,227
1791185000.96,other:/lib/systemd/systemd,cf4,10.00,228,214,215,0,215
1791185001.96,other:/lib/systemd/systemd,cf1,0.00,228,226,226,0,226
1791185001.96,other:/lib/systemd/systemd,cf2,10.00,231,228,229,0,229
1791185001.96,other:/lib/systemd/systemd,cf3,10.00,240,228,229,0,229
1791185001.96,other:/lib/systemd/systemd,cf5,0.00,231,230,231,0,231
1791185001.96,other:/lib/systemd/systemd,cf4,10.00,232,221,221,1,221
1791185002.96,other:/lib/systemd/systemd,cf1,0.00,246,244,245,0,245
1791185002.96,other:/lib/systemd/systemd,cf2,10.00,247,244,244,0,244
1791185002.96,other:/lib/systemd/systemd,cf3,10.00,246,243,244,0,244
1791185002.96,other:/lib/systemd/systemd,cf5,0.00,240,240,240,0,240
1791185002.96,other:/lib/systemd/systemd,cf4,10.00,240,233,235,18446744073709551615,235
1791185003.96,other:/lib/systemd/systemd,cf1,0.00,250,242,244,0,244
1791185003.96,other:/lib/systemd/systemd,cf2,10.00,247,243,245,0,245
1791185003.96,other:/lib/systemd/systemd,cf3,10.00,242,233,234,0,234
1791185003.96,other:/lib/systemd/systemd,cf5,0.00,248,246,248,0,248
1791185003.96,other:/lib/systemd/systemd,cf4,10.00,245,236,236,0,236
1791185004.96,other:/lib/systemd/systemd,cf1,0.00,208,204,204,1,204
1791185004.96,other:/lib/systemd/systemd,cf2,10.00,196,184,184,1,184
1791185004.96,other:/lib/systemd/systemd,cf3,10.00,183,156,156,0,156
1791185004.96,other:/lib/systemd/systemd,cf5,0.00,233,231,232,0,232
1791185004.96,other:/lib/systemd/systemd,cf4,10.00,243,230,232,0,232
1791185005.96,other:/lib/systemd/systemd,cf1,0.00,207,196,197,18446744073709551615,197
1791185005.96,other:/lib/systemd/systemd,cf2,10.00,209,203,205,18446744073709551615,205
1791185005.96,other:/lib/systemd/systemd,cf3,10.00,213,205,207,0,207
1791185005.96,other:/lib/systemd/systemd,cf5,0.00,190,178,179,0,179
1791185005.96,other:/lib/systemd/systemd,cf4,10.00,183,156,157,0,157
1791185006.96,other:/lib/systemd/systemd,cf1,0.00,184,164,165,1,165
1791185006.96,other:/lib/systemd/systemd,cf2,10.00,188,180,181,0,181
1791185006.96,other:/lib/systemd/systemd,cf3,10.00,194,173,174,0,174
1791185006.96,other:/lib/systemd/systemd,cf5,0.00,212,191,192,0,192
1791185006.96,other:/lib/systemd/systemd,cf4,10.00,212,199,200,0,200
1791185007.96,other:/lib/systemd/systemd,cf1,0.00,225,217,219,18446744073709551615,219
1791185007.96,other:/lib/systemd/systemd,cf2,10.00,231,226,227,0,227
1791185007.96,other:/lib/systemd/systemd,cf3,10.00,232,227,228,0,228
1791185007.96,other:/lib/systemd/systemd,cf5,0.00,191,184,185,0,185
1791185007.96,other:/lib/systemd/systemd,cf4,10.00,195,170,171,0,171
1791185008.96,other:/lib/systemd/systemd,cf1,0.00,231,219,220,0,220
1791185008.96,other:/lib/systemd/systemd,cf2,10.00,227,222,223,0,223
1791185008.96,other:/lib/systemd/systemd,cf3,9.80,206,195,195,1,195
1791185008.96,other:/lib/systemd/systemd,cf5,0.00,234,233,234,0,234
1791185008.96,other:/lib/systemd/systemd,cf4,10.00,231,219,220,0,220
1791185009.96,other:/lib/systemd/systemd,cf1,0.00,197,181,182,0,182
1791185009.96,other:/lib/systemd/systemd,cf2,10.00,201,190,191,0,191
1791185009.96,other:/lib/systemd/systemd,cf3,10.00,219,210,212,18446744073709551615,212
1791185009.96,other:/lib/systemd/systemd,cf5,0.00,199,191,192,0,192
1791185009.96,other:/lib/systemd/systemd,cf4,10.00,204,186,187,0,187
1791185010.96,other:/lib/systemd/systemd,cf1,0.00,227,222,223,0,223
1791185010.96,other:/lib/systemd/systemd,cf2,10.00,230,226,227,0,227
1791185010.96,other:/lib/systemd/systemd,cf3,10.00,235,229,229,0,229
1791185010.96,other:/lib/systemd/systemd,cf5,0.00,226,214,215,0,215
1791185010.96,other:/lib/systemd/systemd,cf4,10.00,220,211,212,0,212
1791185011.96,other:/lib/systemd/systemd,cf1,0.00,225,219,220,0,220
1791185011.96,other:/lib/systemd/systemd,cf2,10.00,222,220,220,0,220
1791185011.96,other:/lib/systemd/systemd,cf3,10.00,223,215,217,0,217
1791185011.96,other:/lib/systemd/systemd,cf5,0.00,229,208,209,0,209
1791185011.96,other:/lib/systemd/systemd,cf4,10.00,235,229,230,0,230
1791185012.96,other:/lib/systemd/systemd,cf1,0.00,223,220,220,0,220
1791185012.96,other:/lib/systemd/systemd,cf2,10.00,220,216,218,0,218
1791185012.96,other:/lib/systemd/systemd,cf3,10.00,216,214,215,0,215
1791185012.96,other:/lib/systemd/systemd,cf5,0.00,230,226,227,0,227
1791185012.96,other:/lib/systemd/systemd,cf4,10.00,224,215,216,0,216
1791185013.96,other:/lib/systemd/systemd,cf1,0.00,228,220,222,0,222
1791185013.96,other:/lib/systemd/systemd,cf2,10.00,229,225,226,0,226
1791185013.96,other:/lib/systemd/systemd,cf3,10.20,231,225,225,0,225
1791185013.96,other:/lib/systemd/systemd,cf5,0.00,216,190,191,0,191
1791185013.96,other:/lib/systemd/systemd,cf4,10.00,216,205,206,0,206
1791185014.96,other:/lib/systemd/systemd,cf1,0.00,231,221,222,0,222
1791185014.96,other:/lib/systemd/systemd,cf2,10.00,236,233,234,0,234
1791185014.96,other:/lib/systemd/systemd,cf3,10.00,236,231,232,0,232
1791185014.96,other:/lib/systemd/systemd,cf5,0.00,231,221,222,0,222
1791185014.96,other:/lib/systemd/systemd,cf4,10.00,232,228,229,0,229
1791185015.96,other:/lib/systemd/systemd,cf1,0.00,234,229,230,0,230
1791185015.96,other:/lib/systemd/systemd,cf2,10.00,229,227,228,0,228
1791185015.96,other:/lib/systemd/systemd,cf3,10.00,228,219,221,0,221
1791185015.96,other:/lib/systemd/systemd,cf5,0.00,237,235,236,0,236
1791185015.96,other:/lib/systemd/systemd,cf4,10.00,237,227,228,0,228
1791185016.96,other:/lib/systemd/systemd,cf1,0.00,229,220,221,0,221
1791185016.96,other:/lib/systemd/systemd,cf2,10.00,231,227,228,0,228
1791185016.96,other:/lib/systemd/systemd,cf3,10.00,227,224,224,0,224
1791185016.96,other:/lib/systemd/systemd,cf5,0.00,227,223,224,0,224
1791185016.96,other:/lib/systemd/systemd,cf4,10.00,227,222,223,0,223
1791185017.96,other:/lib/systemd/systemd,cf1,0.00,229,221,222,0,222
1791185017.96,other:/lib/systemd/systemd,cf2,10.00,228,227,227,0,227
1791185017.96,other:/lib/systemd/systemd,cf3,10.00,234,227,229,0,229
1791185017.96,other:/lib/systemd/systemd,cf5,0.00,226,223,224,0,224
1791185017.96,other:/lib/systemd/systemd,cf4,10.00,226,217,218,0,218
1791185018.96,other:/lib/systemd/systemd,cf1,0.00,231,223,224,0,224
1791185018.96,other:/lib/systemd/systemd,cf2,10.00,231,229,230,0,230
1791185018.96,other:/lib/systemd/systemd,cf3,10.00,233,227,228,0,228
1791185018.96,other:/lib/systemd/systemd,cf5,0.00,233,229,230,0,230
1791185018.96,other:/lib/systemd/systemd,cf4,10.00,233,228,229,0,229
1791185019.96,other:/lib/systemd/systemd,cf1,0.00,233,225,226,0,226
1791185019.96,other:/lib/systemd/systemd,cf2,10.00,232,226,228,0,228
1791185019.96,other:/lib/systemd/systemd,cf3,10.00,225,219,219,0,219
1791185019.96,other:/lib/systemd/systemd,cf5,0.00,237,229,230,0,230
1791185019.96,other:/lib/systemd/systemd,cf4,10.00,235,227,228,0,228
1791185020.96,other:/lib/systemd/systemd,cf1,0.00,220,213,214,0,214
1791185020.96,other:/lib/systemd/systemd,cf2,10.00,216,213,214,0,214
1791185020.96,other:/lib/systemd/systemd,cf3,10.00,213,206,208,0,208
1791185020.96,other:/lib/systemd/systemd,cf5,0.00,219,218,219,0,219
1791185020.96,other:/lib/systemd/systemd,cf4,10.00,225,211,212,0,212
1791185021.96,other:/lib/systemd/systemd,cf1,0.00,209,201,202,0,202
1791185021.96,other:/lib/systemd/systemd,cf2,10.00,213,210,211,0,211
1791185021.96,other:/lib/systemd/systemd,cf3,10.00,219,208,209,0,209
1791185021.96,other:/lib/systemd/systemd,cf5,0.00,218,204,205,0,205
1791185021.96,other:/lib/systemd/systemd,cf4,10.00,213,193,194,0,194
1791185022.96,other:/lib/systemd/systemd,cf1,0.00,228,222,223,0,223
1791185022.96,other:/lib/systemd/systemd,cf2,10.00,229,227,228,0,228
1791185022.96,other:/lib/systemd/systemd,cf3,10.00,234,227,228,0,228
1791185022.96,other:/lib/systemd/systemd,cf5,0.00,219,214,215,0,215
1791185022.96,other:/lib/systemd/systemd,cf4,10.00,218,200,201,0,201
1791185023.96,other:/lib/systemd/systemd,cf1,0.00,233,230,230,0,230
1791185023.96,other:/lib/systemd/systemd,cf2,10.00,235,233,234,0,234
1791185023.96,other:/lib/systemd/systemd,cf3,10.00,227,219,220,0,220
1791185023.96,other:/lib/systemd/systemd,cf5,0.00,234,224,225,0,225
1791185023.96,other:/lib/systemd/systemd,cf4,10.00,235,229,230,0,230
1791185024.96,other:/lib/systemd/systemd,cf1,0.00,232,226,228,0,228
1791185024.96,other:/lib/systemd/systemd,cf2,10.00,227,222,223,0,223
1791185024.96,other:/lib/systemd/systemd,cf3,10.00,234,226,227,0,227
1791185024.96,other:/lib/systemd/systemd,cf5,0.00,226,216,217,0,217
1791185024.96,other:/lib/systemd/systemd,cf4,10.00,227,221,221,0,221
1791185025.96,other:/lib/systemd/systemd,cf1,0.00,232,229,229,0,229
1791185025.96,other:/lib/systemd/systemd,cf2,10.00,236,233,234,0,234
1791185025.96,other:/lib/systemd/systemd,cf3,10.00,238,233,234,0,234
1791185025.96,other:/lib/systemd/systemd,cf5,0.00,235,227,228,0,228
1791185025.96,other:/lib/systemd/systemd,cf4,10.00,234,225,227,0,227
1791185026.96,other:/lib/systemd/systemd,cf1,0.00,223,217,218,0,218
1791185026.96,other:/lib/systemd/systemd,cf2,10.00,219,215,216,0,216
1791185026.96,other:/lib/systemd/systemd,cf3,10.00,188,169,170,0,170
1791185026.96,other:/lib/systemd/systemd,cf5,0.00,236,231,232,0,232
1791185026.96,other:/lib/systemd/systemd,cf4,10.00,236,229,229,0,229
1791185027.96,other:/lib/systemd/systemd,cf1,0.00,189,177,179,0,179
1791185027.96,other:/lib/systemd/systemd,cf2,10.00,187,182,183,0,183
1791185027.96,other:/lib/systemd/systemd,cf3,10.00,208,205,206,0,206
1791185027.96,other:/lib/systemd/systemd,cf5,0.00,188,166,167,0,167
1791185027.96,other:/lib/systemd/systemd,cf4,10.00,190,173,175,0,175
1791185028.96,other:/lib/systemd/systemd,cf1,0.00,211,207,207,0,207
1791185028.96,other:/lib/systemd/systemd,cf2,10.00,211,210,211,0,211
1791185028.96,other:/lib/systemd/systemd,cf3,10.00,213,206,206,0,206
1791185028.96,other:/lib/systemd/systemd,cf5,0.00,208,200,201,0,201
1791185028.96,other:/lib/systemd/systemd,cf4,10.00,206,164,164,1,164
1791185029.96,other:/lib/systemd/systemd,cf1,0.00,223,215,217,0,217
1791185029.96,other:/lib/systemd/systemd,cf2,10.00,229,227,228,0,228
1791185029.96,other:/lib/systemd/systemd,cf3,10.00,233,225,227,0,227
1791185029.96,other:/lib/systemd/systemd,cf5,0.00,214,192,192,0,192
1791185029.96,other:/lib/systemd/systemd,cf4,10.00,215,205,207,18446744073709551615,207
1791185030.96,other:/lib/systemd/systemd,cf1,0.00,233,225,226,0,226
1791185030.96,other:/lib/systemd/systemd,cf2,10.00,231,229,230,0,230
1791185030.96,other:/lib/systemd/systemd,cf3,10.00,230,223,224,0,224
1791185030.96,other:/lib/systemd/systemd,cf5,0.00,232,229,230,0,230
1791185030.96,other:/lib/systemd/systemd,cf4,10.00,232,223,224,0,224
1791185031.96,other:/lib/systemd/systemd,cf1,0.00,226,217,217,0,217
1791185031.96,other:/lib/systemd/systemd,cf2,10.00,228,226,227,0,227
1791185031.96,other:/lib/systemd/systemd,cf3,10.00,228,222,223,0,223
1791185031.96,other:/lib/systemd/systemd,cf5,0.00,230,227,229,0,229
1791185031.96,other:/lib/systemd/systemd,cf4,10.00,230,225,226,0,226
1791185032.96,other:/lib/systemd/systemd,cf1,0.00,229,224,226,0,226
1791185032.96,other:/lib/systemd/systemd,cf2,10.00,228,226,226,0,226
1791185032.96,other:/lib/systemd/systemd,cf3,10.00,230,223,224,0,224
1791185032.96,other:/lib/systemd/systemd,cf5,0.00,229,228,229,0,229
1791185032.96,other:/lib/systemd/systemd,cf4,10.00,229,221,222,0,222
1791185033.96,other:/lib/systemd/systemd,cf1,0.00,232,226,227,0,227
1791185033.96,other:/lib/systemd/systemd,cf2,10.00,235,231,233,0,233
1791185033.96,other:/lib/systemd/systemd,cf3,10.00,233,229,230,0,230
1791185033.96,other:/lib/systemd/systemd,cf5,0.00,227,220,221,0,221
1791185033.96,other:/lib/systemd/systemd,cf4,10.00,230,221,222,0,222
1791185034.96,other:/lib/systemd/systemd,cf1,0.00,236,230,231,0,231
1791185034.96,other:/lib/systemd/systemd,cf2,10.00,234,232,233,0,233
1791185034.96,other:/lib/systemd/systemd,cf3,10.00,234,225,226,0,226
1791185034.96,other:/lib/systemd/systemd,cf5,0.00,235,231,231,0,231
1791185034.96,other:/lib/systemd/systemd,cf4,10.00,232,223,223,0,223
1791185035.96,other:/lib/systemd/systemd,cf1,0.00,231,228,229,0,229
1791185035.96,other:/lib/systemd/systemd,cf2,10.00,229,228,229,0,229
1791185035.96,other:/lib/systemd/systemd,cf3,10.00,223,216,216,0,216
1791185035.96,other:/lib/systemd/systemd,cf5,0.00,236,233,235,0,235
1791185035.96,other:/lib/systemd/systemd,cf4,10.00,234,223,225,0,225
1791185036.96,other:/lib/systemd/systemd,cf1,0.00,226,224,225,0,225
1791185036.96,other:/lib/systemd/systemd,cf2,10.00,229,226,226,0,226
1791185036.96,other:/lib/systemd/systemd,cf3,10.00,233,223,225,0,225
1791185036.96,other:/lib/systemd/systemd,cf5,0.00,224,209,210,0,210
1791185036.96,other:/lib/systemd/systemd,cf4,10.00,224,215,215,0,215
1791185037.96,other:/lib/systemd/systemd,cf1,0.00,233,227,228,0,228
1791185037.96,other:/lib/systemd/systemd,cf2,10.00,226,221,222,0,222
1791185037.96,other:/lib/systemd/systemd,cf3,10.00,222,216,216,0,216
1791185037.96,other:/lib/systemd/systemd,cf5,0.00,233,233,233,0,233
1791185037.96,other:/lib/systemd/systemd,cf4,10.00,233,225,227,0,227
1791185038.96,other:/lib/systemd/systemd,cf1,0.00,226,218,219,0,219
1791185038.96,other:/lib/systemd/systemd,cf2,10.00,230,227,229,0,229
1791185038.96,other:/lib/systemd/systemd,cf3,10.00,237,228,230,0,230
1791185038.96,other:/lib/systemd/systemd,cf5,0.00,222,203,205,0,205
1791185038.96,other:/lib/systemd/systemd,cf4,10.00,222,215,215,0,215
1791185039.96,other:/lib/systemd/systemd,cf1,0.00,228,219,219,0,219
1791185039.96,other:/lib/systemd/systemd,cf2,10.00,224,220,220,0,220
1791185039.96,other:/lib/systemd/systemd,cf3,10.00,223,217,218,0,218
1791185039.96,other:/lib/systemd/systemd,cf5,0.00,233,231,232,0,232
1791185039.96,other:/lib/systemd/systemd,cf4,10.00,235,230,232,0,232
1791185040.96,other:/lib/systemd/systemd,cf1,0.00,227,219,221,0,221
1791185040.96,other:/lib/systemd/systemd,cf2,10.00,233,229,230,0,230
1791185040.96,other:/lib/systemd/systemd,cf3,10.00,231,224,225,0,225
1791185040.96,other:/lib/systemd/systemd,cf5,0.00,226,220,221,0,221
1791185040.96,other:/lib/systemd/systemd,cf4,10.00,225,215,216,0,216
1791185041.96,other:/lib/systemd/systemd,cf1,0.00,232,225,226,0,226
1791185041.96,other:/lib/systemd/systemd,cf2,10.00,234,231,233,0,233
1791185041.96,other:/lib/systemd/systemd,cf3,10.00,237,232,233,0,233
1791185041.96,other:/lib/systemd/systemd,cf5,0.00,231,222,223,0,223
1791185041.96,other:/lib/systemd/systemd,cf4,10.00,231,227,227,0,227
1791185042.96,other:/lib/systemd/systemd,cf1,0.00,233,227,227,0,227
1791185042.96,other:/lib/systemd/systemd,cf2,10.00,231,228,229,0,229
1791185042.96,other:/lib/systemd/systemd,cf3,10.00,232,223,224,0,224
1791185042.96,other:/lib/systemd/systemd,cf5,0.00,235,230,231,0,231
1791185042.96,other:/lib/systemd/systemd,cf4,10.00,237,224,226,0,226
1791185043.96,other:/lib/systemd/systemd,cf1,0.00,236,230,232,0,232
1791185043.96,other:/lib/systemd/systemd,cf2,10.00,233,230,231,0,231
1791185043.96,other:/lib/systemd/systemd,cf3,10.00,231,228,229,0,229
1791185043.96,other:/lib/systemd/systemd,cf5,0.00,234,230,231,0,231
1791185043.96,other:/lib/systemd/systemd,cf4,10.00,231,222,223,0,223
1791185044.96,other:/lib/systemd/systemd,cf1,0.00,195,176,176,1,176
1791185044.96,other:/lib/systemd/systemd,cf2,10.00,169,154,155,0,155
1791185044.96,other:/lib/systemd/systemd,cf3,10.00,140,101,102,0,102
1791185044.96,other:/lib/systemd/systemd,cf5,0.00,230,223,224,0,224
1791185044.96,other:/lib/systemd/systemd,cf4,10.00,232,221,222,0,222
1791185045.96,other:/lib/systemd/systemd,cf1,0.00,174,150,151,18446744073709551615,151
1791185045.96,other:/lib/systemd/systemd,cf2,10.00,200,191,192,0,192
1791185045.96,other:/lib/systemd/systemd,cf3,10.00,222,215,215,0,215
1791185045.96,other:/lib/systemd/systemd,cf5,0.00,142,112,113,0,113
1791185045.96,other:/lib/systemd/systemd,cf4,10.00,140,95,96,0,96
1791185046.96,other:/lib/systemd/systemd,cf1,0.00,221,212,214,0,214
1791185046.96,other:/lib/systemd/systemd,cf2,10.00,222,216,217,0,217
1791185046.96,other:/lib/systemd/systemd,cf3,10.00,225,219,220,0,220
1791185046.96,other:/lib/systemd/systemd,cf5,0.00,223,219,220,0,220
1791185046.96,other:/lib/systemd/systemd,cf4,10.00,223,212,213,0,213
1791185047.96,other:/lib/systemd/systemd,cf1,0.00,228,224,225,0,225
1791185047.96,other:/lib/systemd/systemd,cf2,10.00,231,227,228,0,228
1791185047.96,other:/lib/systemd/systemd,cf3,10.00,230,227,229,0,229
1791185047.96,other:/lib/systemd/systemd,cf5,0.00,222,213,214,0,214
1791185047.96,other:/lib/systemd/systemd,cf4,10.00,224,215,216,0,216
1791185048.96,other:/lib/systemd/systemd,cf1,0.00,229,222,223,0,223
1791185048.96,other:/lib/systemd/systemd,cf2,10.00,229,226,226,0,226
1791185048.96,other:/lib/systemd/systemd,cf3,10.00,238,234,235,0,235
1791185048.96,other:/lib/systemd/systemd,cf5,0.00,228,226,227,0,227
1791185048.96,other:/lib/systemd/systemd,cf4,10.00,229,217,217,1,217
1791185049.96,other:/lib/systemd/systemd,cf1,0.00,239,235,236,0,236
1791185049.96,other:/lib/systemd/systemd,cf2,10.00,237,231,233,0,233
1791185049.96,other:/lib/systemd/systemd,cf3,10.00,231,219,220,0,220
1791185049.96,other:/lib/systemd/systemd,cf5,0.00,243,241,242,0,242
1791185049.96,other:/lib/systemd/systemd,cf4,10.00,239,233,235,18446744073709551615,235
1791185050.96,other:/lib/systemd/systemd,cf1,0.00,233,226,227,0,227
1791185050.96,other:/lib/systemd/systemd,cf2,10.00,237,235,236,0,236
1791185050.96,other:/lib/systemd/systemd,cf3,10.00,238,232,233,0,233
1791185050.96,other:/lib/systemd/systemd,cf5,0.00,230,229,230,0,230
1791185050.96,other:/lib/systemd/systemd,cf4,10.00,231,224,225,0,225
1791185051.96,other:/lib/systemd/systemd,cf1,0.00,239,236,236,0,236
1791185051.96,other:/lib/systemd/systemd,cf2,10.00,237,235,235,0,235
1791185051.96,other:/lib/systemd/systemd,cf3,10.00,241,233,234,0,234
1791185051.96,other:/lib/systemd/systemd,cf5,0.00,236,234,235,0,235
1791185051.96,other:/lib/systemd/systemd,cf4,10.00,237,226,227,0,227
1791185052.96,other:/lib/systemd/systemd,cf1,0.00,236,230,231,0,231
1791185052.96,other:/lib/systemd/systemd,cf2,10.00,237,233,234,0,234
1791185052.96,other:/lib/systemd/systemd,cf3,10.00,237,232,233,0,233
1791185052.96,other:/lib/systemd/systemd,cf5,0.00,241,238,239,0,239
1791185052.96,other:/lib/systemd/systemd,cf4,10.00,241,230,231,0,231
1791185053.96,other:/lib/systemd/systemd,cf1,0.00,237,233,234,0,234
1791185053.96,other:/lib/systemd/systemd,cf2,10.00,238,231,233,0,233
1791185053.96,other:/lib/systemd/systemd,cf3,10.00,233,228,229,0,229
1791185053.96,other:/lib/systemd/systemd,cf5,0.00,236,234,235,0,235
1791185053.96,other:/lib/systemd/systemd,cf4,10.00,238,226,227,0,227
1791185054.96,other:/lib/systemd/systemd,cf1,0.00,232,224,226,0,226
1791185054.96,other:/lib/systemd/systemd,cf2,10.00,230,224,225,0,225
1791185054.96,other:/lib/systemd/systemd,cf3,10.00,232,224,224,0,224
1791185054.96,other:/lib/systemd/systemd,cf5,0.00,230,229,229,0,229
1791185054.96,other:/lib/systemd/systemd,cf4,10.00,233,223,224,0,224
1791185055.96,other:/lib/systemd/systemd,cf1,0.00,237,228,229,0,229
1791185055.96,other:/lib/systemd/systemd,cf2,10.00,240,235,236,0,236
1791185055.96,other:/lib/systemd/systemd,cf3,10.00,242,234,235,0,235
1791185055.96,other:/lib/systemd/systemd,cf5,0.00,236,234,236,0,236
1791185055.96,other:/lib/systemd/systemd,cf4,10.00,232,220,221,0,221
1791185056.96,other:/lib/systemd/systemd,cf1,0.00,236,229,230,0,230
1791185056.96,other:/lib/systemd/systemd,cf2,10.00,230,224,225,0,225
1791185056.96,other:/lib/systemd/systemd,cf3,10.00,235,228,230,0,230
1791185056.96,other:/lib/systemd/systemd,cf5,0.00,241,239,240,0,240
1791185056.96,other:/lib/systemd/systemd,cf4,10.00,242,238,239,0,239
1791185057.96,other:/lib/systemd/systemd,cf1,0.00,237,232,233,0,233
1791185057.96,other:/lib/systemd/systemd,cf2,10.00,239,236,237,0,237
1791185057.96,other:/lib/systemd/systemd,cf3,10.00,228,220,221,0,221
1791185057.96,other:/lib/systemd/systemd,cf5,0.00,237,230,231,0,231
1791185057.96,other:/lib/systemd/systemd,cf4,10.00,234,230,231,0,231
1791185058.96,other:/lib/systemd/systemd,cf1,0.00,220,216,217,0,217
1791185058.96,other:/lib/systemd/systemd,cf2,10.00,213,202,203,0,203
1791185058.96,other:/lib/systemd/systemd,cf3,10.00,216,205,206,0,206
1791185058.96,other:/lib/systemd/systemd,cf5,0.00,228,217,218,0,218
1791185058.96,other:/lib/systemd/systemd,cf4,10.00,229,213,214,0,214
1791185059.96,other:/lib/systemd/systemd,cf1,0.00,216,212,213,0,213
1791185059.96,other:/lib/systemd/systemd,cf2,10.00,217,206,207,0,207
1791185059.96,other:/lib/systemd/systemd,cf3,10.00,217,213,214,0,214
1791185059.96,other:/lib/systemd/systemd,cf5,0.00,215,206,207,0,207
1791185059.96,other:/lib/systemd/systemd,cf4,10.00,215,206,207,0,207
1791185060.96,other:/lib/systemd/systemd,cf1,0.00,204,191,192,0,192
1791185060.96,other:/lib/systemd/systemd,cf2,10.00,206,195,196,0,196
1791185060.96,other:/lib/systemd/systemd,cf3,10.00,194,184,185,0,185
1791185060.96,other:/lib/systemd/systemd,cf5,0.00,215,213,213,0,213
1791185060.96,other:/lib/systemd/systemd,cf4,10.00,217,209,209,0,209
1791185061.96,other:/lib/systemd/systemd,cf1,0.00,209,199,200,0,200
1791185061.96,other:/lib/systemd/systemd,cf2,10.00,203,198,199,0,199
1791185061.96,other:/lib/systemd/systemd,cf3,10.00,203,191,192,0,192
1791185061.96,other:/lib/systemd/systemd,cf5,0.00,193,189,190,0,190
1791185061.96,other:/lib/systemd/systemd,cf4,10.00,195,178,180,0,180
1791185062.96,other:/lib/systemd/systemd,cf1,0.00,206,194,195,0,195
1791185062.96,other:/lib/systemd/systemd,cf2,10.00,217,209,210,0,210
1791185062.96,other:/lib/systemd/systemd,cf3,10.00,230,227,228,0,228
1791185062.96,other:/lib/systemd/systemd,cf5,0.00,206,189,191,0,191
1791185062.96,other:/lib/systemd/systemd,cf4,10.00,202,192,193,0,193
1791185063.96,other:/lib/systemd/systemd,cf1,0.00,230,225,226,0,226
1791185063.96,other:/lib/systemd/systemd,cf2,10.00,222,215,216,0,216
1791185063.96,other:/lib/systemd/systemd,cf3,10.00,213,208,209,0,209
1791185063.96,other:/lib/systemd/systemd,cf5,0.00,229,222,223,0,223
1791185063.96,other:/lib/systemd/systemd,cf4,10.00,231,224,225,0,225
1791185064.96,other:/lib/systemd/systemd,cf1,0.00,199,189,190,0,190
1791185064.96,other:/lib/systemd/systemd,cf2,10.00,200,183,184,0,184
1791185064.96,other:/lib/systemd/systemd,cf3,10.00,200,195,195,0,195
1791185064.96,other:/lib/systemd/systemd,cf5,0.00,210,196,197,0,197
1791185064.96,other:/lib/systemd/systemd,cf4,10.00,212,203,204,0,204
1791185065.96,other:/lib/systemd/systemd,cf1,0.00,207,203,204,0,204
1791185065.96,other:/lib/systemd/systemd,cf2,10.00,208,203,203,0,203
1791185065.96,other:/lib/systemd/systemd,cf3,10.00,204,197,199,0,199
1791185065.96,other:/lib/systemd/systemd,cf5,0.00,202,178,179,0,179
1791185065.96,other:/lib/systemd/systemd,cf4,10.00,200,190,190,1,190
1791185066.96,other:/lib/systemd/systemd,cf1,0.00,201,194,195,0,195
1791185066.96,other:/lib/systemd/systemd,cf2,10.00,205,198,200,0,200
1791185066.96,other:/lib/systemd/systemd,cf3,10.00,210,204,205,0,205
1791185066.96,other:/lib/systemd/systemd,cf5,0.00,202,163,164,0,164
1791185066.96,other:/lib/systemd/systemd,cf4,10.00,204,198,199,18446744073709551615,199
1791185067.96,other:/lib/systemd/systemd,cf1,0.00,224,220,221,0,221
1791185067.96,other:/lib/systemd/systemd,cf2,10.00,219,209,209,0,209
1791185067.96,other:/lib/systemd/systemd,cf3,10.00,221,218,218,0,218
1791185067.96,other:/lib/systemd/systemd,cf5,0.00,212,185,186,0,186
1791185067.96,other:/lib/systemd/systemd,cf4,10.00,210,204,206,0,206
1791185068.96,other:/lib/systemd/systemd,cf1,0.00,216,210,211,0,211
1791185068.96,other:/lib/systemd/systemd,cf2,10.00,220,214,216,0,216
1791185068.96,other:/lib/systemd/systemd,cf3,10.00,219,212,213,0,213
1791185068.96,other:/lib/systemd/systemd,cf5,0.00,221,217,217,0,217
1791185068.96,other:/lib/systemd/systemd,cf4,10.00,222,215,216,0,216
1791185069.96,other:/lib/systemd/systemd,cf1,0.00,210,207,208,0,208
1791185069.96,other:/lib/systemd/systemd,cf2,10.00,206,203,204,0,204
1791185069.96,other:/lib/systemd/systemd,cf3,10.00,209,205,207,0,207
1791185069.96,other:/lib/systemd/systemd,cf5,0.00,221,211,213,0,213
1791185069.96,other:/lib/systemd/systemd,cf4,10.00,218,208,209,0,209
1791185070.96,other:/lib/systemd/systemd,cf1,0.00,221,213,214,0,214
1791185070.96,other:/lib/systemd/systemd,cf2,10.00,227,226,227,0,227
1791185070.96,other:/lib/systemd/systemd,cf3,10.00,230,221,222,0,222
1791185070.96,other:/lib/systemd/systemd,cf5,0.00,208,189,190,0,190
1791185070.96,other:/lib/systemd/systemd,cf4,10.00,210,195,196,0,196
1791185071.96,other:/lib/systemd/systemd,cf1,0.00,221,216,217,0,217
1791185071.96,other:/lib/systemd/systemd,cf2,10.00,216,212,213,0,213
1791185071.96,other:/lib/systemd/systemd,cf3,10.00,198,190,191,0,191
1791185071.96,other:/lib/systemd/systemd,cf5,0.00,227,223,224,0,224
1791185071.96,other:/lib/systemd/systemd,cf4,10.00,230,220,221,0,221
1791185072.96,other:/lib/systemd/systemd,cf1,0.00,183,178,179,0,179
1791185072.96,other:/lib/systemd/systemd,cf2,10.00,177,174,175,0,175
1791185072.96,other:/lib/systemd/systemd,cf3,10.00,187,183,183,0,183
1791185072.96,other:/lib/systemd/systemd,cf5,0.00,194,171,172,0,172
1791185072.96,other:/lib/systemd/systemd,cf4,10.00,197,164,165,0,165
1791185073.96,other:/lib/systemd/systemd,cf1,0.00,195,185,186,0,186
1791185073.96,other:/lib/systemd/systemd,cf2,10.00,203,201,202,0,202
1791185073.96,other:/lib/systemd/systemd,cf3,10.00,206,199,201,0,201
1791185073.96,other:/lib/systemd/systemd,cf5,0.00,188,141,142,0,142
1791185073.96,other:/lib/systemd/systemd,cf4,10.00,187,169,170,0,170
1791185074.96,other:/lib/systemd/systemd,cf1,0.00,200,194,195,0,195
1791185074.96,other:/lib/systemd/systemd,cf2,10.00,198,193,193,1,193
1791185074.96,other:/lib/systemd/systemd,cf3,10.00,196,190,191,0,191
1791185074.96,other:/lib/systemd/systemd,cf5,0.00,212,190,191,0,191
1791185074.96,other:/lib/systemd/systemd,cf4,10.00,206,188,188,0,188
1791185075.96,other:/lib/systemd/systemd,cf1,0.00,219,216,216,0,216
1791185075.96,other:/lib/systemd/systemd,cf2,10.00,226,221,223,18446744073709551615,223
1791185075.96,other:/lib/systemd/systemd,cf3,10.00,224,218,218,0,218
1791185075.96,other:/lib/systemd/systemd,cf5,0.00,195,138,139,0,139
1791185075.96,other:/lib/systemd/systemd,cf4,10.00,197,186,188,0,188
1791185076.96,other:/lib/systemd/systemd,cf1,0.00,212,200,202,0,202
1791185076.96,other:/lib/systemd/systemd,cf2,10.00,198,190,191,0,191
1791185076.96,other:/lib/systemd/systemd,cf3,10.00,205,193,195,0,195
1791185076.96,other:/lib/systemd/systemd,cf5,0.00,225,217,218,0,218
1791185076.96,other:/lib/systemd/systemd,cf4,10.00,224,214,215,0,215
1791185077.96,other:/lib/systemd/systemd,cf1,0.00,222,215,216,0,216
1791185077.96,other:/lib/systemd/systemd,cf2,9.80,229,226,227,0,227
1791185077.96,other:/lib/systemd/systemd,cf3,10.00,220,209,210,0,210
1791185077.96,other:/lib/systemd/systemd,cf5,0.00,206,188,189,0,189
1791185077.96,other:/lib/systemd/systemd,cf4,10.00,204,185,186,0,186
1791185078.96,other:/lib/systemd/systemd,cf1,0.00,214,206,207,0,207
1791185078.96,other:/lib/systemd/systemd,cf2,10.00,220,217,218,0,218
1791185078.96,other:/lib/systemd/systemd,cf3,10.00,230,222,223,0,223
1791185078.96,other:/lib/systemd/systemd,cf5,0.00,218,213,214,0,214
1791185078.96,other:/lib/systemd/systemd,cf4,10.00,221,208,209,0,209
1791185079.96,other:/lib/systemd/systemd,cf1,0.00,219,215,215,1,215
1791185079.96,other:/lib/systemd/systemd,cf2,10.00,216,213,214,0,214
1791185079.96,other:/lib/systemd/systemd,cf3,10.00,219,214,215,0,215
1791185079.96,other:/lib/systemd/systemd,cf5,0.00,229,220,220,1,220
1791185079.96,other:/lib/systemd/systemd,cf4,10.00,230,216,217,0,217
1791185080.96,other:/lib/systemd/systemd,cf1,0.00,233,227,229,18446744073709551615,229
1791185080.96,other:/lib/systemd/systemd,cf2,10.00,235,230,231,0,231
1791185080.96,other:/lib/systemd/systemd,cf3,10.00,232,227,228,0,228
1791185080.96,other:/lib/systemd/systemd,cf5,0.00,222,198,200,18446744073709551615,200
1791185080.96,other:/lib/systemd/systemd,cf4,10.00,219,213,214,0,214
1791185081.96,other:/lib/systemd/systemd,cf1,0.00,221,214,215,0,215
1791185081.96,other:/lib/systemd/systemd,cf2,9.80,219,217,218,0,218
1791185081.96,other:/lib/systemd/systemd,cf3,10.00,210,207,208,0,208
1791185081.96,other:/lib/systemd/systemd,cf5,0.00,227,217,218,0,218
1791185081.96,other:/lib/systemd/systemd,cf4,10.00,231,223,224,0,224
1791185082.96,other:/lib/systemd/systemd,cf1,0.00,198,193,194,0,194
1791185082.96,other:/lib/systemd/systemd,cf2,10.00,196,190,190,0,190
1791185082.96,other:/lib/systemd/systemd,cf3,10.00,179,171,172,0,172
1791185082.96,other:/lib/systemd/systemd,cf5,0.00,207,189,190,0,190
1791185082.96,other:/lib/systemd/systemd,cf4,9.40,208,176,176,0,176
1791185083.96,other:/lib/systemd/systemd,cf1,0.00,165,161,162,0,162
1791185083.96,other:/lib/systemd/systemd,cf2,9.80,163,156,158,0,158
1791185083.96,other:/lib/systemd/systemd,cf3,10.00,183,176,177,0,177
1791185083.96,other:/lib/systemd/systemd,cf5,0.00,176,166,166,0,166
1791185083.96,other:/lib/systemd/systemd,cf4,10.00,179,102,103,1,103
1791185084.96,other:/lib/systemd/systemd,cf1,0.00,204,197,197,0,197
1791185084.96,other:/lib/systemd/systemd,cf2,9.80,198,197,198,0,198
1791185084.96,other:/lib/systemd/systemd,cf3,10.00,191,181,182,0,182
1791185084.96,other:/lib/systemd/systemd,cf5,0.00,194,172,174,0,174
1791185084.96,other:/lib/systemd/systemd,cf4,10.00,186,141,143,18446744073709551615,143
1791185085.96,other:/lib/systemd/systemd,cf1,0.00,195,189,191,0,191
1791185085.96,other:/lib/systemd/systemd,cf2,9.80,199,192,193,0,193
1791185085.96,other:/lib/systemd/systemd,cf3,10.00,203,198,199,0,199
1791185085.96,other:/lib/systemd/systemd,cf5,0.00,188,144,145,0,145
1791185085.96,other:/lib/systemd/systemd,cf4,10.00,190,167,168,0,168
1791185086.96,other:/lib/systemd/systemd,cf1,0.00,203,198,199,0,199
1791185086.96,other:/lib/systemd/systemd,cf2,10.00,210,206,207,0,207
1791185086.96,other:/lib/systemd/systemd,cf3,10.00,206,200,200,0,200
1791185086.96,other:/lib/systemd/systemd,cf5,0.00,201,200,200,0,200
1791185086.96,other:/lib/systemd/systemd,cf4,10.00,203,155,156,0,156
1791185087.96,other:/lib/systemd/systemd,cf1,0.00,195,186,187,0,187
1791185087.96,other:/lib/systemd/systemd,cf2,10.00,196,196,196,0,196
1791185087.96,other:/lib/systemd/systemd,cf3,10.00,208,185,187,0,187
1791185087.96,other:/lib/systemd/systemd,cf5,0.00,206,197,199,0,199
1791185087.96,other:/lib/systemd/systemd,cf4,10.60,206,187,188,0,188
1791185088.96,other:/lib/systemd/systemd,cf1,0.00,225,220,220,0,220
1791185088.96,other:/lib/systemd/systemd,cf2,10.00,223,219,221,0,221
1791185088.96,other:/lib/systemd/systemd,cf3,10.00,221,213,214,0,214
1791185088.96,other:/lib/systemd/systemd,cf5,0.00,214,207,208,0,208
1791185088.96,other:/lib/systemd/systemd,cf4,10.00,208,198,198,0,198
1791185089.96,other:/lib/systemd/systemd,cf1,0.00,211,201,203,0,203
1791185089.96,other:/lib/systemd/systemd,cf2,10.00,205,201,202,0,202
1791185089.96,other:/lib/systemd/systemd,cf3,10.00,207,198,199,0,199
1791185089.96,other:/lib/systemd/systemd,cf5,0.00,217,209,210,0,210
1791185089.96,other:/lib/systemd/systemd,cf4,10.00,221,204,205,0,205
1791185090.96,other:/lib/systemd/systemd,cf1,0.00,209,203,204,0,204
1791185090.96,other:/lib/systemd/systemd,cf2,10.00,217,213,214,0,214
1791185090.96,other:/lib/systemd/systemd,cf3,10.00,214,209,210,0,210
1791185090.96,other:/lib/systemd/systemd,cf5,0.00,208,203,204,0,204
1791185090.96,other:/lib/systemd/systemd,cf4,10.00,207,184,185,1,185
1791185091.96,other:/lib/systemd/systemd,cf1,0.00,215,211,211,0,211
1791185091.96,other:/lib/systemd/systemd,cf2,10.00,214,212,213,0,213
1791185091.96,other:/lib/systemd/systemd,cf3,10.00,211,205,206,0,206
1791185091.96,other:/lib/systemd/systemd,cf5,0.00,215,203,204,0,204
1791185091.96,other:/lib/systemd/systemd,cf4,10.00,215,200,202,18446744073709551615,202
1791185092.96,other:/lib/systemd/systemd,cf1,0.00,213,201,203,0,203
1791185092.96,other:/lib/systemd/systemd,cf2,10.00,212,207,208,0,208
1791185092.96,other:/lib/systemd/systemd,cf3,10.00,214,207,207,0,207
1791185092.96,other:/lib/systemd/systemd,cf5,0.00,210,201,202,0,202
1791185092.96,other:/lib/systemd/systemd,cf4,10.00,210,187,188,0,188
1791185093.96,other:/lib/systemd/systemd,cf1,0.00,215,211,212,0,212
1791185093.96,other:/lib/systemd/systemd,cf2,10.00,210,209,210,0,210
1791185093.96,other:/lib/systemd/systemd,cf3,10.00,213,190,192,0,192
1791185093.96,other:/lib/systemd/systemd,cf5,0.00,216,202,203,0,203
1791185093.96,other:/lib/systemd/systemd,cf4,10.00,215,206,207,0,207
1791185094.96,other:/lib/systemd/systemd,cf1,0.00,204,193,194,0,194
1791185094.96,other:/lib/systemd/systemd,cf2,10.00,203,196,197,0,197
1791185094.96,other:/lib/systemd/systemd,cf3,10.00,180,172,173,0,173
1791185094.96,other:/lib/systemd/systemd,cf5,0.00,203,193,194,0,194
1791185094.96,other:/lib/systemd/systemd,cf4,10.00,211,202,203,0,203
1791185095.96,other:/lib/systemd/systemd,cf1,0.00,182,169,169,0,169
1791185095.96,other:/lib/systemd/systemd,cf2,10.00,186,182,182,0,182
1791185095.96,other:/lib/systemd/systemd,cf3,10.00,209,203,203,0,203
1791185095.96,other:/lib/systemd/systemd,cf5,0.00,190,164,165,0,165
1791185095.96,other:/lib/systemd/systemd,cf4,10.00,182,164,164,1,164
1791185096.96,other:/lib/systemd/systemd,cf1,0.00,217,212,213,0,213
1791185096.96,other:/lib/systemd/systemd,cf2,10.00,217,214,215,0,215
1791185096.96,other:/lib/systemd/systemd,cf3,10.00,212,204,206,0,206
1791185096.96,other:/lib/systemd/systemd,cf5,0.00,208,191,191,1,191
1791185096.96,other:/lib/systemd/systemd,cf4,10.00,209,192,194,18446744073709551615,194
1791185097.96,other:/lib/systemd/systemd,cf1,0.00,218,215,217,0,217
1791185097.96,other:/lib/systemd/systemd,cf2,10.00,220,214,216,0,216
1791185097.96,other:/lib/systemd/systemd,cf3,10.00,229,220,221,0,221
1791185097.96,other:/lib/systemd/systemd,cf5,0.00,214,205,207,18446744073709551615,207
1791185097.96,other:/lib/systemd/systemd,cf4,10.00,212,200,201,0,201
1791185098.96,other:/lib/systemd/systemd,cf1,0.00,229,229,229,0,229
1791185098.96,other:/lib/systemd/systemd,cf2,10.00,231,226,227,0,227
1791185098.96,other:/lib/systemd/systemd,cf3,10.00,230,222,223,0,223
1791185098.96,other:/lib/systemd/systemd,cf5,0.00,227,221,221,0,221
1791185098.96,other:/lib/systemd/systemd,cf4,10.00,228,224,225,0,225
1791185099.96,other:/lib/systemd/systemd,cf1,0.00,227,224,225,0,225
1791185099.96,other:/lib/systemd/systemd,cf2,10.00,219,214,215,0,215
1791185099.96,other:/lib/systemd/systemd,cf3,10.00,225,215,216,0,216
1791185099.96,other:/lib/systemd/systemd,cf5,0.00,229,220,221,0,221
1791185099.96,other:/lib/systemd/systemd,cf4,10.00,229,222,223,0,223
1791185100.96,other:/lib/systemd/systemd,cf1,0.00,228,221,223,0,223
1791185100.96,other:/lib/systemd/systemd,cf2,10.00,236,234,235,0,235
1791185100.96,other:/lib/systemd/systemd,cf3,10.00,233,229,230,0,230
1791185100.96,other:/lib/systemd/systemd,cf5,0.00,226,221,223,0,223
1791185100.96,other:/lib/systemd/systemd,cf4,10.00,226,218,218,1,218
1791185101.96,other:/lib/systemd/systemd,cf1,0.00,240,238,238,0,238
1791185101.96,other:/lib/systemd/systemd,cf2,10.00,241,238,238,0,238
1791185101.96,other:/lib/systemd/systemd,cf3,10.00,241,235,236,0,236
1791185101.96,other:/lib/systemd/systemd,cf5,0.00,235,226,227,0,227
1791185101.96,other:/lib/systemd/systemd,cf4,10.00,234,227,229,18446744073709551615,229
1791185102.96,other:/lib/systemd/systemd,cf1,0.00,239,236,238,0,238
1791185102.96,other:/lib/systemd/systemd,cf2,10.00,234,231,232,0,232
1791185102.96,other:/lib/systemd/systemd,cf3,10.00,236,231,232,0,232
1791185102.96,other:/lib/systemd/systemd,cf5,0.00,239,235,235,0,235
1791185102.96,other:/lib/systemd/systemd,cf4,10.00,241,234,235,0,235
1791185103.96,other:/lib/systemd/systemd,cf1,0.00,231,228,229,0,229
1791185103.96,other:/lib/systemd/systemd,cf2,10.00,236,231,233,0,233
1791185103.96,other:/lib/systemd/systemd,cf3,10.00,237,233,234,0,234
1791185103.96,other:/lib/systemd/systemd,cf5,0.00,235,230,231,0,231
1791185103.96,other:/lib/systemd/systemd,cf4,10.00,234,228,228,1,228
1791185104.96,other:/lib/systemd/systemd,cf1,0.00,237,232,233,0,233
1791185104.96,other:/lib/systemd/systemd,cf2,10.00,238,235,236,0,236
1791185104.96,other:/lib/systemd/systemd,cf3,10.00,238,229,230,0,230
1791185104.96,other:/lib/systemd/systemd,cf5,0.00,240,234,236,0,236
1791185104.96,other:/lib/systemd/systemd,cf4,10.00,239,233,235,18446744073709551615,235
1791185105.96,other:/lib/systemd/systemd,cf1,0.00,238,234,234,1,234
1791185105.96,other:/lib/systemd/systemd,cf2,10.00,215,204,205,0,205
1791185105.96,other:/lib/systemd/systemd,cf3,10.00,209,196,197,0,197
1791185105.96,other:/lib/systemd/systemd,cf5,0.00,237,234,235,0,235
1791185105.96,other:/lib/systemd/systemd,cf4,10.00,238,230,231,0,231
1791185106.96,other:/lib/systemd/systemd,cf1,0.00,184,171,172,0,172
1791185106.96,other:/lib/systemd/systemd,cf2,10.00,198,186,187,0,187
1791185106.96,other:/lib/systemd/systemd,cf3,10.00,198,177,178,0,178
1791185106.96,other:/lib/systemd/systemd,cf5,0.00,208,198,198,0,198
1791185106.96,other:/lib/systemd/systemd,cf4,10.00,209,189,190,0,190
1791185107.96,other:/lib/systemd/systemd,cf1,0.00,194,185,187,18446744073709551615,187
1791185107.96,other:/lib/systemd/systemd,cf2,10.00,182,170,170,0,170
1791185107.96,other:/lib/systemd/systemd,cf3,10.00,186,160,161,0,161
1791185107.96,other:/lib/systemd/systemd,cf5,0.00,191,160,161,1,161
1791185107.96,other:/lib/systemd/systemd,cf4,10.00,196,174,174,0,174
1791185108.96,other:/lib/systemd/systemd,cf1,0.00,217,208,209,0,209
1791185108.96,other:/lib/systemd/systemd,cf2,10.00,220,209,210,0,210
1791185108.96,other:/lib/systemd/systemd,cf3,10.00,197,184,184,0,184
1791185108.96,other:/lib/systemd/systemd,cf5,0.00,194,172,174,18446744073709551615,174
1791185108.96,other:/lib/systemd/systemd,cf4,10.00,188,157,159,0,159
1791185109.96,other:/lib/systemd/systemd,cf1,0.00,197,188,189,0,189
1791185109.96,other:/lib/systemd/systemd,cf2,10.00,214,205,206,0,206
1791185109.96,other:/lib/systemd/systemd,cf3,10.00,226,217,218,1,218
1791185109.96,other:/lib/systemd/systemd,cf5,0.00,197,185,186,0,186
1791185109.96,other:/lib/systemd/systemd,cf4,10.00,197,178,178,0,178
1791185110.96,other:/lib/systemd/systemd,cf1,0.00,199,189,189,1,189
1791185110.96,other:/lib/systemd/systemd,cf2,10.00,172,151,153,0,153
1791185110.96,other:/lib/systemd/systemd,cf3,10.00,131,91,93,18446744073709551615,93
1791185110.96,other:/lib/systemd/systemd,cf5,0.00,226,216,216,0,216
1791185110.96,other:/lib/systemd/systemd,cf4,10.00,224,212,214,0,214
1791185111.96,other:/lib/systemd/systemd,cf1,0.00,100,63,65,18446744073709551615,65
1791185111.96,other:/lib/systemd/systemd,cf2,10.00,101,65,65,0,65
1791185111.96,other:/lib/systemd/systemd,cf3,10.00,100,61,62,0,62
1791185111.96,other:/lib/systemd/systemd,cf5,0.00,121,78,80,0,80
1791185111.96,other:/lib/systemd/systemd,cf4,10.00,130,91,92,0,92
1791185112.96,other:/lib/systemd/systemd,cf1,0.00,114,82,83,0,83
1791185112.96,other:/lib/systemd/systemd,cf2,10.00,133,104,105,1,105
1791185112.96,other:/lib/systemd/systemd,cf3,10.00,153,127,128,0,128
1791185112.96,other:/lib/systemd/systemd,cf5,0.00,98,50,51,0,51
1791185112.96,other:/lib/systemd/systemd,cf4,10.00,100,49,49,1,49
1791185113.96,other:/lib/systemd/systemd,cf1,0.00,146,132,132,0,132
1791185113.96,other:/lib/systemd/systemd,cf2,10.00,124,101,103,18446744073709551615,103
1791185113.96,other:/lib/systemd/systemd,cf3,10.00,103,75,75,1,75
1791185113.96,other:/lib/systemd/systemd,cf5,0.00,152,110,110,0,110
1791185113.96,other:/lib/systemd/systemd,cf4,10.00,153,124,125,18446744073709551615,125
1791185114.96,other:/lib/systemd/systemd,cf1,0.00,96,53,54,0,54
1791185114.96,other:/lib/systemd/systemd,cf2,10.00,117,88,89,0,89
1791185114.96,other:/lib/systemd/systemd,cf3,10.00,156,123,125,18446744073709551615,125
1791185114.96,other:/lib/systemd/systemd,cf5,0.00,100,50,51,1,51
1791185114.96,other:/lib/systemd/systemd,cf4,10.00,104,50,52,0,52
1791185115.96,other:/lib/systemd/systemd,cf1,0.00,157,131,132,0,132
1791185115.96,other:/lib/systemd/systemd,cf2,10.00,141,111,111,0,111
1791185115.96,other:/lib/systemd/systemd,cf3,10.00,156,135,135,0,135
1791185115.96,other:/lib/systemd/systemd,cf5,0.00,165,136,138,18446744073709551615,138
1791185115.96,other:/lib/systemd/systemd,cf4,10.00,155,120,121,0,121
1791185116.96,other:/lib/systemd/systemd,cf1,0.00,192,174,176,0,176
1791185116.96,other:/lib/systemd/systemd,cf2,10.00,206,193,195,0,195
1791185116.96,other:/lib/systemd/systemd,cf3,10.00,179,161,163,0,163
1791185116.96,other:/lib/systemd/systemd,cf5,0.00,149,121,122,0,122
1791185116.96,other:/lib/systemd/systemd,cf4,10.00,157,121,121,1,121
1791185117.96,other:/lib/systemd/systemd,cf1,0.00,174,155,156,0,156
1791185117.96,other:/lib/systemd/systemd,cf2,10.00,170,146,147,0,147
1791185117.96,other:/lib/systemd/systemd,cf3,10.00,174,158,158,1,158
1791185117.96,other:/lib/systemd/systemd,cf5,0.00,180,164,165,0,165
1791185117.96,other:/lib/systemd/systemd,cf4,10.00,178,154,155,18446744073709551615,155
1791185118.96,other:/lib/systemd/systemd,cf1,0.00,169,146,147,0,147
1791185118.96,other:/lib/systemd/systemd,cf2,10.00,179,164,164,0,164
1791185118.96,other:/lib/systemd/systemd,cf3,10.00,163,149,151,18446744073709551615,151
1791185118.96,other:/lib/systemd/systemd,cf5,0.00,181,171,172,0,172
1791185118.96,other:/lib/systemd/systemd,cf4,10.00,176,145,147,0,147
1791185119.96,other:/lib/systemd/systemd,cf1,0.00,184,162,163,0,163
1791185119.96,other:/lib/systemd/systemd,cf2,10.00,186,168,170,0,170
1791185119.96,other:/lib/systemd/systemd,cf3,10.00,215,207,208,0,208
1791185119.96,other:/lib/systemd/systemd,cf5,0.00,165,153,154,0,154
1791185119.96,other:/lib/systemd/systemd,cf4,10.00,164,135,136,0,136
1791185120.96,other:/lib/systemd/systemd,cf1,0.00,204,195,196,0,196
1791185120.96,other:/lib/systemd/systemd,cf2,9.80,188,170,171,0,171
1791185120.96,other:/lib/systemd/systemd,cf3,10.00,162,148,149,0,149
1791185120.96,other:/lib/systemd/systemd,cf5,0.00,213,207,207,1,207
1791185120.96,other:/lib/systemd/systemd,cf4,9.80,212,194,194,1,194
1791185121.96,other:/lib/systemd/systemd,cf1,0.00,150,118,119,0,119
1791185121.96,other:/lib/systemd/systemd,cf2,10.00,137,98,99,0,99
1791185121.96,other:/lib/systemd/systemd,cf3,10.00,158,140,140,0,140
1791185121.96,other:/lib/systemd/systemd,cf5,0.00,155,134,136,18446744073709551615,136
1791185121.96,other:/lib/systemd/systemd,cf4,10.00,163,132,134,18446744073709551615,134
1791185122.96,other:/lib/systemd/systemd,cf1,0.00,190,173,174,0,174
1791185122.96,other:/lib/systemd/systemd,cf2,10.00,219,208,209,0,209
1791185122.96,other:/lib/systemd/systemd,cf3,10.00,230,224,226,0,226
1791185122.96,other:/lib/systemd/systemd,cf5,0.00,173,149,150,0,150
1791185122.96,other:/lib/systemd/systemd,cf4,10.00,160,125,126,0,126
1791185123.96,other:/lib/systemd/systemd,cf1,0.00,228,222,223,0,223
1791185123.96,other:/lib/systemd/systemd,cf2,10.00,230,225,226,0,226
1791185123.96,other:/lib/systemd/systemd,cf3,10.00,227,223,224,0,224
1791185123.96,other:/lib/systemd/systemd,cf5,0.00,227,223,224,0,224
1791185123.96,other:/lib/systemd/systemd,cf4,10.00,230,223,224,0,224
1791185124.96,other:/lib/systemd/systemd,cf1,0.00,223,219,220,0,220
1791185124.96,other:/lib/systemd/systemd,cf2,10.00,220,211,212,0,212
1791185124.96,other:/lib/systemd/systemd,cf3,10.00,223,219,220,0,220
1791185124.96,other:/lib/systemd/systemd,cf5,0.00,224,219,220,0,220
1791185124.96,other:/lib/systemd/systemd,cf4,10.00,225,212,212,0,212
1791185125.96,other:/lib/systemd/systemd,cf1,0.00,226,221,221,0,221
1791185125.96,other:/lib/systemd/systemd,cf2,10.00,206,193,194,0,194
1791185125.96,other:/lib/systemd/systemd,cf3,10.00,175,165,166,0,166
1791185125.96,other:/lib/systemd/systemd,cf5,0.00,228,223,224,0,224
1791185125.96,other:/lib/systemd/systemd,cf4,10.00,225,212,214,0,214
1791185126.96,other:/lib/systemd/systemd,cf1,0.00,105,69,71,0,71
1791185126.96,other:/lib/systemd/systemd,cf2,8.80,95,44,44,1,44
1791185126.96,other:/lib/systemd/systemd,cf3,8.60,70,9,9,1,9
1791185126.96,other:/lib/systemd/systemd,cf5,0.00,155,135,135,1,135
1791185126.96,other:/lib/systemd/systemd,cf4,8.60,172,138,138,1,138
1791185127.96,other:/lib/systemd/systemd,cf1,0.00,70,15,15,1,15
1791185127.96,other:/lib/systemd/systemd,cf2,10.00,81,21,22,0,22
1791185127.96,other:/lib/systemd/systemd,cf3,10.00,109,75,76,18446744073709551615,76
1791185127.96,other:/lib/systemd/systemd,cf5,0.00,70,15,17,18446744073709551615,17
1791185127.96,other:/lib/systemd/systemd,cf4,10.00,70,8,9,18446744073709551615,9
1791185128.96,other:/lib/systemd/systemd,cf1,0.00,153,131,132,0,132
1791185128.96,other:/lib/systemd/systemd,cf2,10.00,165,139,141,18446744073709551615,141
1791185128.96,other:/lib/systemd/systemd,cf3,10.00,172,149,151,0,151
1791185128.96,other:/lib/systemd/systemd,cf5,0.00,118,82,83,0,83
1791185128.96,other:/lib/systemd/systemd,cf4,10.00,110,57,59,0,59
1791185129.96,other:/lib/systemd/systemd,cf1,0.00,165,140,142,18446744073709551615,142
1791185129.96,other:/lib/systemd/systemd,cf2,9.80,149,124,124,1,124
1791185129.96,other:/lib/systemd/systemd,cf3,10.00,124,94,95,0,95
1791185129.96,other:/lib/systemd/systemd,cf5,0.00,166,148,149,0,149
1791185129.96,other:/lib/systemd/systemd,cf4,9.80,173,140,140,1,140
1791185130.96,other:/lib/systemd/systemd,cf1,0.00,98,66,67,0,67
1791185130.96,other:/lib/systemd/systemd,cf2,10.20,104,57,59,18446744073709551615,59
1791185130.96,other:/lib/systemd/systemd,cf3,10.00,123,106,106,1,106
1791185130.96,other:/lib/systemd/systemd,cf5,0.00,125,88,89,0,89
1791185130.96,other:/lib/systemd/systemd,cf4,10.20,122,71,72,18446744073709551615,72
1791185131.96,other:/lib/systemd/systemd,cf1,0.00,132,110,110,1,110
1791185131.96,other:/lib/systemd/systemd,cf2,11.20,127,94,94,1,94
1791185131.96,other:/lib/systemd/systemd,cf3,11.40,115,104,106,18446744073709551615,106
1791185131.96,other:/lib/systemd/systemd,cf5,0.00,124,92,92,1,92
1791185131.96,other:/lib/systemd/systemd,cf4,11.40,122,67,68,0,68
1791185132.96,other:/lib/systemd/systemd,cf1,0.00,104,74,76,18446744073709551615,76
1791185132.96,other:/lib/systemd/systemd,cf2,9.80,102,52,54,18446744073709551615,54
1791185132.96,other:/lib/systemd/systemd,cf3,10.00,95,91,91,0,91
1791185132.96,other:/lib/systemd/systemd,cf5,0.00,111,55,56,18446744073709551615,56
1791185132.96,other:/lib/systemd/systemd,cf4,9.80,116,51,52,1,52
1791185133.96,other:/lib/systemd/systemd,cf1,0.00,102,84,85,0,85
1791185133.96,other:/lib/systemd/systemd,cf2,9.80,104,49,49,1,49
1791185133.96,other:/lib/systemd/systemd,cf3,10.00,102,94,96,0,96
1791185133.96,other:/lib/systemd/systemd,cf5,0.00,98,23,24,1,24
1791185133.96,other:/lib/systemd/systemd,cf4,9.80,96,19,20,0,20
1791185134.96,other:/lib/systemd/systemd,cf1,0.00,100,84,84,1,84
1791185134.96,other:/lib/systemd/systemd,cf2,10.00,101,47,48,0,48
1791185134.96,other:/lib/systemd/systemd,cf3,10.00,109,104,105,0,105
1791185134.96,other:/lib/systemd/systemd,cf5,0.00,101,32,33,0,33
1791185134.96,other:/lib/systemd/systemd,cf4,9.80,101,24,25,0,25
1791185135.96,other:/lib/systemd/systemd,cf1,0.00,125,111,113,18446744073709551615,113
1791185135.96,other:/lib/systemd/systemd,cf2,10.00,126,71,72,18446744073709551615,72
1791185135.96,other:/lib/systemd/systemd,cf3,10.00,109,104,105,0,105
1791185135.96,other:/lib/systemd/systemd,cf5,0.00,110,53,54,0,54
1791185135.96,other:/lib/systemd/systemd,cf4,10.00,108,17,18,18446744073709551615,18
1791185136.96,other:/lib/systemd/systemd,cf1,0.00,113,102,103,0,103
1791185136.96,other:/lib/systemd/systemd,cf2,10.00,129,90,92,0,92
1791185136.96,other:/lib/systemd/systemd,cf3,9.80,126,95,96,0,96
1791185136.96,other:/lib/systemd/systemd,cf5,0.00,127,86,88,18446744073709551615,88
1791185136.96,other:/lib/systemd/systemd,cf4,9.60,129,55,56,1,56
1791185137.96,other:/lib/systemd/systemd,cf1,0.00,119,104,104,0,104
1791185137.96,other:/lib/systemd/systemd,cf2,10.00,103,69,69,0,69
1791185137.96,other:/lib/systemd/systemd,cf3,10.00,92,45,46,0,46
1791185137.96,other:/lib/systemd/systemd,cf5,0.00,124,73,73,1,73
1791185137.96,other:/lib/systemd/systemd,cf4,10.00,126,62,63,0,63
1791185138.96,other:/lib/systemd/systemd,cf1,0.00,89,60,61,1,61
1791185138.96,other:/lib/systemd/systemd,cf2,10.20,93,39,41,0,41
1791185138.96,other:/lib/systemd/systemd,cf3,10.00,112,72,73,0,73
1791185138.96,other:/lib/systemd/systemd,cf5,0.00,91,40,42,18446744073709551615,42
1791185138.96,other:/lib/systemd/systemd,cf4,10.20,91,20,21,18446744073709551615,21
1791185139.96,other:/lib/systemd/systemd,cf1,0.00,131,105,107,18446744073709551615,107
1791185139.96,other:/lib/systemd/systemd,cf2,10.20,124,96,97,0,97
1791185139.96,other:/lib/systemd/systemd,cf3,10.00,112,72,73,0,73
1791185139.96,other:/lib/systemd/systemd,cf5,0.00,114,77,78,0,78
1791185139.96,other:/lib/systemd/systemd,cf4,10.40,113,54,55,1,55
1791185140.96,other:/lib/systemd/systemd,cf1,0.00,143,122,123,0,123
1791185140.96,other:/lib/systemd/systemd,cf2,10.00,168,154,154,0,154
1791185140.96,other:/lib/systemd/systemd,cf3,10.00,122,93,94,0,94
1791185140.96,other:/lib/systemd/systemd,cf5,0.00,128,95,96,0,96
1791185140.96,other:/lib/systemd/systemd,cf4,10.00,121,75,76,18446744073709551615,76
1791185141.96,other:/lib/systemd/systemd,cf1,0.00,237,235,235,0,235
1791185141.96,other:/lib/systemd/systemd,cf2,10.00,231,228,229,0,229
1791185141.96,other:/lib/systemd/systemd,cf3,10.20,206,195,196,0,196
1791185141.96,other:/lib/systemd/systemd,cf5,0.00,218,211,212,0,212
1791185141.96,other:/lib/systemd/systemd,cf4,10.40,209,185,186,0,186
1791185142.96,other:/lib/systemd/systemd,cf1,0.00,197,188,190,0,190
1791185142.96,other:/lib/systemd/systemd,cf2,10.00,176,153,154,1,154
1791185142.96,other:/lib/systemd/systemd,cf3,10.00,212,205,206,0,206
1791185142.96,other:/lib/systemd/systemd,cf5,0.00,207,204,205,0,205
1791185142.96,other:/lib/systemd/systemd,cf4,10.20,212,192,193,0,193
1791185143.96,other:/lib/systemd/systemd,cf1,0.00,120,83,83,1,83
1791185143.96,other:/lib/systemd/systemd,cf2,9.80,120,80,81,0,81
1791185143.96,other:/lib/systemd/systemd,cf3,10.00,144,118,119,0,119
1791185143.96,other:/lib/systemd/systemd,cf5,0.00,133,108,109,0,109
1791185143.96,other:/lib/systemd/systemd,cf4,10.00,142,96,97,1,97
1791185144.96,other:/lib/systemd/systemd,cf1,0.00,118,93,94,0,94
1791185144.96,other:/lib/systemd/systemd,cf2,9.80,118,84,85,0,85
1791185144.96,other:/lib/systemd/systemd,cf3,10.00,119,84,85,0,85
1791185144.96,other:/lib/systemd/systemd,cf5,0.00,128,109,109,0,109
1791185144.96,other:/lib/systemd/systemd,cf4,9.80,121,68,69,18446744073709551615,69
1791185145.96,other:/lib/systemd/systemd,cf1,0.00,100,70,72,18446744073709551615,72
1791185145.96,other:/lib/systemd/systemd,cf2,9.60,106,53,54,0,54
1791185145.96,other:/lib/systemd/systemd,cf3,10.00,121,101,102,0,102
1791185145.96,other:/lib/systemd/systemd,cf5,0.00,110,78,80,0,80
1791185145.96,other:/lib/systemd/systemd,cf4,9.80,119,35,36,0,36
1791185146.96,other:/lib/systemd/systemd,cf1,0.00,114,88,88,0,88
1791185146.96,other:/lib/systemd/systemd,cf2,9.80,116,64,65,0,65
1791185146.96,other:/lib/systemd/systemd,cf3,10.00,109,96,97,0,97
1791185146.96,other:/lib/systemd/systemd,cf5,0.00,113,65,66,0,66
1791185146.96,other:/lib/systemd/systemd,cf4,9.80,109,22,24,0,24
1791185147.96,other:/lib/systemd/systemd,cf1,0.00,131,108,110,0,110
1791185147.96,other:/lib/systemd/systemd,cf2,10.20,128,93,95,18446744073709551615,95
1791185147.96,other:/lib/systemd/systemd,cf3,10.00,113,108,109,0,109
1791185147.96,other:/lib/systemd/systemd,cf5,0.00,112,54,54,0,54
1791185147.96,other:/lib/systemd/systemd,cf4,9.80,113,32,32,1,32
1791185148.96,other:/lib/systemd/systemd,cf1,0.00,119,106,107,0,107
1791185148.96,other:/lib/systemd/systemd,cf2,10.20,118,92,92,1,92
1791185148.96,other:/lib/systemd/systemd,cf3,10.00,139,134,135,0,135
1791185148.96,other:/lib/systemd/systemd,cf5,0.00,136,98,100,0,100
1791185148.96,other:/lib/systemd/systemd,cf4,10.00,138,62,63,18446744073709551615,63
1791185149.96,other:/lib/systemd/systemd,cf1,0.00,135,121,122,0,122
1791185149.96,other:/lib/systemd/systemd,cf2,10.00,136,111,113,18446744073709551615,113
1791185149.96,other:/lib/systemd/systemd,cf3,10.00,117,107,108,0,108
1791185149.96,other:/lib/systemd/systemd,cf5,0.00,124,70,71,0,71
1791185149.96,other:/lib/systemd/systemd,cf4,9.60,121,44,46,0,46
1791185150.96,other:/lib/systemd/systemd,cf1,0.00,131,124,125,0,125
1791185150.96,other:/lib/systemd/systemd,cf2,10.40,130,103,104,0,104
1791185150.96,other:/lib/systemd/systemd,cf3,10.00,133,113,114,0,114
1791185150.96,other:/lib/systemd/systemd,cf5,0.00,133,112,113,0,113
1791185150.96,other:/lib/systemd/systemd,cf4,9.60,130,42,42,0,42
1791185151.96,other:/lib/systemd/systemd,cf1,0.00,111,96,97,0,97
1791185151.96,other:/lib/systemd/systemd,cf2,9.80,109,73,74,0,74
1791185151.96,other:/lib/systemd/systemd,cf3,10.00,126,109,110,0,110
1791185151.96,other:/lib/systemd/systemd,cf5,0.00,122,89,89,1,89
1791185151.96,other:/lib/systemd/systemd,cf4,9.20,126,33,34,1,34
1791185152.96,other:/lib/systemd/systemd,cf1,0.00,96,71,72,0,72
1791185152.96,other:/lib/systemd/systemd,cf2,10.00,98,34,35,0,35
1791185152.96,other:/lib/systemd/systemd,cf3,10.00,103,98,99,0,99
1791185152.96,other:/lib/systemd/systemd,cf5,0.00,102,34,35,0,35
1791185152.96,other:/lib/systemd/systemd,cf4,8.80,103,21,22,0,22
1791185153.96,other:/lib/systemd/systemd,cf1,0.00,106,83,84,0,84
1791185153.96,other:/lib/systemd/systemd,cf2,10.00,105,58,59,0,59
1791185153.96,other:/lib/systemd/systemd,cf3,10.00,106,71,72,0,72
1791185153.96,other:/lib/systemd/systemd,cf5,0.00,105,89,91,18446744073709551615,91
1791185153.96,other:/lib/systemd/systemd,cf4,8.00,106,13,14,0,14
1791185154.96,other:/lib/systemd/systemd,cf1,0.00,112,93,94,0,94
1791185154.96,other:/lib/systemd/systemd,cf2,10.00,113,91,91,0,91
1791185154.96,other:/lib/systemd/systemd,cf3,10.00,103,73,74,0,74
1791185154.96,other:/lib/systemd/systemd,cf5,0.00,103,44,44,1,44
1791185154.96,other:/lib/systemd/systemd,cf4,9.40,103,10,11,0,11
1791185155.96,other:/lib/systemd/systemd,cf1,0.00,141,122,122,1,122
1791185155.96,other:/lib/systemd/systemd,cf2,9.80,142,127,128,1,128
1791185155.96,other:/lib/systemd/systemd,cf3,10.00,117,115,116,0,116
1791185155.96,other:/lib/systemd/systemd,cf5,0.00,125,63,64,0,64
1791185155.96,other:/lib/systemd/systemd,cf4,10.60,118,24,25,18446744073709551615,25
1791185156.96,other:/lib/systemd/systemd,cf1,0.00,109,85,87,18446744073709551615,87
1791185156.96,other:/lib/systemd/systemd,cf2,10.20,104,53,55,18446744073709551615,55
1791185156.96,other:/lib/systemd/systemd,cf3,10.00,139,136,137,0,137
1791185156.96,other:/lib/systemd/systemd,cf5,0.00,131,88,89,18446744073709551615,89
1791185156.96,other:/lib/systemd/systemd,cf4,10.40,138,64,65,1,65
1791185157.96,other:/lib/systemd/systemd,cf1,0.00,91,55,56,0,56
1791185157.96,other:/lib/systemd/systemd,cf2,10.00,91,32,32,1,32
1791185157.96,other:/lib/systemd/systemd,cf3,10.00,98,84,85,0,85
1791185157.96,other:/lib/systemd/systemd,cf5,0.00,98,39,40,1,40
1791185157.96,other:/lib/systemd/systemd,cf4,10.20,98,16,17,18446744073709551615,17
1791185158.96,other:/lib/systemd/systemd,cf1,0.00,92,65,65,0,65
1791185158.96,other:/lib/systemd/systemd,cf2,9.60,91,28,29,0,29
1791185158.96,other:/lib/systemd/systemd,cf3,9.60,93,86,87,0,87
1791185158.96,other:/lib/systemd/systemd,cf5,0.00,92,22,23,0,23
1791185158.96,other:/lib/systemd/systemd,cf4,9.40,94,11,12,1,12
1791185159.96,other:/lib/systemd/systemd,cf1,0.00,91,69,70,0,70
1791185159.96,other:/lib/systemd/systemd,cf2,9.80,92,37,38,0,38
1791185159.96,other:/lib/systemd/systemd,cf3,10.00,91,43,43,1,43
1791185159.96,other:/lib/systemd/systemd,cf5,0.00,92,63,65,18446744073709551615,65
1791185159.96,other:/lib/systemd/systemd,cf4,7.60,90,4,5,0,5
1791185160.96,other:/lib/systemd/systemd,cf1,0.00,83,34,35,0,35
1791185160.96,other:/lib/systemd/systemd,cf2,9.40,82,17,18,0,18
1791185160.96,other:/lib/systemd/systemd,cf3,10.00,87,47,49,18446744073709551615,49
1791185160.96,other:/lib/systemd/systemd,cf5,0.00,84,32,32,1,32
1791185160.96,other:/lib/systemd/systemd,cf4,4.80,87,7,8,0,8
1791185161.96,other:/lib/systemd/systemd,cf1,0.00,88,59,61,0,61
1791185161.96,other:/lib/systemd/systemd,cf2,9.80,90,32,33,0,33
1791185161.96,other:/lib/systemd/systemd,cf3,10.00,81,54,55,0,55
1791185161.96,other:/lib/systemd/systemd,cf5,0.00,83,21,22,0,22
1791185161.96,other:/lib/systemd/systemd,cf4,5.00,81,4,5,0,5
1791185162.96,other:/lib/systemd/systemd,cf1,0.00,99,77,78,0,78
1791185162.96,other:/lib/systemd/systemd,cf2,9.80,100,55,56,0,56
1791185162.96,other:/lib/systemd/systemd,cf3,9.80,90,72,73,0,73
1791185162.96,other:/lib/systemd/systemd,cf5,0.00,92,31,32,18446744073709551615,32
1791185162.96,other:/lib/systemd/systemd,cf4,6.00,91,15,16,0,16
1791185163.96,other:/lib/systemd/systemd,cf1,0.00,105,90,91,0,91
1791185163.96,other:/lib/systemd/systemd,cf2,10.20,105,70,71,0,71
1791185163.96,other:/lib/systemd/systemd,cf3,10.40,106,93,93,1,93
1791185163.96,other:/lib/systemd/systemd,cf5,0.00,106,38,39,0,39
1791185163.96,other:/lib/systemd/systemd,cf4,8.40,105,18,20,18446744073709551615,20
1791185164.96,other:/lib/systemd/systemd,cf1,0.00,112,102,103,0,103
1791185164.96,other:/lib/systemd/systemd,cf2,10.20,112,80,81,18446744073709551615,81
1791185164.96,other:/lib/systemd/systemd,cf3,10.00,112,105,107,18446744073709551615,107
1791185164.96,other:/lib/systemd/systemd,cf5,0.00,111,42,43,1,43
1791185164.96,other:/lib/systemd/systemd,cf4,9.20,112,24,24,1,24
1791185165.96,other:/lib/systemd/systemd,cf1,0.00,104,78,79,0,79
1791185165.96,other:/lib/systemd/systemd,cf2,10.60,103,54,56,0,56
1791185165.96,other:/lib/systemd/systemd,cf3,10.00,108,106,106,0,106
1791185165.96,other:/lib/systemd/systemd,cf5,0.00,108,51,52,0,52
1791185165.96,other:/lib/systemd/systemd,cf4,9.60,108,16,17,18446744073709551615,17
1791185166.96,other:/lib/systemd/systemd,cf1,0.00,100,87,87,0,87
1791185166.96,other:/lib/systemd/systemd,cf2,10.20,100,57,57,1,57
1791185166.96,other:/lib/systemd/systemd,cf3,10.00,102,97,99,0,99
1791185166.96,other:/lib/systemd/systemd,cf5,0.00,102,40,41,0,41
1791185166.96,other:/lib/systemd/systemd,cf4,9.00,102,6,7,0,7
1791185167.96,other:/lib/systemd/systemd,cf1,0.00,108,97,99,0,99
1791185167.96,other:/lib/systemd/systemd,cf2,10.00,107,64,66,18446744073709551615,66
1791185167.96,other:/lib/systemd/systemd,cf3,10.20,103,69,69,0,69
1791185167.96,other:/lib/systemd/systemd,cf5,0.00,105,64,66,18446744073709551615,66
1791185167.96,other:/lib/systemd/systemd,cf4,8.00,104,9,10,1,10
1791185168.96,other:/lib/systemd/systemd,cf1,0.00,116,111,112,0,112
1791185168.96,other:/lib/systemd/systemd,cf2,10.00,121,99,99,0,99
1791185168.96,other:/lib/systemd/systemd,cf3,10.00,109,64,65,0,65
1791185168.96,other:/lib/systemd/systemd,cf5,0.00,113,96,97,0,97
1791185168.96,other:/lib/systemd/systemd,cf4,7.20,109,11,13,18446744073709551615,13
1791185169.96,other:/lib/systemd/systemd,cf1,0.00,119,116,117,0,117
1791185169.96,other:/lib/systemd/systemd,cf2,10.00,118,95,97,0,97
1791185169.96,other:/lib/systemd/systemd,cf3,10.00,122,52,54,0,54
1791185169.96,other:/lib/systemd/systemd,cf5,0.00,118,113,114,0,114
1791185169.96,other:/lib/systemd/systemd,cf4,7.40,121,18,18,1,18
1791185170.96,other:/lib/systemd/systemd,cf1,0.00,119,117,118,0,118
1791185170.96,other:/lib/systemd/systemd,cf2,10.00,116,93,94,0,94
1791185170.96,other:/lib/systemd/systemd,cf3,9.40,119,55,55,1,55
1791185170.96,other:/lib/systemd/systemd,cf5,0.00,119,113,114,0,114
1791185170.96,other:/lib/systemd/systemd,cf4,9.00,119,16,17,18446744073709551615,17
1791185171.96,other:/lib/systemd/systemd,cf1,0.00,103,90,91,0,91
1791185171.96,other:/lib/systemd/systemd,cf2,10.00,104,75,76,0,76
1791185171.96,other:/lib/systemd/systemd,cf3,9.80,107,23,24,0,24
1791185171.96,other:/lib/systemd/systemd,cf5,0.00,106,90,91,0,91
1791185171.96,other:/lib/systemd/systemd,cf4,8.80,107,18,19,1,19
1791185172.96,other:/lib/systemd/systemd,cf1,0.00,117,107,108,0,108
1791185172.96,other:/lib/systemd/systemd,cf2,9.80,116,91,91,0,91
1791185172.96,other:/lib/systemd/systemd,cf3,9.80,112,48,49,18446744073709551615,49
1791185172.96,other:/lib/systemd/systemd,cf5,0.00,114,108,109,0,109
1791185172.96,other:/lib/systemd/systemd,cf4,8.40,114,6,8,18446744073709551615,8
1791185173.96,other:/lib/systemd/systemd,cf1,0.00,89,60,60,1,60
1791185173.96,other:/lib/systemd/systemd,cf2,10.00,84,28,29,0,29
1791185173.96,other:/lib/systemd/systemd,cf3,9.20,104,56,57,1,57
1791185173.96,other:/lib/systemd/systemd,cf5,0.00,99,84,84,0,84
1791185173.96,other:/lib/systemd/systemd,cf4,7.80,102,8,8,1,8
1791185174.96,other:/lib/systemd/systemd,cf1,0.00,92,45,46,0,46
1791185174.96,other:/lib/systemd/systemd,cf2,9.80,97,53,55,0,55
1791185174.96,other:/lib/systemd/systemd,cf3,9.60,81,16,17,0,17
1791185174.96,other:/lib/systemd/systemd,cf5,0.00,86,54,56,0,56
1791185174.96,other:/lib/systemd/systemd,cf4,7.60,83,14,16,18446744073709551615,16
1791185175.96,other:/lib/systemd/systemd,cf1,0.00,91,8,9,0,9
1791185175.96,other:/lib/systemd/systemd,cf2,10.00,92,48,48,1,48
1791185175.96,other:/lib/systemd/systemd,cf3,10.40,97,71,72,18446744073709551615,72
1791185175.96,other:/lib/systemd/systemd,cf5,0.00,93,71,72,0,72
1791185175.96,other:/lib/systemd/systemd,cf4,7.00,95,13,13,0,13
1791185176.96,other:/lib/systemd/systemd,cf1,0.00,95,14,15,0,15
1791185176.96,other:/lib/systemd/systemd,cf2,10.00,91,30,31,18446744073709551615,31
1791185176.96,other:/lib/systemd/systemd,cf3,10.20,95,64,65,1,65
1791185176.96,other:/lib/systemd/systemd,cf5,0.00,95,90,91,0,91
1791185176.96,other:/lib/systemd/systemd,cf4,10.40,95,14,15,1,15
1791185177.96,other:/lib/systemd/systemd,cf1,0.00,115,53,55,18446744073709551615,55
1791185177.96,other:/lib/systemd/systemd,cf2,10.00,129,98,99,0,99
1791185177.96,other:/lib/systemd/systemd,cf3,10.20,100,85,86,18446744073709551615,86
1791185177.96,other:/lib/systemd/systemd,cf5,0.00,103,94,95,0,95
1791185177.96,other:/lib/systemd/systemd,cf4,15.00,101,34,35,0,35
1791185178.96,other:/lib/systemd/systemd,cf1,0.00,118,29,29,1,29
1791185178.96,other:/lib/systemd/systemd,cf2,10.00,110,72,73,1,73
1791185178.96,other:/lib/systemd/systemd,cf3,10.80,129,126,128,0,128
1791185178.96,other:/lib/systemd/systemd,cf5,0.00,128,125,126,0,126
1791185178.96,other:/lib/systemd/systemd,cf4,15.80,129,49,51,18446744073709551615,51
1791185179.96,other:/lib/systemd/systemd,cf1,0.00,116,32,33,18446744073709551615,33
1791185179.96,other:/lib/systemd/systemd,cf2,10.20,130,104,106,18446744073709551615,106
1791185179.96,other:/lib/systemd/systemd,cf3,10.40,107,105,106,0,106
1791185179.96,other:/lib/systemd/systemd,cf5,0.00,108,107,108,0,108
1791185179.96,other:/lib/systemd/systemd,cf4,19.40,106,19,19,1,19
1791185180.96,other:/lib/systemd/systemd,cf1,0.00,159,62,63,1,63
1791185180.96,other:/lib/systemd/systemd,cf2,10.00,162,159,159,0,159
1791185180.96,other:/lib/systemd/systemd,cf3,10.20,145,141,142,0,142
1791185180.96,other:/lib/systemd/systemd,cf5,0.00,149,146,147,0,147
1791185180.96,other:/lib/systemd/systemd,cf4,19.80,146,105,107,18446744073709551615,107
1791185181.96,other:/lib/systemd/systemd,cf1,0.00,157,98,100,18446744073709551615,100
1791185181.96,other:/lib/systemd/systemd,cf2,10.00,150,123,124,0,124
1791185181.96,other:/lib/systemd/systemd,cf3,10.00,162,160,161,0,161
1791185181.96,other:/lib/systemd/systemd,cf5,0.00,172,165,166,0,166
1791185181.96,other:/lib/systemd/systemd,cf4,17.40,165,145,146,0,146
1791185182.96,other:/lib/systemd/systemd,cf1,0.00,144,85,85,0,85
1791185182.96,other:/lib/systemd/systemd,cf2,9.60,131,90,91,1,91
1791185182.96,other:/lib/systemd/systemd,cf3,10.00,136,134,135,0,135
1791185182.96,other:/lib/systemd/systemd,cf5,0.00,126,125,126,0,126
1791185182.96,other:/lib/systemd/systemd,cf4,13.40,132,78,78,1,78
1791185183.96,other:/lib/systemd/systemd,cf1,0.00,81,4,5,1,5
1791185183.96,other:/lib/systemd/systemd,cf2,9.80,82,17,18,0,18
1791185183.96,other:/lib/systemd/systemd,cf3,10.00,122,104,105,0,105
1791185183.96,other:/lib/systemd/systemd,cf5,0.00,114,95,95,1,95
1791185183.96,other:/lib/systemd/systemd,cf4,12.80,122,75,76,0,76
1791185184.96,other:/lib/systemd/systemd,cf1,0.00,83,0,0,1,0
1791185184.96,other:/lib/systemd/systemd,cf2,9.00,80,16,17,0,17
1791185184.96,other:/lib/systemd/systemd,cf3,10.00,84,58,59,0,59
1791185184.96,other:/lib/systemd/systemd,cf5,0.00,83,53,54,0,54
1791185184.96,other:/lib/systemd/systemd,cf4,8.00,84,14,15,0,15
1791185185.96,other:/lib/systemd/systemd,cf1,0.00,94,21,23,18446744073709551615,23
1791185185.96,other:/lib/systemd/systemd,cf2,9.60,94,35,37,18446744073709551615,37
1791185185.96,other:/lib/systemd/systemd,cf3,10.00,78,53,53,0,53
1791185185.96,other:/lib/systemd/systemd,cf5,0.00,79,61,62,0,62
1791185185.96,other:/lib/systemd/systemd,cf4,9.40,78,4,5,0,5
1791185186.96,other:/lib/systemd/systemd,cf1,0.00,87,13,15,18446744073709551615,15
1791185186.96,other:/lib/systemd/systemd,cf2,9.80,92,47,48,0,48
1791185186.96,other:/lib/systemd/systemd,cf3,10.00,93,69,71,0,71
1791185186.96,other:/lib/systemd/systemd,cf5,0.00,94,76,78,18446744073709551615,78
1791185186.96,other:/lib/systemd/systemd,cf4,10.00,94,31,32,0,32
1791185187.96,other:/lib/systemd/systemd,cf1,0.00,95,31,31,1,31
1791185187.96,other:/lib/systemd/systemd,cf2,10.20,89,36,36,1,36
1791185187.96,other:/lib/systemd/systemd,cf3,10.00,97,83,83,0,83
1791185187.96,other:/lib/systemd/systemd,cf5,0.00,96,76,76,1,76
1791185187.96,other:/lib/systemd/systemd,cf4,10.20,96,30,31,18446744073709551615,31
1791185188.96,other:/lib/systemd/systemd,cf1,0.00,82,21,22,18446744073709551615,22
1791185188.96,other:/lib/systemd/systemd,cf2,10.00,82,22,23,0,23
1791185188.96,other:/lib/systemd/systemd,cf3,9.80,87,54,56,0,56
1791185188.96,other:/lib/systemd/systemd,cf5,0.00,86,59,60,0,60
1791185188.96,other:/lib/systemd/systemd,cf4,10.00,87,23,24,1,24
1791185189.96,other:/lib/systemd/systemd,cf1,0.00,81,20,21,0,21
1791185189.96,other:/lib/systemd/systemd,cf2,10.80,83,31,32,0,32
1791185189.96,other:/lib/systemd/systemd,cf3,10.00,78,32,32,1,32
1791185189.96,other:/lib/systemd/systemd,cf5,0.00,79,46,48,18446744073709551615,48
1791185189.96,other:/lib/systemd/systemd,cf4,11.60,78,13,14,0,14
1791185190.96,other:/lib/systemd/systemd,cf1,0.00,87,14,15,1,15
1791185190.96,other:/lib/systemd/systemd,cf2,10.40,89,35,37,18446744073709551615,37
1791185190.96,other:/lib/systemd/systemd,cf3,10.00,83,50,52,18446744073709551615,52
1791185190.96,other:/lib/systemd/systemd,cf5,0.00,84,58,59,0,59
1791185190.96,other:/lib/systemd/systemd,cf4,10.40,83,18,20,18446744073709551615,20
1791185191.96,other:/lib/systemd/systemd,cf1,0.00,115,60,62,18446744073709551615,62
1791185191.96,other:/lib/systemd/systemd,cf2,10.20,128,96,97,0,97
1791185191.96,other:/lib/systemd/systemd,cf3,10.00,95,71,72,0,72
1791185191.96,other:/lib/systemd/systemd,cf5,0.00,96,73,74,0,74
1791185191.96,other:/lib/systemd/systemd,cf4,10.00,95,24,24,0,24
1791185192.96,other:/lib/systemd/systemd,cf1,0.00,174,125,126,0,126
1791185192.96,other:/lib/systemd/systemd,cf2,10.40,186,169,170,0,170
1791185192.96,other:/lib/systemd/systemd,cf3,10.00,150,145,146,0,146
1791185192.96,other:/lib/systemd/systemd,cf5,0.00,152,143,144,0,144
1791185192.96,other:/lib/systemd/systemd,cf4,10.40,150,107,108,1,108
1791185193.96,other:/lib/systemd/systemd,cf1,0.00,222,211,212,0,212
1791185193.96,other:/lib/systemd/systemd,cf2,10.20,198,182,183,0,183
1791185193.96,other:/lib/systemd/systemd,cf3,10.20,213,209,210,0,210
1791185193.96,other:/lib/systemd/systemd,cf5,0.00,225,221,222,0,222
1791185193.96,other:/lib/systemd/systemd,cf4,10.60,215,200,201,18446744073709551615,201
1791185194.96,other:/lib/systemd/systemd,cf1,0.00,132,71,72,0,72
1791185194.96,other:/lib/systemd/systemd,cf2,10.20,150,118,119,0,119
1791185194.96,other:/lib/systemd/systemd,cf3,10.00,157,147,147,0,147
1791185194.96,other:/lib/systemd/systemd,cf5,0.00,144,143,144,0,144
1791185194.96,other:/lib/systemd/systemd,cf4,10.60,156,110,111,1,111
1791185195.96,other:/lib/systemd/systemd,cf1,0.00,162,56,56,0,56
1791185195.96,other:/lib/systemd/systemd,cf2,10.00,142,127,127,0,127
1791185195.96,other:/lib/systemd/systemd,cf3,10.00,166,164,166,0,166
1791185195.96,other:/lib/systemd/systemd,cf5,0.00,172,171,172,0,172
1791185195.96,other:/lib/systemd/systemd,cf4,10.00,167,144,146,18446744073709551615,146
1791185196.96,other:/lib/systemd/systemd,cf1,0.00,152,72,74,0,74
1791185196.96,other:/lib/systemd/systemd,cf2,10.00,175,160,162,0,162
1791185196.96,other:/lib/systemd/systemd,cf3,10.00,126,119,120,0,120
1791185196.96,other:/lib/systemd/systemd,cf5,0.00,127,125,125,0,125
1791185196.96,other:/lib/systemd/systemd,cf4,10.20,125,86,87,0,87
1791185197.96,other:/lib/systemd/systemd,cf1,0.00,218,203,204,0,204
1791185197.96,other:/lib/systemd/systemd,cf2,10.00,219,215,216,0,216
1791185197.96,other:/lib/systemd/systemd,cf3,10.00,209,208,209,0,209
1791185197.96,other:/lib/systemd/systemd,cf5,0.00,215,210,212,0,212
1791185197.96,other:/lib/systemd/systemd,cf4,10.00,210,202,203,0,203
1791185198.96,other:/lib/systemd/systemd,cf1,0.00,204,188,189,0,189
1791185198.96,other:/lib/systemd/systemd,cf2,10.00,201,181,182,0,182
1791185198.96,other:/lib/systemd/systemd,cf3,10.00,226,223,224,0,224
1791185198.96,other:/lib/systemd/systemd,cf5,0.00,228,225,226,0,226
1791185198.96,other:/lib/systemd/systemd,cf4,10.20,226,220,220,0,220
1791185199.96,other:/lib/systemd/systemd,cf1,0.00,223,211,212,0,212
1791185199.96,other:/lib/systemd/systemd,cf2,10.00,224,219,220,0,220
1791185199.96,other:/lib/systemd/systemd,cf3,10.00,200,199,200,0,200
1791185199.96,other:/lib/systemd/systemd,cf5,0.00,201,201,201,0,201
1791185199.96,other:/lib/systemd/systemd,cf4,9.60,201,181,183,0,183
1791185200.96,other:/lib/systemd/systemd,cf1,0.00,188,160,160,1,160
1791185200.96,other:/lib/systemd/systemd,cf2,9.80,170,145,146,0,146
1791185200.96,other:/lib/systemd/systemd,cf3,10.00,197,197,197,0,197
1791185200.96,other:/lib/systemd/systemd,cf5,0.00,196,194,195,0,195
1791185200.96,other:/lib/systemd/systemd,cf4,10.00,197,168,169,0,169
1791185201.96,other:/lib/systemd/systemd,cf1,0.00,119,49,50,0,50
1791185201.96,other:/lib/systemd/systemd,cf2,9.80,122,55,56,0,56
1791185201.96,other:/lib/systemd/systemd,cf3,10.00,159,155,157,0,157
1791185201.96,other:/lib/systemd/systemd,cf5,0.00,142,140,142,0,142
1791185201.96,other:/lib/systemd/systemd,cf4,9.80,156,109,109,1,109
1791185202.96,other:/lib/systemd/systemd,cf1,0.00,165,127,129,18446744073709551615,129
1791185202.96,other:/lib/systemd/systemd,cf2,10.00,183,159,160,0,160
1791185202.96,other:/lib/systemd/systemd,cf3,10.00,139,134,135,0,135
1791185202.96,other:/lib/systemd/systemd,cf5,0.00,142,141,142,0,142
1791185202.96,other:/lib/systemd/systemd,cf4,9.60,139,79,80,18446744073709551615,80
1791185203.96,other:/lib/systemd/systemd,cf1,0.00,131,69,69,0,69
1791185203.96,other:/lib/systemd/systemd,cf2,9.80,109,51,51,0,51
1791185203.96,other:/lib/systemd/systemd,cf3,10.00,165,162,162,1,162
1791185203.96,other:/lib/systemd/systemd,cf5,0.00,163,158,159,0,159
1791185203.96,other:/lib/systemd/systemd,cf4,9.40,165,115,116,1,116
1791185204.96,other:/lib/systemd/systemd,cf1,0.00,111,37,38,1,38
1791185204.96,other:/lib/systemd/systemd,cf2,10.00,106,54,55,1,55
1791185204.96,other:/lib/systemd/systemd,cf3,10.00,104,98,99,0,99
1791185204.96,other:/lib/systemd/systemd,cf5,0.00,105,104,105,0,105
1791185204.96,other:/lib/systemd/systemd,cf4,10.40,104,23,24,0,24
1791185205.96,other:/lib/systemd/systemd,cf1,0.00,143,88,89,18446744073709551615,89
1791185205.96,other:/lib/systemd/systemd,cf2,10.20,150,117,118,0,118
1791185205.96,other:/lib/systemd/systemd,cf3,10.00,127,120,122,18446744073709551615,122
1791185205.96,other:/lib/systemd/systemd,cf5,0.00,134,126,127,0,127
1791185205.96,other:/lib/systemd/systemd,cf4,10.20,130,69,71,18446744073709551615,71
1791185206.96,other:/lib/systemd/systemd,cf1,0.00,134,18,19,1,19
1791185206.96,other:/lib/systemd/systemd,cf2,10.00,132,104,105,0,105
1791185206.96,other:/lib/systemd/systemd,cf3,10.00,136,131,132,0,132
1791185206.96,other:/lib/systemd/systemd,cf5,0.00,134,132,133,0,133
1791185206.96,other:/lib/systemd/systemd,cf4,9.80,134,98,99,0,99
1791185207.96,other:/lib/systemd/systemd,cf1,0.00,102,19,21,18446744073709551615,21
1791185207.96,other:/lib/systemd/systemd,cf2,9.80,106,55,57,18446744073709551615,57
1791185207.96,other:/lib/systemd/systemd,cf3,10.00,122,116,116,1,116
1791185207.96,other:/lib/systemd/systemd,cf5,0.00,112,99,99,0,99
1791185207.96,other:/lib/systemd/systemd,cf4,10.00,121,76,77,0,77
1791185208.96,other:/lib/systemd/systemd,cf1,0.00,147,87,87,1,87
1791185208.96,other:/lib/systemd/systemd,cf2,10.20,155,124,125,0,125
1791185208.96,other:/lib/systemd/systemd,cf3,10.00,110,88,89,18446744073709551615,89
1791185208.96,other:/lib/systemd/systemd,cf5,0.00,123,110,112,0,112
1791185208.96,other:/lib/systemd/systemd,cf4,10.60,112,62,63,0,63
1791185209.96,other:/lib/systemd/systemd,cf1,0.00,163,79,80,18446744073709551615,80
1791185209.96,other:/lib/systemd/systemd,cf2,10.00,151,130,130,1,130
1791185209.96,other:/lib/systemd/systemd,cf3,10.00,170,167,169,0,169
1791185209.96,other:/lib/systemd/systemd,cf5,0.00,170,167,168,0,168
1791185209.96,other:/lib/systemd/systemd,cf4,9.80,169,143,143,0,143
1791185210.96,other:/lib/systemd/systemd,cf1,0.00,150,90,92,0,92
1791185210.96,other:/lib/systemd/systemd,cf2,10.00,157,123,124,0,124
1791185210.96,other:/lib/systemd/systemd,cf3,10.00,148,144,144,0,144
1791185210.96,other:/lib/systemd/systemd,cf5,0.00,150,147,148,0,148
1791185210.96,other:/lib/systemd/systemd,cf4,9.80,148,116,117,1,117
1791185211.96,other:/lib/systemd/systemd,cf1,0.00,155,116,117,0,117
1791185211.96,other:/lib/systemd/systemd,cf2,10.20,166,129,131,18446744073709551615,131
1791185211.96,other:/lib/systemd/systemd,cf3,10.00,166,159,161,0,161
1791185211.96,other:/lib/systemd/systemd,cf5,0.00,158,156,157,0,157
1791185211.96,other:/lib/systemd/systemd,cf4,10.20,166,132,134,18446744073709551615,134
1791185212.96,other:/lib/systemd/systemd,cf1,0.00,156,95,95,1,95
1791185212.96,other:/lib/systemd/systemd,cf2,10.20,144,99,100,0,100
1791185212.96,other:/lib/systemd/systemd,cf3,10.00,167,166,166,0,166
1791185212.96,other:/lib/systemd/systemd,cf5,0.00,168,167,168,0,168
1791185212.96,other:/lib/systemd/systemd,cf4,10.40,167,132,132,1,132
1791185213.96,other:/lib/systemd/systemd,cf1,0.00,148,93,94,18446744073709551615,94
1791185213.96,other:/lib/systemd/systemd,cf2,9.80,141,100,100,1,100
1791185213.96,other:/lib/systemd/systemd,cf3,10.00,138,134,135,1,135
1791185213.96,other:/lib/systemd/systemd,cf5,0.00,139,138,138,0,138
1791185213.96,other:/lib/systemd/systemd,cf4,9.80,139,91,93,18446744073709551615,93
1791185214.96,other:/lib/systemd/systemd,cf1,0.00,149,99,101,0,101
1791185214.96,other:/lib/systemd/systemd,cf2,9.80,171,139,141,18446744073709551615,141
1791185214.96,other:/lib/systemd/systemd,cf3,10.00,140,129,130,0,130
1791185214.96,other:/lib/systemd/systemd,cf5,0.00,145,142,144,0,144
1791185214.96,other:/lib/systemd/systemd,cf4,10.00,138,84,84,0,84
1791185215.96,other:/lib/systemd/systemd,cf1,0.00,162,121,121,0,121
1791185215.96,other:/lib/systemd/systemd,cf2,10.00,159,120,120,0,120
1791185215.96,other:/lib/systemd/systemd,cf3,10.00,192,187,189,18446744073709551615,189
1791185215.96,other:/lib/systemd/systemd,cf5,0.00,180,177,178,0,178
1791185215.96,other:/lib/systemd/systemd,cf4,10.00,192,166,167,1,167
1791185216.96,other:/lib/systemd/systemd,cf1,0.00,188,157,158,1,158
1791185216.96,other:/lib/systemd/systemd,cf2,10.00,177,163,165,0,165
1791185216.96,other:/lib/systemd/systemd,cf3,10.00,155,149,149,0,149
1791185216.96,other:/lib/systemd/systemd,cf5,0.00,160,158,159,0,159
1791185216.96,other:/lib/systemd/systemd,cf4,10.00,155,115,116,18446744073709551615,116
1791185217.96,other:/lib/systemd/systemd,cf1,0.00,149,98,99,18446744073709551615,99
1791185217.96,other:/lib/systemd/systemd,cf2,10.00,149,138,139,0,139
1791185217.96,other:/lib/systemd/systemd,cf3,10.00,169,149,150,1,150
1791185217.96,other:/lib/systemd/systemd,cf5,0.00,167,163,164,0,164
1791185217.96,other:/lib/systemd/systemd,cf4,10.00,169,136,137,1,137
1791185218.96,other:/lib/systemd/systemd,cf1,0.00,153,120,122,0,122
1791185218.96,other:/lib/systemd/systemd,cf2,10.20,167,144,144,0,144
1791185218.96,other:/lib/systemd/systemd,cf3,10.00,144,82,83,0,83
1791185218.96,other:/lib/systemd/systemd,cf5,0.00,144,143,144,0,144
1791185218.96,other:/lib/systemd/systemd,cf4,10.20,146,110,112,18446744073709551615,112
1791185219.96,other:/lib/systemd/systemd,cf1,0.00,208,200,200,0,200
1791185219.96,other:/lib/systemd/systemd,cf2,10.00,190,167,169,0,169
1791185219.96,other:/lib/systemd/systemd,cf3,10.00,195,174,176,18446744073709551615,176
1791185219.96,other:/lib/systemd/systemd,cf5,0.00,206,205,206,0,206
1791185219.96,other:/lib/systemd/systemd,cf4,10.00,196,171,172,0,172
1791185220.96,other:/lib/systemd/systemd,cf1,0.00,132,104,106,0,106
1791185220.96,other:/lib/systemd/systemd,cf2,9.80,135,78,79,0,79
1791185220.96,other:/lib/systemd/systemd,cf3,10.00,148,135,136,0,136
1791185220.96,other:/lib/systemd/systemd,cf5,0.00,143,142,143,0,143
1791185220.96,other:/lib/systemd/systemd,cf4,10.00,147,85,85,0,85
1791185221.96,other:/lib/systemd/systemd,cf1,0.00,150,143,144,0,144
1791185221.96,other:/lib/systemd/systemd,cf2,10.00,150,92,92,0,92
1791185221.96,other:/lib/systemd/systemd,cf3,10.00,143,136,137,0,137
1791185221.96,other:/lib/systemd/systemd,cf5,0.00,142,140,140,0,140
1791185221.96,other:/lib/systemd/systemd,cf4,10.00,142,64,65,1,65
1791185222.96,other:/lib/systemd/systemd,cf1,0.00,114,87,88,0,88
1791185222.96,other:/lib/systemd/systemd,cf2,9.80,113,67,69,0,69
1791185222.96,other:/lib/systemd/systemd,cf3,10.00,139,120,121,0,121
1791185222.96,other:/lib/systemd/systemd,cf5,0.00,134,121,123,0,123
1791185222.96,other:/lib/systemd/systemd,cf4,9.60,138,81,82,0,82
1791185223.96,other:/lib/systemd/systemd,cf1,0.00,117,82,82,1,82
1791185223.96,other:/lib/systemd/systemd,cf2,10.00,110,54,54,0,54
1791185223.96,other:/lib/systemd/systemd,cf3,10.00,103,65,65,1,65
1791185223.96,other:/lib/systemd/systemd,cf5,0.00,101,81,82,0,82
1791185223.96,other:/lib/systemd/systemd,cf4,10.00,103,40,41,18446744073709551615,41
1791185224.96,other:/lib/systemd/systemd,cf1,0.00,177,158,160,18446744073709551615,160
1791185224.96,other:/lib/systemd/systemd,cf2,10.20,202,189,190,0,190
1791185224.96,other:/lib/systemd/systemd,cf3,10.00,146,125,127,18446744073709551615,127
1791185224.96,other:/lib/systemd/systemd,cf5,0.00,152,144,145,0,145
1791185224.96,other:/lib/systemd/systemd,cf4,10.20,147,113,115,0,115
1791185225.96,other:/lib/systemd/systemd,cf1,0.00,236,233,234,0,234
1791185225.96,other:/lib/systemd/systemd,cf2,10.20,235,229,231,0,231
1791185225.96,other:/lib/systemd/systemd,cf3,10.00,221,213,214,0,214
1791185225.96,other:/lib/systemd/systemd,cf5,0.00,232,230,231,0,231
1791185225.96,other:/lib/systemd/systemd,cf4,10.20,222,211,212,0,212
1791185226.96,other:/lib/systemd/systemd,cf1,0.00,226,224,224,0,224
1791185226.96,other:/lib/systemd/systemd,cf2,10.00,223,219,220,0,220
1791185226.96,other:/lib/systemd/systemd,cf3,10.00,234,232,233,0,233
1791185226.96,other:/lib/systemd/systemd,cf5,0.00,232,231,232,0,232
1791185226.96,other:/lib/systemd/systemd,cf4,10.20,233,229,229,0,229
1791185227.96,other:/lib/systemd/systemd,cf1,0.00,232,228,229,0,229
1791185227.96,other:/lib/systemd/systemd,cf2,10.20,232,228,228,0,228
1791185227.96,other:/lib/systemd/systemd,cf3,10.00,228,225,226,0,226
1791185227.96,other:/lib/systemd/systemd,cf5,0.00,232,231,232,0,232
1791185227.96,other:/lib/systemd/systemd,cf4,10.40,229,216,218,0,218
1791185228.96,other:/lib/systemd/systemd,cf1,0.00,225,219,220,0,220
1791185228.96,other:/lib/systemd/systemd,cf2,10.00,230,224,226,0,226
1791185228.96,other:/lib/systemd/systemd,cf3,10.00,220,216,217,0,217
1791185228.96,other:/lib/systemd/systemd,cf5,0.00,218,216,217,0,217
1791185228.96,other:/lib/systemd/systemd,cf4,9.80,220,211,211,0,211
1791185229.96,other:/lib/systemd/systemd,cf1,0.00,209,203,205,0,205
1791185229.96,other:/lib/systemd/systemd,cf2,10.00,200,194,194,0,194
1791185229.96,other:/lib/systemd/systemd,cf3,10.00,226,223,224,0,224
1791185229.96,other:/lib/systemd/systemd,cf5,0.00,223,220,221,0,221
1791185229.96,other:/lib/systemd/systemd,cf4,10.00,225,207,208,0,208
1791185230.96,other:/lib/systemd/systemd,cf1,0.00,213,208,209,0,209
1791185230.96,other:/lib/systemd/systemd,cf2,10.00,220,215,217,0,217
1791185230.96,other:/lib/systemd/systemd,cf3,10.00,200,194,195,0,195
1791185230.96,other:/lib/systemd/systemd,cf5,0.00,201,197,198,0,198
1791185230.96,other:/lib/systemd/systemd,cf4,10.00,201,159,161,0,161
1791185231.96,other:/lib/systemd/systemd,cf1,0.00,226,224,225,0,225
1791185231.96,other:/lib/systemd/systemd,cf2,10.00,226,222,223,0,223
1791185231.96,other:/lib/systemd/systemd,cf3,10.00,229,222,223,0,223
1791185231.96,other:/lib/systemd/systemd,cf5,0.00,227,222,223,0,223
1791185231.96,other:/lib/systemd/systemd,cf4,10.00,229,223,224,0,224
1791185232.96,other:/lib/systemd/systemd,cf1,0.00,223,219,219,0,219
1791185232.96,other:/lib/systemd/systemd,cf2,10.00,216,209,210,0,210
1791185232.96,other:/lib/systemd/systemd,cf3,10.00,227,224,225,0,225
1791185232.96,other:/lib/systemd/systemd,cf5,0.00,231,229,230,0,230
1791185232.96,other:/lib/systemd/systemd,cf4,10.00,227,217,218,0,218
1791185233.96,other:/lib/systemd/systemd,cf1,0.00,212,204,206,0,206
1791185233.96,other:/lib/systemd/systemd,cf2,10.00,222,214,215,0,215
1791185233.96,other:/lib/systemd/systemd,cf3,10.00,206,199,200,0,200
1791185233.96,other:/lib/systemd/systemd,cf5,0.00,208,200,201,0,201
1791185233.96,other:/lib/systemd/systemd,cf4,10.20,207,189,190,0,190
1791185234.96,other:/lib/systemd/systemd,cf1,0.00,239,237,238,0,238
1791185234.96,other:/lib/systemd/systemd,cf2,10.00,239,237,237,0,237
1791185234.96,other:/lib/systemd/systemd,cf3,10.00,231,228,229,0,229
1791185234.96,other:/lib/systemd/systemd,cf5,0.00,230,225,225,0,225
1791185234.96,other:/lib/systemd/systemd,cf4,10.00,231,225,226,0,226
1791185235.96,other:/lib/systemd/systemd,cf1,0.00,242,239,240,0,240
1791185235.96,other:/lib/systemd/systemd,cf2,10.00,240,235,237,0,237
1791185235.96,other:/lib/systemd/systemd,cf3,10.00,241,238,239,0,239
1791185235.96,other:/lib/systemd/systemd,cf5,0.00,243,238,240,0,240
1791185235.96,other:/lib/systemd/systemd,cf4,10.00,241,234,235,0,235
